phase,cell_id,slurm_job_id,slurm_array_task_id,partition,node,cpus,gpus,wall_seconds,status
design,1a1x_A_avnapsa_q+1,60979995,5,main,halk0065,4,,85.5,ok
design,1a1x_A_avnapsa_q+10,60979996,6,main,halk0066,4,,88.34,ok
design,1a1x_A_avnapsa_q+18,60979997,7,main,halk0072,4,,76.86,ok
design,1a1x_A_avnapsa_q-11,60979993,3,main,hal0357,4,,82.1,ok
design,1a1x_A_avnapsa_q-15,60979992,2,main,hal0352,4,,81.15,ok
design,1a1x_A_avnapsa_q-24,60979991,1,main,hal0358,4,,76.57,ok
design,1a1x_A_avnapsa_q-3,60979994,4,main,halk0065,4,,84.74,ok
design,1a1x_A_avnapsa_q-32,60979990,0,main,hal0342,4,,72.96,ok
design,1a1x_A_mpnn_halo_q+1,61246262,661,main,hal0132,4,,10.94,ok
design,1a1x_A_mpnn_halo_q+10,61246263,662,main,hal0132,4,,18.4,ok
design,1a1x_A_mpnn_halo_q+18,61246264,663,main,hal0132,4,,26.52,ok
design,1a1x_A_mpnn_halo_q-11,61246260,659,main,hal0132,4,,7.82,ok
design,1a1x_A_mpnn_halo_q-15,61246259,658,main,hal0132,4,,11.0,ok
design,1a1x_A_mpnn_halo_q-24,61246258,657,main,hal0131,4,,26.22,ok
design,1a1x_A_mpnn_halo_q-3,61246261,660,main,hal0132,4,,7.5,ok
design,1a1x_A_mpnn_halo_q-32,61246257,656,main,hal0131,4,,30.91,ok
design,1a1x_A_mpnn_hyper_q+1,61246060,461,main,hal0329,4,,6.69,ok
design,1a1x_A_mpnn_hyper_q+10,61246061,462,main,hal0331,4,,11.29,ok
design,1a1x_A_mpnn_hyper_q+18,61246062,463,main,hal0333,4,,14.63,ok
design,1a1x_A_mpnn_hyper_q-11,61246058,459,main,hal0320,4,,4.8,ok
design,1a1x_A_mpnn_hyper_q-15,61246057,458,main,hal0332,4,,8.17,ok
design,1a1x_A_mpnn_hyper_q-24,61246056,457,main,hal0326,4,,16.03,ok
design,1a1x_A_mpnn_hyper_q-3,61246059,460,main,hal0321,4,,4.49,ok
design,1a1x_A_mpnn_hyper_q-32,61246052,456,main,hal0326,4,,23.98,ok
design,1a1x_A_mpnn_soluble_hbond_protected_q+1,60554312,405,main-redhat,hal0323,4,,5.57,ok
design,1a1x_A_mpnn_soluble_hbond_protected_q+10,60554313,406,main-redhat,hal0325,4,,8.59,ok
design,1a1x_A_mpnn_soluble_hbond_protected_q+18,60554314,407,main-redhat,hal0325,4,,12.99,ok
design,1a1x_A_mpnn_soluble_hbond_protected_q-11,60554310,403,main-redhat,hal0323,4,,3.65,ok
design,1a1x_A_mpnn_soluble_hbond_protected_q-15,60554309,402,main-redhat,hal0312,4,,5.2,ok
design,1a1x_A_mpnn_soluble_hbond_protected_q-24,60554308,401,main-redhat,hal0312,4,,7.85,ok
design,1a1x_A_mpnn_soluble_hbond_protected_q-3,60554311,404,main-redhat,hal0323,4,,3.77,ok
design,1a1x_A_mpnn_soluble_hbond_protected_q-32,60554307,400,main-redhat,hal0312,4,,12.28,ok
design,1a1x_A_mpnn_soluble_q+1,60553908,5,main-redhat,hal0274,4,,8.76,ok
design,1a1x_A_mpnn_soluble_q+10,60553909,6,main-redhat,hal0274,4,,13.29,ok
design,1a1x_A_mpnn_soluble_q+18,60553910,7,main-redhat,hal0283,4,,17.22,ok
design,1a1x_A_mpnn_soluble_q-11,60553906,3,main-redhat,hal0272,4,,4.28,ok
design,1a1x_A_mpnn_soluble_q-15,60553905,2,main-redhat,hal0272,4,,6.49,ok
design,1a1x_A_mpnn_soluble_q-24,60553904,1,main-redhat,hal0272,4,,10.6,ok
design,1a1x_A_mpnn_soluble_q-3,60553907,4,main-redhat,hal0274,4,,5.6,ok
design,1a1x_A_mpnn_soluble_q-32,60553831,0,main-redhat,halk0086,4,,14.98,ok
design,1a1x_A_mpnn_vanilla_weights_q+1,60554112,205,main-redhat,halk0038,4,,5.54,ok
design,1a1x_A_mpnn_vanilla_weights_q+10,60554113,206,main-redhat,halk0038,4,,8.03,ok
design,1a1x_A_mpnn_vanilla_weights_q+18,60554114,207,main-redhat,halk0038,4,,12.37,ok
design,1a1x_A_mpnn_vanilla_weights_q-11,60554110,203,main-redhat,halk0038,4,,3.42,ok
design,1a1x_A_mpnn_vanilla_weights_q-15,60554109,202,main-redhat,halk0038,4,,5.12,ok
design,1a1x_A_mpnn_vanilla_weights_q-24,60554108,201,main-redhat,halk0038,4,,10.86,ok
design,1a1x_A_mpnn_vanilla_weights_q-3,60554111,204,main-redhat,halk0038,4,,4.18,ok
design,1a1x_A_mpnn_vanilla_weights_q-32,60554107,200,main-redhat,halk0038,4,,16.87,ok
design,1a1x_A_random_control_q+1,60560443,25,main-redhat,hal0283,1,,0.0003,ok
design,1a1x_A_random_control_q+10,60560443,25,main-redhat,hal0283,1,,0.0004,ok
design,1a1x_A_random_control_q+18,60560443,25,main-redhat,hal0283,1,,0.0004,ok
design,1a1x_A_random_control_q-11,60560443,25,main-redhat,hal0283,1,,0.0003,ok
design,1a1x_A_random_control_q-15,60560443,25,main-redhat,hal0283,1,,0.0003,ok
design,1a1x_A_random_control_q-24,60560443,25,main-redhat,hal0283,1,,0.0004,ok
design,1a1x_A_random_control_q-3,60560443,25,main-redhat,hal0283,1,,0.0003,ok
design,1a1x_A_random_control_q-32,60560443,25,main-redhat,hal0283,1,,0.0005,ok
design,1a1x_A_rosetta_hbond_off_q+1,61246464,405,main,hal0321,4,,490.94,ok
design,1a1x_A_rosetta_hbond_off_q+10,61246465,406,main,hal0329,4,,322.51,ok
design,1a1x_A_rosetta_hbond_off_q+18,61246466,407,main,hal0331,4,,509.55,ok
design,1a1x_A_rosetta_hbond_off_q-11,61246462,403,main,hal0318,4,,106.32,ok
design,1a1x_A_rosetta_hbond_off_q-15,61246461,402,main,hal0332,4,,139.34,ok
design,1a1x_A_rosetta_hbond_off_q-24,61246460,401,main,hal0326,4,,207.18,ok
design,1a1x_A_rosetta_hbond_off_q-3,61246463,404,main,hal0320,4,,495.3,ok
design,1a1x_A_rosetta_hbond_off_q-32,61246051,400,main,hal0318,4,,144.95,ok
design,1a1x_A_rosetta_q+1,60556090,205,main-redhat,hal0330,4,,227.86,ok
design,1a1x_A_rosetta_q+10,60556091,206,main-redhat,hal0330,4,,392.16,ok
design,1a1x_A_rosetta_q+18,60556092,207,main-redhat,hal0330,4,,200.39,ok
design,1a1x_A_rosetta_q-11,60556088,203,main-redhat,hal0330,4,,100.83,ok
design,1a1x_A_rosetta_q-15,60556087,202,main-redhat,hal0330,4,,152.42,ok
design,1a1x_A_rosetta_q-24,60556086,201,main-redhat,hal0330,4,,146.05,ok
design,1a1x_A_rosetta_q-3,60556089,204,main-redhat,hal0330,4,,335.32,ok
design,1a1x_A_rosetta_q-32,60556085,200,main-redhat,hal0330,4,,112.76,ok
design,1at0_A_avnapsa_q+21,60980004,14,main,halk0071,4,,102.1,ok
design,1at0_A_avnapsa_q+32,60980005,15,main,halk0071,4,,104.06,ok
design,1at0_A_avnapsa_q+4,60980002,12,main,halk0056,4,,97.42,ok
design,1at0_A_avnapsa_q+9,60980003,13,main,halk0056,4,,99.01,ok
design,1at0_A_avnapsa_q-13,60980000,10,main,halk0074,4,,96.25,ok
design,1at0_A_avnapsa_q-25,60979999,9,main,halk0074,4,,93.65,ok
design,1at0_A_avnapsa_q-36,60979998,8,main,halk0072,4,,77.96,ok
design,1at0_A_avnapsa_q-8,60980001,11,main,halk0074,4,,96.95,ok
design,1at0_A_mpnn_halo_q+21,61246271,670,main,hal0133,4,,28.12,ok
design,1at0_A_mpnn_halo_q+32,61246272,671,main,hal0133,4,,38.99,ok
design,1at0_A_mpnn_halo_q+4,61246269,668,main,hal0133,4,,9.99,ok
design,1at0_A_mpnn_halo_q+9,61246270,669,main,hal0133,4,,14.2,ok
design,1at0_A_mpnn_halo_q-13,61246267,666,main,hal0133,4,,14.48,ok
design,1at0_A_mpnn_halo_q-25,61246266,665,main,hal0132,4,,32.12,ok
design,1at0_A_mpnn_halo_q-36,61246265,664,main,hal0132,4,,34.09,ok
design,1at0_A_mpnn_halo_q-8,61246268,667,main,hal0133,4,,10.01,ok
design,1at0_A_mpnn_hyper_q+21,61246069,470,main,hal0330,4,,14.58,ok
design,1at0_A_mpnn_hyper_q+32,61246070,471,main,hal0330,4,,23.83,ok
design,1at0_A_mpnn_hyper_q+4,61246067,468,main,hal0330,4,,6.42,ok
design,1at0_A_mpnn_hyper_q+9,61246068,469,main,hal0330,4,,8.75,ok
design,1at0_A_mpnn_hyper_q-13,61246065,466,main,hal0330,4,,8.44,ok
design,1at0_A_mpnn_hyper_q-25,61246064,465,main,hal0330,4,,25.82,ok
design,1at0_A_mpnn_hyper_q-36,61246063,464,main,hal0330,4,,27.81,ok
design,1at0_A_mpnn_hyper_q-8,61246066,467,main,hal0330,4,,6.22,ok
design,1at0_A_mpnn_soluble_hbond_protected_q+21,60554321,414,main-redhat,hal0318,4,,11.91,ok
design,1at0_A_mpnn_soluble_hbond_protected_q+32,60554322,415,main-redhat,hal0318,4,,16.47,ok
design,1at0_A_mpnn_soluble_hbond_protected_q+4,60554319,412,main-redhat,hal0330,4,,4.82,ok
design,1at0_A_mpnn_soluble_hbond_protected_q+9,60554320,413,main-redhat,hal0330,4,,6.13,ok
design,1at0_A_mpnn_soluble_hbond_protected_q-13,60554317,410,main-redhat,hal0330,4,,5.91,ok
design,1at0_A_mpnn_soluble_hbond_protected_q-25,60554316,409,main-redhat,hal0330,4,,14.14,ok
design,1at0_A_mpnn_soluble_hbond_protected_q-36,60554315,408,main-redhat,hal0325,4,,24.76,ok
design,1at0_A_mpnn_soluble_hbond_protected_q-8,60554318,411,main-redhat,hal0330,4,,4.74,ok
design,1at0_A_mpnn_soluble_q+21,60553917,14,main-redhat,hal0273,4,,15.72,ok
design,1at0_A_mpnn_soluble_q+32,60553918,15,main-redhat,hal0273,4,,19.52,ok
design,1at0_A_mpnn_soluble_q+4,60553915,12,main-redhat,hal0283,4,,6.39,ok
design,1at0_A_mpnn_soluble_q+9,60553916,13,main-redhat,hal0273,4,,8.5,ok
design,1at0_A_mpnn_soluble_q-13,60553913,10,main-redhat,hal0283,4,,8.42,ok
design,1at0_A_mpnn_soluble_q-25,60553912,9,main-redhat,hal0283,4,,12.82,ok
design,1at0_A_mpnn_soluble_q-36,60553911,8,main-redhat,hal0283,4,,17.6,ok
design,1at0_A_mpnn_soluble_q-8,60553914,11,main-redhat,hal0283,4,,5.8,ok
design,1at0_A_mpnn_vanilla_weights_q+21,60554121,214,main-redhat,halk0040,4,,10.58,ok
design,1at0_A_mpnn_vanilla_weights_q+32,60554122,215,main-redhat,halk0040,4,,14.39,ok
design,1at0_A_mpnn_vanilla_weights_q+4,60554119,212,main-redhat,halk0040,4,,5.37,ok
design,1at0_A_mpnn_vanilla_weights_q+9,60554120,213,main-redhat,halk0040,4,,6.92,ok
design,1at0_A_mpnn_vanilla_weights_q-13,60554117,210,main-redhat,halk0040,4,,6.49,ok
design,1at0_A_mpnn_vanilla_weights_q-25,60554116,209,main-redhat,halk0040,4,,12.6,ok
design,1at0_A_mpnn_vanilla_weights_q-36,60554115,208,main-redhat,halk0040,4,,18.46,ok
design,1at0_A_mpnn_vanilla_weights_q-8,60554118,211,main-redhat,halk0040,4,,5.72,ok
design,1at0_A_random_control_q+21,60560469,26,main-redhat,hal0283,1,,0.0004,ok
design,1at0_A_random_control_q+32,60560469,26,main-redhat,hal0283,1,,0.0005,ok
design,1at0_A_random_control_q+4,60560469,26,main-redhat,hal0283,1,,0.0003,ok
design,1at0_A_random_control_q+9,60560469,26,main-redhat,hal0283,1,,0.0004,ok
design,1at0_A_random_control_q-13,60560469,26,main-redhat,hal0283,1,,0.0004,ok
design,1at0_A_random_control_q-25,60560469,26,main-redhat,hal0283,1,,0.0004,ok
design,1at0_A_random_control_q-36,60560469,26,main-redhat,hal0283,1,,0.0006,ok
design,1at0_A_random_control_q-8,60560469,26,main-redhat,hal0283,1,,0.0003,ok
design,1at0_A_rosetta_hbond_off_q+21,61246473,414,main,hal0330,4,,372.03,ok
design,1at0_A_rosetta_hbond_off_q+32,61246474,415,main,hal0330,4,,223.52,ok
design,1at0_A_rosetta_hbond_off_q+4,61246471,412,main,hal0330,4,,452.94,ok
design,1at0_A_rosetta_hbond_off_q+9,61246472,413,main,hal0330,4,,369.37,ok
design,1at0_A_rosetta_hbond_off_q-13,61246469,410,main,hal0330,4,,210.51,ok
design,1at0_A_rosetta_hbond_off_q-25,61246468,409,main,hal0330,4,,207.65,ok
design,1at0_A_rosetta_hbond_off_q-36,61246467,408,main,hal0333,4,,170.68,ok
design,1at0_A_rosetta_hbond_off_q-8,61246470,411,main,hal0330,4,,238.12,ok
design,1at0_A_rosetta_q+21,60556099,214,main-redhat,hal0319,4,,283.41,ok
design,1at0_A_rosetta_q+32,60556100,215,main-redhat,hal0319,4,,278.45,ok
design,1at0_A_rosetta_q+4,60556097,212,main-redhat,hal0319,4,,288.98,ok
design,1at0_A_rosetta_q+9,60556098,213,main-redhat,hal0319,4,,316.89,ok
design,1at0_A_rosetta_q-13,60556095,210,main-redhat,hal0330,4,,208.08,ok
design,1at0_A_rosetta_q-25,60556094,209,main-redhat,hal0330,4,,181.67,ok
design,1at0_A_rosetta_q-36,60556093,208,main-redhat,hal0330,4,,157.67,ok
design,1at0_A_rosetta_q-8,60556096,211,main-redhat,hal0319,4,,203.6,ok
design,1kll_A_avnapsa_q+1,60980011,21,main,halk0097,4,,79.77,ok
design,1kll_A_avnapsa_q+11,60980012,22,main,halk0097,4,,80.45,ok
design,1kll_A_avnapsa_q+21,60980013,23,main,halk0097,4,,82.52,ok
design,1kll_A_avnapsa_q-14,60980009,19,main,halk0038,4,,74.71,ok
design,1kll_A_avnapsa_q-19,60980008,18,main,halk0038,4,,74.3,ok
design,1kll_A_avnapsa_q-29,60980007,17,main,halk0038,4,,73.21,ok
design,1kll_A_avnapsa_q-39,60980006,16,main,halk0073,4,,73.03,ok
design,1kll_A_avnapsa_q-4,60980010,20,main,halk0097,4,,77.44,ok
design,1kll_A_mpnn_halo_q+1,61246278,677,main,hal0134,4,,15.58,ok
design,1kll_A_mpnn_halo_q+11,61246279,678,main,hal0134,4,,33.02,ok
design,1kll_A_mpnn_halo_q+21,61246280,679,main,hal0134,4,,44.63,ok
design,1kll_A_mpnn_halo_q-14,61246276,675,main,hal0134,4,,8.02,ok
design,1kll_A_mpnn_halo_q-19,61246275,674,main,hal0134,4,,16.72,ok
design,1kll_A_mpnn_halo_q-29,61246274,673,main,hal0133,4,,25.31,ok
design,1kll_A_mpnn_halo_q-39,61246273,672,main,hal0133,4,,33.06,ok
design,1kll_A_mpnn_halo_q-4,61246277,676,main,hal0134,4,,9.88,ok
design,1kll_A_mpnn_hyper_q+1,61246076,477,main,hal0338,4,,9.53,ok
design,1kll_A_mpnn_hyper_q+11,61246077,478,main,hal0344,4,,15.07,ok
design,1kll_A_mpnn_hyper_q+21,61246078,479,main,hal0344,4,,28.54,ok
design,1kll_A_mpnn_hyper_q-14,61246074,475,main,hal0341,4,,5.92,ok
design,1kll_A_mpnn_hyper_q-19,61246073,474,main,hal0330,4,,8.08,ok
design,1kll_A_mpnn_hyper_q-29,61246072,473,main,hal0330,4,,17.24,ok
design,1kll_A_mpnn_hyper_q-39,61246071,472,main,hal0330,4,,25.2,ok
design,1kll_A_mpnn_hyper_q-4,61246075,476,main,hal0338,4,,6.01,ok
design,1kll_A_mpnn_soluble_hbond_protected_q+1,60554328,421,main-redhat,hal0324,4,,7.07,ok
design,1kll_A_mpnn_soluble_hbond_protected_q+11,60554329,422,main-redhat,hal0324,4,,10.91,ok
design,1kll_A_mpnn_soluble_hbond_protected_q+21,60554330,423,main-redhat,hal0324,4,,16.65,ok
design,1kll_A_mpnn_soluble_hbond_protected_q-14,60554326,419,main-redhat,hal0318,4,,4.44,ok
design,1kll_A_mpnn_soluble_hbond_protected_q-19,60554325,418,main-redhat,hal0318,4,,6.29,ok
design,1kll_A_mpnn_soluble_hbond_protected_q-29,60554324,417,main-redhat,hal0318,4,,9.24,ok
design,1kll_A_mpnn_soluble_hbond_protected_q-39,60554323,416,main-redhat,hal0318,4,,13.96,ok
design,1kll_A_mpnn_soluble_hbond_protected_q-4,60554327,420,main-redhat,hal0318,4,,5.04,ok
design,1kll_A_mpnn_soluble_q+1,60553924,21,main-redhat,hal0280,4,,10.04,ok
design,1kll_A_mpnn_soluble_q+11,60553925,22,main-redhat,hal0280,4,,14.82,ok
design,1kll_A_mpnn_soluble_q+21,60553926,23,main-redhat,hal0280,4,,22.13,ok
design,1kll_A_mpnn_soluble_q-14,60553922,19,main-redhat,hal0273,4,,5.21,ok
design,1kll_A_mpnn_soluble_q-19,60553921,18,main-redhat,hal0273,4,,7.33,ok
design,1kll_A_mpnn_soluble_q-29,60553920,17,main-redhat,hal0273,4,,11.3,ok
design,1kll_A_mpnn_soluble_q-39,60553919,16,main-redhat,hal0273,4,,14.8,ok
design,1kll_A_mpnn_soluble_q-4,60553923,20,main-redhat,hal0280,4,,6.81,ok
design,1kll_A_mpnn_vanilla_weights_q+1,60554128,221,main-redhat,halk0040,4,,5.87,ok
design,1kll_A_mpnn_vanilla_weights_q+11,60554129,222,main-redhat,halk0100,4,,9.16,ok
design,1kll_A_mpnn_vanilla_weights_q+21,60554130,223,main-redhat,halk0100,4,,13.41,ok
design,1kll_A_mpnn_vanilla_weights_q-14,60554126,219,main-redhat,halk0040,4,,4.13,ok
design,1kll_A_mpnn_vanilla_weights_q-19,60554125,218,main-redhat,halk0040,4,,5.7,ok
design,1kll_A_mpnn_vanilla_weights_q-29,60554124,217,main-redhat,halk0040,4,,8.81,ok
design,1kll_A_mpnn_vanilla_weights_q-39,60554123,216,main-redhat,halk0040,4,,14.64,ok
design,1kll_A_mpnn_vanilla_weights_q-4,60554127,220,main-redhat,halk0040,4,,4.42,ok
design,1kll_A_random_control_q+1,60560470,27,main-redhat,hal0283,1,,0.0004,ok
design,1kll_A_random_control_q+11,60560470,27,main-redhat,hal0283,1,,0.0004,ok
design,1kll_A_random_control_q+21,60560470,27,main-redhat,hal0283,1,,0.0004,ok
design,1kll_A_random_control_q-14,60560470,27,main-redhat,hal0283,1,,0.0003,ok
design,1kll_A_random_control_q-19,60560470,27,main-redhat,hal0283,1,,0.0004,ok
design,1kll_A_random_control_q-29,60560470,27,main-redhat,hal0283,1,,0.0004,ok
design,1kll_A_random_control_q-39,60560470,27,main-redhat,hal0283,1,,0.0005,ok
design,1kll_A_random_control_q-4,60560470,27,main-redhat,hal0283,1,,0.0003,ok
design,1kll_A_rosetta_hbond_off_q+1,61246480,421,main,hal0251,4,,545.02,ok
design,1kll_A_rosetta_hbond_off_q+11,61246481,422,main,hal0255,4,,379.18,ok
design,1kll_A_rosetta_hbond_off_q+21,61246482,423,main,hal0256,4,,513.05,ok
design,1kll_A_rosetta_hbond_off_q-14,61246478,419,main,hal0330,4,,110.08,ok
design,1kll_A_rosetta_hbond_off_q-19,61246477,418,main,hal0330,4,,200.61,ok
design,1kll_A_rosetta_hbond_off_q-29,61246476,417,main,hal0330,4,,145.91,ok
design,1kll_A_rosetta_hbond_off_q-39,61246475,416,main,hal0330,4,,118.81,ok
design,1kll_A_rosetta_hbond_off_q-4,61246479,420,main,hal0250,4,,678.82,ok
design,1kll_A_rosetta_q+1,60556106,221,main-redhat,hal0319,4,,321.58,ok
design,1kll_A_rosetta_q+11,60556107,222,main-redhat,hal0319,4,,263.06,ok
design,1kll_A_rosetta_q+21,60556108,223,main-redhat,hal0319,4,,354.84,ok
design,1kll_A_rosetta_q-14,60556104,219,main-redhat,hal0319,4,,120.75,ok
design,1kll_A_rosetta_q-19,60556103,218,main-redhat,hal0319,4,,185.27,ok
design,1kll_A_rosetta_q-29,60556102,217,main-redhat,hal0319,4,,126.27,ok
design,1kll_A_rosetta_q-39,60556101,216,main-redhat,hal0319,4,,113.46,ok
design,1kll_A_rosetta_q-4,60556105,220,main-redhat,hal0319,4,,370.15,ok
design,1l8d_A_avnapsa_q+10,60981052,29,main,hal0357,4,,80.34,ok
design,1l8d_A_avnapsa_q+18,60980020,30,main,halk0036,4,,89.83,ok
design,1l8d_A_avnapsa_q+27,60980021,31,main,halk0036,4,,91.59,ok
design,1l8d_A_avnapsa_q+6,60981051,28,main,hal0357,4,,79.66,ok
design,1l8d_A_avnapsa_q-14,60980015,25,main,halk0036,4,,82.07,ok
design,1l8d_A_avnapsa_q-2,60981050,27,main,hal0357,4,,77.92,ok
design,1l8d_A_avnapsa_q-23,60980014,24,main,halk0097,4,,81.14,ok
design,1l8d_A_avnapsa_q-6,60980016,26,main,halk0036,4,,83.68,ok
design,1l8d_A_mpnn_halo_q+10,61246286,685,main,hal0135,4,,8.58,ok
design,1l8d_A_mpnn_halo_q+18,61246287,686,main,hal0135,4,,19.43,ok
design,1l8d_A_mpnn_halo_q+27,61246288,687,main,hal0135,4,,22.33,ok
design,1l8d_A_mpnn_halo_q+6,61246285,684,main,hal0135,4,,6.14,ok
design,1l8d_A_mpnn_halo_q-14,61246282,681,main,hal0134,4,,21.87,ok
design,1l8d_A_mpnn_halo_q-2,61246284,683,main,hal0135,4,,6.15,ok
design,1l8d_A_mpnn_halo_q-23,61246281,680,main,hal0134,4,,24.69,ok
design,1l8d_A_mpnn_halo_q-6,61246283,682,main,hal0135,4,,9.71,ok
design,1l8d_A_mpnn_hyper_q+10,61246084,485,main,hal0356,4,,6.9,ok
design,1l8d_A_mpnn_hyper_q+18,61246085,486,main,hal0358,4,,10.12,ok
design,1l8d_A_mpnn_hyper_q+27,61246086,487,main,hal0358,4,,13.68,ok
design,1l8d_A_mpnn_hyper_q+6,61246083,484,main,hal0356,4,,4.82,ok
design,1l8d_A_mpnn_hyper_q-14,61246080,481,main,hal0345,4,,10.5,ok
design,1l8d_A_mpnn_hyper_q-2,61246082,483,main,hal0354,4,,4.73,ok
design,1l8d_A_mpnn_hyper_q-23,61246079,480,main,hal0345,4,,18.85,ok
design,1l8d_A_mpnn_hyper_q-6,61246081,482,main,hal0354,4,,7.01,ok
design,1l8d_A_mpnn_soluble_hbond_protected_q+10,60554336,429,main-redhat,hal0333,4,,4.31,ok
design,1l8d_A_mpnn_soluble_hbond_protected_q+18,60554337,430,main-redhat,hal0333,4,,6.09,ok
design,1l8d_A_mpnn_soluble_hbond_protected_q+27,60554338,431,main-redhat,hal0333,4,,7.76,ok
design,1l8d_A_mpnn_soluble_hbond_protected_q+6,60554335,428,main-redhat,hal0324,4,,3.41,ok
design,1l8d_A_mpnn_soluble_hbond_protected_q-14,60554332,425,main-redhat,hal0324,4,,6.59,ok
design,1l8d_A_mpnn_soluble_hbond_protected_q-2,60554334,427,main-redhat,hal0324,4,,3.44,ok
design,1l8d_A_mpnn_soluble_hbond_protected_q-23,60554331,424,main-redhat,hal0324,4,,9.32,ok
design,1l8d_A_mpnn_soluble_hbond_protected_q-6,60554333,426,main-redhat,hal0324,4,,4.54,ok
design,1l8d_A_mpnn_soluble_q+10,60553932,29,main-redhat,hal0277,4,,5.69,ok
design,1l8d_A_mpnn_soluble_q+18,60553933,30,main-redhat,hal0253,4,,9.31,ok
design,1l8d_A_mpnn_soluble_q+27,60553934,31,main-redhat,hal0253,4,,12.86,ok
design,1l8d_A_mpnn_soluble_q+6,60553931,28,main-redhat,hal0277,4,,4.39,ok
design,1l8d_A_mpnn_soluble_q-14,60553928,25,main-redhat,hal0277,4,,9.7,ok
design,1l8d_A_mpnn_soluble_q-2,60553930,27,main-redhat,hal0277,4,,4.28,ok
design,1l8d_A_mpnn_soluble_q-23,60553927,24,main-redhat,hal0277,4,,12.47,ok
design,1l8d_A_mpnn_soluble_q-6,60553929,26,main-redhat,hal0277,4,,6.2,ok
design,1l8d_A_mpnn_vanilla_weights_q+10,60554136,229,main-redhat,halk0100,4,,4.51,ok
design,1l8d_A_mpnn_vanilla_weights_q+18,60554137,230,main-redhat,halk0100,4,,6.3,ok
design,1l8d_A_mpnn_vanilla_weights_q+27,60554138,231,main-redhat,halk0100,4,,8.27,ok
design,1l8d_A_mpnn_vanilla_weights_q+6,60554135,228,main-redhat,halk0100,4,,3.19,ok
design,1l8d_A_mpnn_vanilla_weights_q-14,60554132,225,main-redhat,halk0100,4,,6.82,ok
design,1l8d_A_mpnn_vanilla_weights_q-2,60554134,227,main-redhat,halk0100,4,,2.96,ok
design,1l8d_A_mpnn_vanilla_weights_q-23,60554131,224,main-redhat,halk0100,4,,8.08,ok
design,1l8d_A_mpnn_vanilla_weights_q-6,60554133,226,main-redhat,halk0100,4,,4.93,ok
design,1l8d_A_random_control_q+10,60560471,28,main-redhat,hal0283,1,,0.0004,ok
design,1l8d_A_random_control_q+18,60560471,28,main-redhat,hal0283,1,,0.0004,ok
design,1l8d_A_random_control_q+27,60560471,28,main-redhat,hal0283,1,,0.0004,ok
design,1l8d_A_random_control_q+6,60560471,28,main-redhat,hal0283,1,,0.0003,ok
design,1l8d_A_random_control_q-14,60560471,28,main-redhat,hal0283,1,,0.0004,ok
design,1l8d_A_random_control_q-2,60560471,28,main-redhat,hal0283,1,,0.0003,ok
design,1l8d_A_random_control_q-23,60560471,28,main-redhat,hal0283,1,,0.0005,ok
design,1l8d_A_random_control_q-6,60560471,28,main-redhat,hal0283,1,,0.0004,ok
design,1l8d_A_rosetta_hbond_off_q+10,61246488,429,main,hal0252,4,,458.35,ok
design,1l8d_A_rosetta_hbond_off_q+18,61246489,430,main,hal0253,4,,472.55,ok
design,1l8d_A_rosetta_hbond_off_q+27,61246490,431,main,hal0254,4,,511.61,ok
design,1l8d_A_rosetta_hbond_off_q+6,61246487,428,main,hal0261,4,,485.96,ok
design,1l8d_A_rosetta_hbond_off_q-14,61246484,425,main,hal0248,4,,169.99,ok
design,1l8d_A_rosetta_hbond_off_q-2,61246486,427,main,hal0261,4,,120.93,ok
design,1l8d_A_rosetta_hbond_off_q-23,61246483,424,main,hal0259,4,,193.27,ok
design,1l8d_A_rosetta_hbond_off_q-6,61246485,426,main,hal0248,4,,160.61,ok
design,1l8d_A_rosetta_q+10,60556114,229,main-redhat,hal0320,4,,377.64,ok
design,1l8d_A_rosetta_q+18,60556115,230,main-redhat,hal0320,4,,330.54,ok
design,1l8d_A_rosetta_q+27,60556116,231,main-redhat,hal0320,4,,451.38,ok
design,1l8d_A_rosetta_q+6,60556113,228,main-redhat,hal0320,4,,383.02,ok
design,1l8d_A_rosetta_q-14,60556110,225,main-redhat,hal0319,4,,160.53,ok
design,1l8d_A_rosetta_q-2,60556112,227,main-redhat,hal0320,4,,119.67,ok
design,1l8d_A_rosetta_q-23,60556109,224,main-redhat,hal0319,4,,140.6,ok
design,1l8d_A_rosetta_q-6,60556111,226,main-redhat,hal0320,4,,158.71,ok
design,1li1_B_avnapsa_q+11,60980026,36,main,halk0042,4,,132.23,ok
design,1li1_B_avnapsa_q+20,60980027,37,main,halk0042,4,,134.45,ok
design,1li1_B_avnapsa_q+38,60980028,38,main,halk0046,4,,139.45,ok
design,1li1_B_avnapsa_q+56,60980029,39,main,halk0092,4,,142.74,ok
design,1li1_B_avnapsa_q-16,60980024,34,main,halk0042,4,,128.18,ok
design,1li1_B_avnapsa_q-34,60981053,33,main,hal0357,4,,133.03,ok
design,1li1_B_avnapsa_q-52,60980022,32,main,halk0036,4,,120.88,ok
design,1li1_B_avnapsa_q-7,60980025,35,main,halk0042,4,,129.0,ok
design,1li1_B_mpnn_halo_q+11,61246293,692,main,hal0136,4,,20.83,ok
design,1li1_B_mpnn_halo_q+20,61246294,693,main,hal0136,4,,32.97,ok
design,1li1_B_mpnn_halo_q+38,61246295,694,main,hal0136,4,,99.46,ok
design,1li1_B_mpnn_halo_q+56,61246296,695,main,hal0136,4,,114.34,ok
design,1li1_B_mpnn_halo_q-16,61246291,690,main,hal0136,4,,32.15,ok
design,1li1_B_mpnn_halo_q-34,61246290,689,main,hal0135,4,,82.38,ok
design,1li1_B_mpnn_halo_q-52,61246289,688,main,hal0135,4,,86.68,ok
design,1li1_B_mpnn_halo_q-7,61246292,691,main,hal0136,4,,21.22,ok
design,1li1_B_mpnn_hyper_q+11,61246091,492,main,hal0250,4,,13.95,ok
design,1li1_B_mpnn_hyper_q+20,61246092,493,main,hal0251,4,,22.45,ok
design,1li1_B_mpnn_hyper_q+38,61246093,494,main,hal0255,4,,51.63,ok
design,1li1_B_mpnn_hyper_q+56,61246094,495,main,hal0256,4,,74.82,ok
design,1li1_B_mpnn_hyper_q-16,61246089,490,main,hal0351,4,,22.81,ok
design,1li1_B_mpnn_hyper_q-34,61246088,489,main,hal0350,4,,43.78,ok
design,1li1_B_mpnn_hyper_q-52,61246087,488,main,hal0342,4,,68.49,ok
design,1li1_B_mpnn_hyper_q-7,61246090,491,main,hal0352,4,,13.71,ok
design,1li1_B_mpnn_soluble_q+11,60554402,36,main-redhat,hal0274,4,,14.41,ok
design,1li1_B_mpnn_soluble_q+20,60554403,37,main-redhat,hal0274,4,,21.63,ok
design,1li1_B_mpnn_soluble_q+38,60554404,38,main-redhat,hal0283,4,,32.16,ok
design,1li1_B_mpnn_soluble_q+56,60554405,39,main-redhat,hal0283,4,,58.28,ok
design,1li1_B_mpnn_soluble_q-16,60554400,34,main-redhat,hal0272,4,,20.51,ok
design,1li1_B_mpnn_soluble_q-34,60554399,33,main-redhat,hal0272,4,,32.31,ok
design,1li1_B_mpnn_soluble_q-52,60554398,32,main-redhat,hal0272,4,,59.88,ok
design,1li1_B_mpnn_soluble_q-7,60554401,35,main-redhat,hal0274,4,,14.29,ok
design,1li1_B_mpnn_vanilla_weights_q+11,60554451,236,main-redhat,hal0283,4,,12.15,ok
design,1li1_B_mpnn_vanilla_weights_q+20,60554452,237,main-redhat,hal0283,4,,19.63,ok
design,1li1_B_mpnn_vanilla_weights_q+38,60554453,238,main-redhat,hal0283,4,,35.08,ok
design,1li1_B_mpnn_vanilla_weights_q+56,60554454,239,main-redhat,hal0274,4,,76.48,ok
design,1li1_B_mpnn_vanilla_weights_q-16,60554449,234,main-redhat,hal0272,4,,20.29,ok
design,1li1_B_mpnn_vanilla_weights_q-34,60554447,233,main-redhat,hal0244,4,,38.14,ok
design,1li1_B_mpnn_vanilla_weights_q-52,60554446,232,main-redhat,hal0244,4,,52.22,ok
design,1li1_B_mpnn_vanilla_weights_q-7,60554450,235,main-redhat,hal0283,4,,13.54,ok
design,1li1_B_random_control_q+11,60560472,29,main-redhat,hal0283,1,,0.0005,ok
design,1li1_B_random_control_q+20,60560472,29,main-redhat,hal0283,1,,0.0005,ok
design,1li1_B_random_control_q+38,60560472,29,main-redhat,hal0283,1,,0.0006,ok
design,1li1_B_random_control_q+56,60560472,29,main-redhat,hal0283,1,,0.0006,ok
design,1li1_B_random_control_q-16,60560472,29,main-redhat,hal0283,1,,0.0005,ok
design,1li1_B_random_control_q-34,60560472,29,main-redhat,hal0283,1,,0.0006,ok
design,1li1_B_random_control_q-52,60560472,29,main-redhat,hal0283,1,,0.0007,ok
design,1li1_B_random_control_q-7,60560472,29,main-redhat,hal0283,1,,0.0004,ok
design,1li1_B_rosetta_q+11,60556121,236,main-redhat,hal0320,4,,610.21,ok
design,1li1_B_rosetta_q+20,60556122,237,main-redhat,hal0320,4,,475.46,ok
design,1li1_B_rosetta_q+38,60556123,238,main-redhat,hal0320,4,,572.05,ok
design,1li1_B_rosetta_q+56,60556124,239,main-redhat,hal0320,4,,534.24,ok
design,1li1_B_rosetta_q-16,60556119,234,main-redhat,hal0320,4,,353.59,ok
design,1li1_B_rosetta_q-34,60556118,233,main-redhat,hal0320,4,,340.81,ok
design,1li1_B_rosetta_q-52,60556117,232,main-redhat,hal0320,4,,286.07,ok
design,1li1_B_rosetta_q-7,60556120,235,main-redhat,hal0320,4,,366.5,ok
design,1lom_A_avnapsa_q+1,60980034,44,main,halk0039,4,,67.52,ok
design,1lom_A_avnapsa_q+13,60980036,46,main,halk0039,4,,69.95,ok
design,1lom_A_avnapsa_q+21,60980037,47,main,halk0039,4,,72.27,ok
design,1lom_A_avnapsa_q+5,60980035,45,main,halk0039,4,,68.13,ok
design,1lom_A_avnapsa_q-11,60980032,42,main,halk0094,4,,66.87,ok
design,1lom_A_avnapsa_q-19,60980031,41,main,halk0094,4,,66.73,ok
design,1lom_A_avnapsa_q-27,60980030,40,main,halk0094,4,,66.72,ok
design,1lom_A_avnapsa_q-7,60980033,43,main,halk0039,4,,67.03,ok
design,1lom_A_mpnn_halo_q+1,61246301,700,main,hal0137,4,,9.4,ok
design,1lom_A_mpnn_halo_q+13,61246303,702,main,hal0137,4,,23.31,ok
design,1lom_A_mpnn_halo_q+21,61246304,703,main,hal0137,4,,33.0,ok
design,1lom_A_mpnn_halo_q+5,61246302,701,main,hal0137,4,,13.67,ok
design,1lom_A_mpnn_halo_q-11,61246299,698,main,hal0137,4,,14.78,ok
design,1lom_A_mpnn_halo_q-19,61246298,697,main,hal0136,4,,28.65,ok
design,1lom_A_mpnn_halo_q-27,61246297,696,main,hal0136,4,,43.95,ok
design,1lom_A_mpnn_halo_q-7,61246300,699,main,hal0137,4,,9.48,ok
design,1lom_A_mpnn_hyper_q+1,61246099,500,main,hal0261,4,,6.76,ok
design,1lom_A_mpnn_hyper_q+13,61246101,502,main,hal0253,4,,16.44,ok
design,1lom_A_mpnn_hyper_q+21,61246102,503,main,hal0258,4,,23.6,ok
design,1lom_A_mpnn_hyper_q+5,61246100,501,main,hal0252,4,,9.48,ok
design,1lom_A_mpnn_hyper_q-11,61246097,498,main,hal0248,4,,9.91,ok
design,1lom_A_mpnn_hyper_q-19,61246096,497,main,hal0248,4,,27.81,ok
design,1lom_A_mpnn_hyper_q-27,61246095,496,main,hal0259,4,,32.14,ok
design,1lom_A_mpnn_hyper_q-7,61246098,499,main,hal0261,4,,6.46,ok
design,1lom_A_mpnn_soluble_q+1,60553947,44,main-redhat,hal0244,4,,5.66,ok
design,1lom_A_mpnn_soluble_q+13,60553949,46,main-redhat,hal0244,4,,15.23,ok
design,1lom_A_mpnn_soluble_q+21,60553950,47,main-redhat,hal0244,4,,20.92,ok
design,1lom_A_mpnn_soluble_q+5,60553948,45,main-redhat,hal0244,4,,9.28,ok
design,1lom_A_mpnn_soluble_q-11,60553945,42,main-redhat,hal0258,4,,9.82,ok
design,1lom_A_mpnn_soluble_q-19,60553944,41,main-redhat,hal0258,4,,16.24,ok
design,1lom_A_mpnn_soluble_q-27,60553943,40,main-redhat,hal0249,4,,21.62,ok
design,1lom_A_mpnn_soluble_q-7,60553946,43,main-redhat,hal0244,4,,5.98,ok
design,1lom_A_mpnn_vanilla_weights_q+1,60554151,244,main-redhat,hal0289,4,,5.84,ok
design,1lom_A_mpnn_vanilla_weights_q+13,60554153,246,main-redhat,hal0289,4,,16.25,ok
design,1lom_A_mpnn_vanilla_weights_q+21,60554154,247,main-redhat,hal0289,4,,22.42,ok
design,1lom_A_mpnn_vanilla_weights_q+5,60554152,245,main-redhat,hal0289,4,,9.46,ok
design,1lom_A_mpnn_vanilla_weights_q-11,60554149,242,main-redhat,hal0309,4,,9.94,ok
design,1lom_A_mpnn_vanilla_weights_q-19,60554148,241,main-redhat,hal0309,4,,16.97,ok
design,1lom_A_mpnn_vanilla_weights_q-27,60554147,240,main-redhat,hal0309,4,,25.67,ok
design,1lom_A_mpnn_vanilla_weights_q-7,60554150,243,main-redhat,hal0309,4,,6.5,ok
design,1lom_A_random_control_q+1,60560473,30,main-redhat,hal0283,1,,0.0004,ok
design,1lom_A_random_control_q+13,60560473,30,main-redhat,hal0283,1,,0.0004,ok
design,1lom_A_random_control_q+21,60560473,30,main-redhat,hal0283,1,,0.0005,ok
design,1lom_A_random_control_q+5,60560473,30,main-redhat,hal0283,1,,0.0004,ok
design,1lom_A_random_control_q-11,60560473,30,main-redhat,hal0283,1,,0.0004,ok
design,1lom_A_random_control_q-19,60560473,30,main-redhat,hal0283,1,,0.0004,ok
design,1lom_A_random_control_q-27,60560473,30,main-redhat,hal0283,1,,0.0005,ok
design,1lom_A_random_control_q-7,60560473,30,main-redhat,hal0283,1,,0.0004,ok
design,1lom_A_rosetta_q+1,60556129,244,main-redhat,hal0321,4,,672.62,ok
design,1lom_A_rosetta_q+13,60556131,246,main-redhat,hal0321,4,,290.52,ok
design,1lom_A_rosetta_q+21,60556132,247,main-redhat,hal0321,4,,1291.36,ok
design,1lom_A_rosetta_q+5,60556130,245,main-redhat,hal0321,4,,444.87,ok
design,1lom_A_rosetta_q-11,60556127,242,main-redhat,hal0321,4,,116.14,ok
design,1lom_A_rosetta_q-19,60556126,241,main-redhat,hal0321,4,,105.74,ok
design,1lom_A_rosetta_q-27,60556125,240,main-redhat,hal0320,4,,106.88,ok
design,1lom_A_rosetta_q-7,60556128,243,main-redhat,hal0321,4,,65.27,ok
design,1vmg_A_avnapsa_q+10,60980045,55,main,halk0044,4,,62.21,ok
design,1vmg_A_avnapsa_q+4,60980044,54,main,halk0044,4,,61.89,ok
design,1vmg_A_avnapsa_q-12,60981054,51,main,hal0352,4,,41.26,ok
design,1vmg_A_avnapsa_q-15,60980040,50,main,halk0043,4,,58.3,ok
design,1vmg_A_avnapsa_q-22,60980039,49,main,halk0039,4,,58.87,ok
design,1vmg_A_avnapsa_q-28,60980038,48,main,halk0039,4,,60.35,ok
design,1vmg_A_avnapsa_q-3,60980043,53,main,halk0044,4,,58.84,ok
design,1vmg_A_avnapsa_q-6,60980042,52,main,halk0043,4,,59.25,ok
design,1vmg_A_mpnn_halo_q+10,61246312,711,main,hal0138,4,,17.94,ok
design,1vmg_A_mpnn_halo_q+4,61246311,710,main,hal0138,4,,12.69,ok
design,1vmg_A_mpnn_halo_q-12,61246308,707,main,hal0138,4,,5.04,ok
design,1vmg_A_mpnn_halo_q-15,61246307,706,main,hal0138,4,,7.24,ok
design,1vmg_A_mpnn_halo_q-22,61246306,705,main,hal0137,4,,12.3,ok
design,1vmg_A_mpnn_halo_q-28,61246305,704,main,hal0137,4,,15.81,ok
design,1vmg_A_mpnn_halo_q-3,61246310,709,main,hal0138,4,,7.44,ok
design,1vmg_A_mpnn_halo_q-6,61246309,708,main,hal0138,4,,5.53,ok
design,1vmg_A_mpnn_hyper_q+10,61246110,511,main,hal0365,4,,7.4,ok
design,1vmg_A_mpnn_hyper_q+4,61246109,510,main,hal0362,4,,5.31,ok
design,1vmg_A_mpnn_hyper_q-12,61246106,507,main,hal0262,4,,3.33,ok
design,1vmg_A_mpnn_hyper_q-15,61246105,506,main,hal0254,4,,7.97,ok
design,1vmg_A_mpnn_hyper_q-22,61246104,505,main,hal0258,4,,9.16,ok
design,1vmg_A_mpnn_hyper_q-28,61246103,504,main,hal0258,4,,16.14,ok
design,1vmg_A_mpnn_hyper_q-3,61246108,509,main,hal0362,4,,3.58,ok
design,1vmg_A_mpnn_hyper_q-6,61246107,508,main,hal0361,4,,2.51,ok
design,1vmg_A_mpnn_soluble_hbond_protected_q+10,60554346,439,main-redhat,hal0328,4,,8.79,ok
design,1vmg_A_mpnn_soluble_hbond_protected_q+4,60554345,438,main-redhat,hal0328,4,,7.04,ok
design,1vmg_A_mpnn_soluble_hbond_protected_q-12,60554342,435,main-redhat,hal0328,4,,2.89,ok
design,1vmg_A_mpnn_soluble_hbond_protected_q-15,60554341,434,main-redhat,hal0328,4,,3.94,ok
design,1vmg_A_mpnn_soluble_hbond_protected_q-22,60554340,433,main-redhat,hal0328,4,,6.35,ok
design,1vmg_A_mpnn_soluble_hbond_protected_q-28,60554339,432,main-redhat,hal0328,4,,8.76,ok
design,1vmg_A_mpnn_soluble_hbond_protected_q-3,60554344,437,main-redhat,hal0328,4,,4.41,ok
design,1vmg_A_mpnn_soluble_hbond_protected_q-6,60554343,436,main-redhat,hal0328,4,,3.11,ok
design,1vmg_A_mpnn_soluble_q+10,60553962,55,main-redhat,hal0244,4,,9.71,ok
design,1vmg_A_mpnn_soluble_q+4,60553961,54,main-redhat,hal0244,4,,7.54,ok
design,1vmg_A_mpnn_soluble_q-12,60553958,51,main-redhat,hal0244,4,,3.16,ok
design,1vmg_A_mpnn_soluble_q-15,60553953,50,main-redhat,hal0244,4,,4.36,ok
design,1vmg_A_mpnn_soluble_q-22,60553952,49,main-redhat,hal0244,4,,6.85,ok
design,1vmg_A_mpnn_soluble_q-28,60553951,48,main-redhat,hal0244,4,,8.94,ok
design,1vmg_A_mpnn_soluble_q-3,60553960,53,main-redhat,hal0244,4,,4.62,ok
design,1vmg_A_mpnn_soluble_q-6,60553959,52,main-redhat,hal0244,4,,3.16,ok
design,1vmg_A_mpnn_vanilla_weights_q+10,60554162,255,main-redhat,hal0290,4,,9.05,ok
design,1vmg_A_mpnn_vanilla_weights_q+4,60554161,254,main-redhat,hal0290,4,,6.86,ok
design,1vmg_A_mpnn_vanilla_weights_q-12,60554158,251,main-redhat,hal0290,4,,3.3,ok
design,1vmg_A_mpnn_vanilla_weights_q-15,60554157,250,main-redhat,hal0290,4,,4.28,ok
design,1vmg_A_mpnn_vanilla_weights_q-22,60554156,249,main-redhat,hal0289,4,,6.76,ok
design,1vmg_A_mpnn_vanilla_weights_q-28,60554155,248,main-redhat,hal0289,4,,10.24,ok
design,1vmg_A_mpnn_vanilla_weights_q-3,60554160,253,main-redhat,hal0290,4,,4.38,ok
design,1vmg_A_mpnn_vanilla_weights_q-6,60554159,252,main-redhat,hal0290,4,,3.16,ok
design,1vmg_A_random_control_q+10,60560474,31,main-redhat,hal0283,1,,0.0004,ok
design,1vmg_A_random_control_q+4,60560474,31,main-redhat,hal0283,1,,0.0003,ok
design,1vmg_A_random_control_q-12,60560474,31,main-redhat,hal0283,1,,0.0003,ok
design,1vmg_A_random_control_q-15,60560474,31,main-redhat,hal0283,1,,0.0003,ok
design,1vmg_A_random_control_q-22,60560474,31,main-redhat,hal0283,1,,0.0004,ok
design,1vmg_A_random_control_q-28,60560474,31,main-redhat,hal0283,1,,0.0005,ok
design,1vmg_A_random_control_q-3,60560474,31,main-redhat,hal0283,1,,0.0003,ok
design,1vmg_A_random_control_q-6,60560474,31,main-redhat,hal0283,1,,0.0003,ok
design,1vmg_A_rosetta_hbond_off_q+10,61246498,439,main,hal0345,4,,607.43,ok
design,1vmg_A_rosetta_hbond_off_q+4,61246497,438,main,hal0345,4,,687.5,ok
design,1vmg_A_rosetta_hbond_off_q-12,61246494,435,main,hal0338,4,,72.12,ok
design,1vmg_A_rosetta_hbond_off_q-15,61246493,434,main,hal0338,4,,122.13,ok
design,1vmg_A_rosetta_hbond_off_q-22,61246492,433,main,hal0341,4,,142.31,ok
design,1vmg_A_rosetta_hbond_off_q-28,61246491,432,main,hal0262,4,,103.24,ok
design,1vmg_A_rosetta_hbond_off_q-3,61246496,437,main,hal0344,4,,468.03,ok
design,1vmg_A_rosetta_hbond_off_q-6,61246495,436,main,hal0344,4,,587.03,ok
design,1vmg_A_rosetta_q+10,60556140,255,main-redhat,hal0321,4,,454.12,ok
design,1vmg_A_rosetta_q+4,60556139,254,main-redhat,hal0321,4,,486.87,ok
design,1vmg_A_rosetta_q-12,60556136,251,main-redhat,hal0321,4,,99.08,ok
design,1vmg_A_rosetta_q-15,60556135,250,main-redhat,hal0321,4,,142.58,ok
design,1vmg_A_rosetta_q-22,60556134,249,main-redhat,hal0321,4,,111.91,ok
design,1vmg_A_rosetta_q-28,60556133,248,main-redhat,hal0321,4,,108.2,ok
design,1vmg_A_rosetta_q-3,60556138,253,main-redhat,hal0321,4,,331.37,ok
design,1vmg_A_rosetta_q-6,60556137,252,main-redhat,hal0321,4,,416.74,ok
design,2gux_A_avnapsa_q+18,60980052,62,main,halk0044,4,,78.66,ok
design,2gux_A_avnapsa_q+28,60980053,63,main,halk0044,4,,81.64,ok
design,2gux_A_avnapsa_q+3,60980050,60,main,halk0044,4,,74.52,ok
design,2gux_A_avnapsa_q+8,60980051,61,main,halk0044,4,,77.32,ok
design,2gux_A_avnapsa_q-12,60980048,58,main,halk0044,4,,73.59,ok
design,2gux_A_avnapsa_q-22,60980047,57,main,halk0044,4,,71.03,ok
design,2gux_A_avnapsa_q-32,60980046,56,main,halk0044,4,,69.99,ok
design,2gux_A_avnapsa_q-7,60980049,59,main,halk0044,4,,73.09,ok
design,2gux_A_mpnn_halo_q+18,61246319,718,main,hal0139,4,,30.68,ok
design,2gux_A_mpnn_halo_q+28,61246320,719,main,hal0139,4,,37.07,ok
design,2gux_A_mpnn_halo_q+3,61246317,716,main,hal0139,4,,9.6,ok
design,2gux_A_mpnn_halo_q+8,61246318,717,main,hal0139,4,,18.93,ok
design,2gux_A_mpnn_halo_q-12,61246315,714,main,hal0139,4,,17.13,ok
design,2gux_A_mpnn_halo_q-22,61246314,713,main,hal0138,4,,32.26,ok
design,2gux_A_mpnn_halo_q-32,61246313,712,main,hal0138,4,,38.2,ok
design,2gux_A_mpnn_halo_q-7,61246316,715,main,hal0139,4,,9.45,ok
design,2gux_A_mpnn_hyper_q+18,61246117,518,main,hal0367,4,,12.5,ok
design,2gux_A_mpnn_hyper_q+28,61246118,519,main,hal0367,4,,19.38,ok
design,2gux_A_mpnn_hyper_q+3,61246115,516,main,hal0366,4,,4.23,ok
design,2gux_A_mpnn_hyper_q+8,61246116,517,main,hal0367,4,,6.08,ok
design,2gux_A_mpnn_hyper_q-12,61246113,514,main,hal0366,4,,6.7,ok
design,2gux_A_mpnn_hyper_q-22,61246112,513,main,hal0363,4,,14.45,ok
design,2gux_A_mpnn_hyper_q-32,61246111,512,main,hal0365,4,,26.4,ok
design,2gux_A_mpnn_hyper_q-7,61246114,515,main,hal0366,4,,4.52,ok
design,2gux_A_mpnn_soluble_q+18,60553969,62,main-redhat,hal0255,4,,13.71,ok
design,2gux_A_mpnn_soluble_q+28,60553970,63,main-redhat,hal0255,4,,23.22,ok
design,2gux_A_mpnn_soluble_q+3,60553967,60,main-redhat,hal0246,4,,5.79,ok
design,2gux_A_mpnn_soluble_q+8,60553968,61,main-redhat,hal0255,4,,8.94,ok
design,2gux_A_mpnn_soluble_q-12,60553965,58,main-redhat,hal0246,4,,8.03,ok
design,2gux_A_mpnn_soluble_q-22,60553964,57,main-redhat,hal0244,4,,12.7,ok
design,2gux_A_mpnn_soluble_q-32,60553963,56,main-redhat,hal0244,4,,15.88,ok
design,2gux_A_mpnn_soluble_q-7,60553966,59,main-redhat,hal0246,4,,5.41,ok
design,2gux_A_mpnn_vanilla_weights_q+18,60554169,262,main-redhat,hal0313,4,,14.31,ok
design,2gux_A_mpnn_vanilla_weights_q+28,60554170,263,main-redhat,hal0313,4,,18.97,ok
design,2gux_A_mpnn_vanilla_weights_q+3,60554167,260,main-redhat,hal0313,4,,7.02,ok
design,2gux_A_mpnn_vanilla_weights_q+8,60554168,261,main-redhat,hal0313,4,,8.43,ok
design,2gux_A_mpnn_vanilla_weights_q-12,60554165,258,main-redhat,hal0295,4,,8.12,ok
design,2gux_A_mpnn_vanilla_weights_q-22,60554164,257,main-redhat,hal0295,4,,14.3,ok
design,2gux_A_mpnn_vanilla_weights_q-32,60554163,256,main-redhat,hal0290,4,,21.7,ok
design,2gux_A_mpnn_vanilla_weights_q-7,60554166,259,main-redhat,hal0313,4,,7.32,ok
design,2gux_A_random_control_q+18,60560475,32,main-redhat,hal0283,1,,0.0004,ok
design,2gux_A_random_control_q+28,60560475,32,main-redhat,hal0283,1,,0.0004,ok
design,2gux_A_random_control_q+3,60560475,32,main-redhat,hal0283,1,,0.0003,ok
design,2gux_A_random_control_q+8,60560475,32,main-redhat,hal0283,1,,0.0004,ok
design,2gux_A_random_control_q-12,60560475,32,main-redhat,hal0283,1,,0.0004,ok
design,2gux_A_random_control_q-22,60560475,32,main-redhat,hal0283,1,,0.0004,ok
design,2gux_A_random_control_q-32,60560475,32,main-redhat,hal0283,1,,0.0005,ok
design,2gux_A_random_control_q-7,60560475,32,main-redhat,hal0283,1,,0.0003,ok
design,2gux_A_rosetta_q+18,60556147,262,main-redhat,hal0322,4,,187.93,ok
design,2gux_A_rosetta_q+28,60556148,263,main-redhat,hal0322,4,,216.77,ok
design,2gux_A_rosetta_q+3,60556145,260,main-redhat,hal0322,4,,250.1,ok
design,2gux_A_rosetta_q+8,60556146,261,main-redhat,hal0322,4,,375.38,ok
design,2gux_A_rosetta_q-12,60556143,258,main-redhat,hal0322,4,,165.58,ok
design,2gux_A_rosetta_q-22,60556142,257,main-redhat,hal0322,4,,128.07,ok
design,2gux_A_rosetta_q-32,60556141,256,main-redhat,hal0322,4,,111.18,ok
design,2gux_A_rosetta_q-7,60556144,259,main-redhat,hal0322,4,,113.56,ok
design,2i7r_A_avnapsa_q+1,60980059,69,main,halk0121,4,,62.99,ok
design,2i7r_A_avnapsa_q+10,60980060,70,main,halk0158,4,,64.34,ok
design,2i7r_A_avnapsa_q+19,60981055,71,main,halk0065,4,,62.02,ok
design,2i7r_A_avnapsa_q-12,60980057,67,main,halk0121,4,,61.83,ok
design,2i7r_A_avnapsa_q-17,60980056,66,main,halk0121,4,,61.41,ok
design,2i7r_A_avnapsa_q-26,60980055,65,main,halk0121,4,,61.62,ok
design,2i7r_A_avnapsa_q-35,60980054,64,main,halk0121,4,,60.46,ok
design,2i7r_A_avnapsa_q-4,60980058,68,main,halk0121,4,,62.33,ok
design,2i7r_A_mpnn_halo_q+1,61246326,725,main,hal0140,4,,13.06,ok
design,2i7r_A_mpnn_halo_q+10,61246327,726,main,hal0140,4,,23.99,ok
design,2i7r_A_mpnn_halo_q+19,61246328,727,main,hal0140,4,,35.16,ok
design,2i7r_A_mpnn_halo_q-12,61246324,723,main,hal0140,4,,7.87,ok
design,2i7r_A_mpnn_halo_q-17,61246323,722,main,hal0140,4,,15.95,ok
design,2i7r_A_mpnn_halo_q-26,61246322,721,main,hal0139,4,,25.94,ok
design,2i7r_A_mpnn_halo_q-35,61246321,720,main,hal0139,4,,30.21,ok
design,2i7r_A_mpnn_halo_q-4,61246325,724,main,hal0140,4,,8.15,ok
design,2i7r_A_mpnn_hyper_q+1,61246124,525,main,hal0369,4,,5.71,ok
design,2i7r_A_mpnn_hyper_q+10,61246125,526,main,hal0371,4,,8.78,ok
design,2i7r_A_mpnn_hyper_q+19,61246126,527,main,hal0371,4,,18.09,ok
design,2i7r_A_mpnn_hyper_q-12,61246122,523,main,hal0369,4,,3.64,ok
design,2i7r_A_mpnn_hyper_q-17,61246121,522,main,hal0368,4,,5.7,ok
design,2i7r_A_mpnn_hyper_q-26,61246120,521,main,hal0368,4,,12.2,ok
design,2i7r_A_mpnn_hyper_q-35,61246119,520,main,hal0368,4,,16.99,ok
design,2i7r_A_mpnn_hyper_q-4,61246123,524,main,hal0369,4,,3.53,ok
design,2i7r_A_mpnn_soluble_hbond_protected_q+1,60554352,445,main-redhat,hal0329,4,,5.34,ok
design,2i7r_A_mpnn_soluble_hbond_protected_q+10,60554353,446,main-redhat,hal0329,4,,8.69,ok
design,2i7r_A_mpnn_soluble_hbond_protected_q+19,60554354,447,main-redhat,hal0329,4,,11.06,ok
design,2i7r_A_mpnn_soluble_hbond_protected_q-12,60554350,443,main-redhat,hal0328,4,,3.62,ok
design,2i7r_A_mpnn_soluble_hbond_protected_q-17,60554349,442,main-redhat,hal0328,4,,4.98,ok
design,2i7r_A_mpnn_soluble_hbond_protected_q-26,60554348,441,main-redhat,hal0328,4,,6.8,ok
design,2i7r_A_mpnn_soluble_hbond_protected_q-35,60554347,440,main-redhat,hal0328,4,,14.08,ok
design,2i7r_A_mpnn_soluble_hbond_protected_q-4,60554351,444,main-redhat,hal0328,4,,4.1,ok
design,2i7r_A_mpnn_soluble_q+1,60553976,69,main-redhat,hal0255,4,,8.16,ok
design,2i7r_A_mpnn_soluble_q+10,60553977,70,main-redhat,hal0255,4,,13.28,ok
design,2i7r_A_mpnn_soluble_q+19,60553978,71,main-redhat,hal0255,4,,17.38,ok
design,2i7r_A_mpnn_soluble_q-12,60553974,67,main-redhat,hal0255,4,,4.66,ok
design,2i7r_A_mpnn_soluble_q-17,60553973,66,main-redhat,hal0255,4,,7.19,ok
design,2i7r_A_mpnn_soluble_q-26,60553972,65,main-redhat,hal0255,4,,11.3,ok
design,2i7r_A_mpnn_soluble_q-35,60553971,64,main-redhat,hal0255,4,,14.32,ok
design,2i7r_A_mpnn_soluble_q-4,60553975,68,main-redhat,hal0255,4,,4.78,ok
design,2i7r_A_mpnn_vanilla_weights_q+1,60554176,269,main-redhat,hal0316,4,,8.37,ok
design,2i7r_A_mpnn_vanilla_weights_q+10,60554177,270,main-redhat,hal0316,4,,12.73,ok
design,2i7r_A_mpnn_vanilla_weights_q+19,60554178,271,main-redhat,hal0316,4,,17.95,ok
design,2i7r_A_mpnn_vanilla_weights_q-12,60554174,267,main-redhat,hal0316,4,,4.7,ok
design,2i7r_A_mpnn_vanilla_weights_q-17,60554173,266,main-redhat,hal0313,4,,14.91,ok
design,2i7r_A_mpnn_vanilla_weights_q-26,60554172,265,main-redhat,hal0313,4,,12.63,ok
design,2i7r_A_mpnn_vanilla_weights_q-35,60554171,264,main-redhat,hal0313,4,,16.44,ok
design,2i7r_A_mpnn_vanilla_weights_q-4,60554175,268,main-redhat,hal0316,4,,5.22,ok
design,2i7r_A_random_control_q+1,60560476,33,main-redhat,hal0283,1,,0.0003,ok
design,2i7r_A_random_control_q+10,60560476,33,main-redhat,hal0283,1,,0.0004,ok
design,2i7r_A_random_control_q+19,60560476,33,main-redhat,hal0283,1,,0.0004,ok
design,2i7r_A_random_control_q-12,60560476,33,main-redhat,hal0283,1,,0.0003,ok
design,2i7r_A_random_control_q-17,60560476,33,main-redhat,hal0283,1,,0.0004,ok
design,2i7r_A_random_control_q-26,60560476,33,main-redhat,hal0283,1,,0.0004,ok
design,2i7r_A_random_control_q-35,60560476,33,main-redhat,hal0283,1,,0.0005,ok
design,2i7r_A_random_control_q-4,60560476,33,main-redhat,hal0283,1,,0.0003,ok
design,2i7r_A_rosetta_hbond_off_q+1,61246504,445,main,hal0358,4,,464.89,ok
design,2i7r_A_rosetta_hbond_off_q+10,61246505,446,main,hal0342,4,,471.81,ok
design,2i7r_A_rosetta_hbond_off_q+19,61246506,447,main,hal0350,4,,637.94,ok
design,2i7r_A_rosetta_hbond_off_q-12,61246502,443,main,hal0356,4,,93.66,ok
design,2i7r_A_rosetta_hbond_off_q-17,61246501,442,main,hal0356,4,,152.57,ok
design,2i7r_A_rosetta_hbond_off_q-26,61246500,441,main,hal0354,4,,149.73,ok
design,2i7r_A_rosetta_hbond_off_q-35,61246499,440,main,hal0354,4,,149.92,ok
design,2i7r_A_rosetta_hbond_off_q-4,61246503,444,main,hal0358,4,,533.96,ok
design,2i7r_A_rosetta_q+1,60556154,269,main-redhat,hal0322,4,,271.63,ok
design,2i7r_A_rosetta_q+10,60556155,270,main-redhat,hal0322,4,,334.44,ok
design,2i7r_A_rosetta_q+19,60556156,271,main-redhat,hal0326,4,,152.34,ok
design,2i7r_A_rosetta_q-12,60556152,267,main-redhat,hal0322,4,,81.06,ok
design,2i7r_A_rosetta_q-17,60556151,266,main-redhat,hal0322,4,,123.9,ok
design,2i7r_A_rosetta_q-26,60556150,265,main-redhat,hal0322,4,,111.0,ok
design,2i7r_A_rosetta_q-35,60556149,264,main-redhat,hal0322,4,,89.94,ok
design,2i7r_A_rosetta_q-4,60556153,268,main-redhat,hal0322,4,,247.18,ok
design,2rfr_A_avnapsa_q+10,60980067,77,main,halk0120,4,,101.8,ok
design,2rfr_A_avnapsa_q+22,60980068,78,main,halk0120,4,,104.55,ok
design,2rfr_A_avnapsa_q+34,60980069,79,main,halk0120,4,,107.63,ok
design,2rfr_A_avnapsa_q+4,60980066,76,main,halk0120,4,,101.54,ok
design,2rfr_A_avnapsa_q-14,60980064,74,main,halk0158,4,,97.96,ok
design,2rfr_A_avnapsa_q-26,60981057,73,main,halk0074,4,,91.58,ok
design,2rfr_A_avnapsa_q-38,60981056,72,main,halk0066,4,,82.93,ok
design,2rfr_A_avnapsa_q-8,60981058,75,main,halk0074,4,,100.09,ok
design,2rfr_A_mpnn_halo_q+10,61246334,733,main,hal0155,4,,18.56,ok
design,2rfr_A_mpnn_halo_q+22,61246335,734,main,hal0145,4,,31.91,ok
design,2rfr_A_mpnn_halo_q+34,61246336,735,main,hal0145,4,,60.54,ok
design,2rfr_A_mpnn_halo_q+4,61246333,732,main,hal0155,4,,11.63,ok
design,2rfr_A_mpnn_halo_q-14,61246331,730,main,hal0155,4,,24.27,ok
design,2rfr_A_mpnn_halo_q-26,61246330,729,main,hal0140,4,,39.83,ok
design,2rfr_A_mpnn_halo_q-38,61246329,728,main,hal0140,4,,50.36,ok
design,2rfr_A_mpnn_halo_q-8,61246332,731,main,hal0155,4,,12.33,ok
design,2rfr_A_mpnn_hyper_q+10,61246132,533,main,hal0376,4,,8.64,ok
design,2rfr_A_mpnn_hyper_q+22,61246133,534,main,hal0376,4,,13.53,ok
design,2rfr_A_mpnn_hyper_q+34,61246134,535,main,hal0378,4,,17.19,ok
design,2rfr_A_mpnn_hyper_q+4,61246131,532,main,hal0376,4,,5.67,ok
design,2rfr_A_mpnn_hyper_q-14,61246129,530,main,hal0374,4,,9.35,ok
design,2rfr_A_mpnn_hyper_q-26,61246128,529,main,hal0374,4,,20.22,ok
design,2rfr_A_mpnn_hyper_q-38,61246127,528,main,hal0371,4,,25.77,ok
design,2rfr_A_mpnn_hyper_q-8,61246130,531,main,hal0374,4,,6.01,ok
design,2rfr_A_mpnn_soluble_q+10,60553984,77,main-redhat,hal0254,4,,12.84,ok
design,2rfr_A_mpnn_soluble_q+22,60553985,78,main-redhat,hal0254,4,,20.13,ok
design,2rfr_A_mpnn_soluble_q+34,60553986,79,main-redhat,hal0254,4,,27.82,ok
design,2rfr_A_mpnn_soluble_q+4,60553983,76,main-redhat,hal0254,4,,7.93,ok
design,2rfr_A_mpnn_soluble_q-14,60553981,74,main-redhat,hal0255,4,,12.12,ok
design,2rfr_A_mpnn_soluble_q-26,60553980,73,main-redhat,hal0255,4,,19.05,ok
design,2rfr_A_mpnn_soluble_q-38,60553979,72,main-redhat,hal0255,4,,24.9,ok
design,2rfr_A_mpnn_soluble_q-8,60553982,75,main-redhat,hal0254,4,,7.84,ok
design,2rfr_A_mpnn_vanilla_weights_q+10,60554184,277,main-redhat,hal0307,4,,11.94,ok
design,2rfr_A_mpnn_vanilla_weights_q+22,60554185,278,main-redhat,hal0307,4,,19.66,ok
design,2rfr_A_mpnn_vanilla_weights_q+34,60554186,279,main-redhat,hal0307,4,,25.01,ok
design,2rfr_A_mpnn_vanilla_weights_q+4,60554183,276,main-redhat,hal0307,4,,7.98,ok
design,2rfr_A_mpnn_vanilla_weights_q-14,60554181,274,main-redhat,hal0316,4,,12.43,ok
design,2rfr_A_mpnn_vanilla_weights_q-26,60554180,273,main-redhat,hal0316,4,,19.65,ok
design,2rfr_A_mpnn_vanilla_weights_q-38,60554179,272,main-redhat,hal0316,4,,45.43,ok
design,2rfr_A_mpnn_vanilla_weights_q-8,60554182,275,main-redhat,hal0307,4,,8.02,ok
design,2rfr_A_random_control_q+10,60560477,34,main-redhat,hal0283,1,,0.0004,ok
design,2rfr_A_random_control_q+22,60560477,34,main-redhat,hal0283,1,,0.0005,ok
design,2rfr_A_random_control_q+34,60560477,34,main-redhat,hal0283,1,,0.0005,ok
design,2rfr_A_random_control_q+4,60560477,34,main-redhat,hal0283,1,,0.0004,ok
design,2rfr_A_random_control_q-14,60560477,34,main-redhat,hal0283,1,,0.0004,ok
design,2rfr_A_random_control_q-26,60560477,34,main-redhat,hal0283,1,,0.0005,ok
design,2rfr_A_random_control_q-38,60560477,34,main-redhat,hal0283,1,,0.0006,ok
design,2rfr_A_random_control_q-8,60560477,34,main-redhat,hal0283,1,,0.0004,ok
design,2rfr_A_rosetta_q+10,60556162,277,main-redhat,hal0326,4,,636.93,ok
design,2rfr_A_rosetta_q+22,60556163,278,main-redhat,hal0326,4,,391.82,ok
design,2rfr_A_rosetta_q+34,60556164,279,main-redhat,hal0326,4,,266.14,ok
design,2rfr_A_rosetta_q+4,60556161,276,main-redhat,hal0326,4,,662.56,ok
design,2rfr_A_rosetta_q-14,60556159,274,main-redhat,hal0326,4,,307.09,ok
design,2rfr_A_rosetta_q-26,60556158,273,main-redhat,hal0326,4,,189.5,ok
design,2rfr_A_rosetta_q-38,60556157,272,main-redhat,hal0326,4,,191.2,ok
design,2rfr_A_rosetta_q-8,60556160,275,main-redhat,hal0326,4,,216.63,ok
design,2waw_A_avnapsa_q+1,60980074,84,main,halk0114,4,,100.4,ok
design,2waw_A_avnapsa_q+25,60981059,86,main,halk0074,4,,107.91,ok
design,2waw_A_avnapsa_q+40,60980077,87,main,halk0145,4,,111.17,ok
design,2waw_A_avnapsa_q+9,60980075,85,main,halk0145,4,,102.54,ok
design,2waw_A_avnapsa_q-15,60980073,83,main,halk0114,4,,98.03,ok
design,2waw_A_avnapsa_q-23,60980072,82,main,halk0114,4,,97.99,ok
design,2waw_A_avnapsa_q-39,60980071,81,main,halk0120,4,,92.85,ok
design,2waw_A_avnapsa_q-54,60980070,80,main,halk0120,4,,91.46,ok
design,2waw_A_mpnn_halo_q+1,61246341,740,main,hal0152,4,,10.52,ok
design,2waw_A_mpnn_halo_q+25,61246343,742,main,hal0152,4,,31.01,ok
design,2waw_A_mpnn_halo_q+40,61246344,743,main,hal0152,4,,41.23,ok
design,2waw_A_mpnn_halo_q+9,61246342,741,main,hal0152,4,,15.1,ok
design,2waw_A_mpnn_halo_q-15,61246340,739,main,hal0152,4,,10.49,ok
design,2waw_A_mpnn_halo_q-23,61246339,738,main,hal0145,4,,21.37,ok
design,2waw_A_mpnn_halo_q-39,61246338,737,main,hal0145,4,,49.7,ok
design,2waw_A_mpnn_halo_q-54,61246337,736,main,hal0145,4,,178.09,ok
design,2waw_A_mpnn_hyper_q+1,61246139,540,main,hal0379,4,,5.59,ok
design,2waw_A_mpnn_hyper_q+25,61246141,542,main,hal0380,4,,11.5,ok
design,2waw_A_mpnn_hyper_q+40,61246142,543,main,hal0380,4,,21.33,ok
design,2waw_A_mpnn_hyper_q+9,61246140,541,main,hal0380,4,,7.6,ok
design,2waw_A_mpnn_hyper_q-15,61246138,539,main,hal0379,4,,5.39,ok
design,2waw_A_mpnn_hyper_q-23,61246137,538,main,hal0379,4,,12.19,ok
design,2waw_A_mpnn_hyper_q-39,61246136,537,main,hal0378,4,,15.69,ok
design,2waw_A_mpnn_hyper_q-54,61246135,536,main,hal0378,4,,95.28,ok
design,2waw_A_mpnn_soluble_q+1,60553991,84,main-redhat,hal0254,4,,7.36,ok
design,2waw_A_mpnn_soluble_q+25,60553993,86,main-redhat,hal0254,4,,16.65,ok
design,2waw_A_mpnn_soluble_q+40,60553994,87,main-redhat,hal0254,4,,27.96,ok
design,2waw_A_mpnn_soluble_q+9,60553992,85,main-redhat,hal0254,4,,10.67,ok
design,2waw_A_mpnn_soluble_q-15,60553990,83,main-redhat,hal0254,4,,7.05,ok
design,2waw_A_mpnn_soluble_q-23,60553989,82,main-redhat,hal0254,4,,10.13,ok
design,2waw_A_mpnn_soluble_q-39,60553988,81,main-redhat,hal0254,4,,19.61,ok
design,2waw_A_mpnn_soluble_q-54,60553987,80,main-redhat,hal0254,4,,28.71,ok
design,2waw_A_mpnn_vanilla_weights_q+1,60554191,284,main-redhat,hal0292,4,,7.36,ok
design,2waw_A_mpnn_vanilla_weights_q+25,60554193,286,main-redhat,hal0292,4,,27.19,ok
design,2waw_A_mpnn_vanilla_weights_q+40,60554194,287,main-redhat,hal0292,4,,28.75,ok
design,2waw_A_mpnn_vanilla_weights_q+9,60554192,285,main-redhat,hal0292,4,,10.93,ok
design,2waw_A_mpnn_vanilla_weights_q-15,60554190,283,main-redhat,hal0292,4,,7.33,ok
design,2waw_A_mpnn_vanilla_weights_q-23,60554189,282,main-redhat,hal0307,4,,11.97,ok
design,2waw_A_mpnn_vanilla_weights_q-39,60554188,281,main-redhat,hal0307,4,,19.69,ok
design,2waw_A_mpnn_vanilla_weights_q-54,60554187,280,main-redhat,hal0307,4,,50.71,ok
design,2waw_A_random_control_q+1,60560478,35,main-redhat,hal0283,1,,0.0004,ok
design,2waw_A_random_control_q+25,60560478,35,main-redhat,hal0283,1,,0.0005,ok
design,2waw_A_random_control_q+40,60560478,35,main-redhat,hal0283,1,,0.0005,ok
design,2waw_A_random_control_q+9,60560478,35,main-redhat,hal0283,1,,0.0004,ok
design,2waw_A_random_control_q-15,60560478,35,main-redhat,hal0283,1,,0.0004,ok
design,2waw_A_random_control_q-23,60560478,35,main-redhat,hal0283,1,,0.0004,ok
design,2waw_A_random_control_q-39,60560478,35,main-redhat,hal0283,1,,0.0005,ok
design,2waw_A_random_control_q-54,60560478,35,main-redhat,hal0283,1,,0.0006,ok
design,2waw_A_rosetta_q+1,60556169,284,main-redhat,hal0326,4,,299.2,ok
design,2waw_A_rosetta_q+25,60556171,286,main-redhat,hal0327,4,,194.62,ok
design,2waw_A_rosetta_q+40,60556172,287,main-redhat,hal0327,4,,225.16,ok
design,2waw_A_rosetta_q+9,60556170,285,main-redhat,hal0326,4,,385.52,ok
design,2waw_A_rosetta_q-15,60556168,283,main-redhat,hal0326,4,,301.86,ok
design,2waw_A_rosetta_q-23,60556167,282,main-redhat,hal0326,4,,275.12,ok
design,2waw_A_rosetta_q-39,60556166,281,main-redhat,hal0326,4,,197.42,ok
design,2waw_A_rosetta_q-54,60556165,280,main-redhat,hal0326,4,,196.5,ok
design,2yxh_A_avnapsa_q+1,60980083,93,main,halk0156,4,,69.28,ok
design,2yxh_A_avnapsa_q+10,60980084,94,main,halk0156,4,,71.26,ok
design,2yxh_A_avnapsa_q+19,60980085,95,main,halk0156,4,,73.09,ok
design,2yxh_A_avnapsa_q-12,60980081,91,main,halk0145,4,,67.85,ok
design,2yxh_A_avnapsa_q-17,60980080,90,main,halk0145,4,,67.72,ok
design,2yxh_A_avnapsa_q-26,60980079,89,main,halk0145,4,,66.18,ok
design,2yxh_A_avnapsa_q-35,60980078,88,main,halk0145,4,,65.36,ok
design,2yxh_A_avnapsa_q-4,60980082,92,main,halk0156,4,,68.82,ok
design,2yxh_A_mpnn_halo_q+1,61246350,749,main,hal0148,4,,10.51,ok
design,2yxh_A_mpnn_halo_q+10,61246351,750,main,hal0148,4,,17.74,ok
design,2yxh_A_mpnn_halo_q+19,61246352,751,main,hal0148,4,,24.01,ok
design,2yxh_A_mpnn_halo_q-12,61246348,747,main,hal0144,4,,7.18,ok
design,2yxh_A_mpnn_halo_q-17,61246347,746,main,hal0144,4,,12.12,ok
design,2yxh_A_mpnn_halo_q-26,61246346,745,main,hal0144,4,,19.56,ok
design,2yxh_A_mpnn_halo_q-35,61246345,744,main,hal0144,4,,31.8,ok
design,2yxh_A_mpnn_halo_q-4,61246349,748,main,hal0144,4,,6.66,ok
design,2yxh_A_mpnn_hyper_q+1,61246148,549,main,hal0381,4,,5.19,ok
design,2yxh_A_mpnn_hyper_q+10,61246149,550,main,hal0381,4,,7.85,ok
design,2yxh_A_mpnn_hyper_q+19,61246150,551,main,hal0381,4,,10.53,ok
design,2yxh_A_mpnn_hyper_q-12,61246146,547,main,hal0381,4,,3.68,ok
design,2yxh_A_mpnn_hyper_q-17,61246145,546,main,hal0381,4,,5.87,ok
design,2yxh_A_mpnn_hyper_q-26,61246144,545,main,hal0381,4,,10.34,ok
design,2yxh_A_mpnn_hyper_q-35,61246143,544,main,hal0381,4,,16.51,ok
design,2yxh_A_mpnn_hyper_q-4,61246147,548,main,hal0381,4,,3.54,ok
design,2yxh_A_mpnn_soluble_q+1,60554000,93,main-redhat,halk0023,4,,8.36,ok
design,2yxh_A_mpnn_soluble_q+10,60554001,94,main-redhat,halk0023,4,,13.25,ok
design,2yxh_A_mpnn_soluble_q+19,60554002,95,main-redhat,halk0026,4,,18.58,ok
design,2yxh_A_mpnn_soluble_q-12,60553998,91,main-redhat,halk0025,4,,6.06,ok
design,2yxh_A_mpnn_soluble_q-17,60553997,90,main-redhat,halk0015,4,,8.9,ok
design,2yxh_A_mpnn_soluble_q-26,60553996,89,main-redhat,hal0254,4,,12.51,ok
design,2yxh_A_mpnn_soluble_q-35,60553995,88,main-redhat,hal0254,4,,15.72,ok
design,2yxh_A_mpnn_soluble_q-4,60553999,92,main-redhat,halk0025,4,,5.54,ok
design,2yxh_A_mpnn_vanilla_weights_q+1,60554200,293,main-redhat,hal0292,4,,6.71,ok
design,2yxh_A_mpnn_vanilla_weights_q+10,60554201,294,main-redhat,hal0292,4,,11.03,ok
design,2yxh_A_mpnn_vanilla_weights_q+19,60554202,295,main-redhat,hal0292,4,,14.55,ok
design,2yxh_A_mpnn_vanilla_weights_q-12,60554198,291,main-redhat,hal0292,4,,5.11,ok
design,2yxh_A_mpnn_vanilla_weights_q-17,60554197,290,main-redhat,hal0292,4,,8.32,ok
design,2yxh_A_mpnn_vanilla_weights_q-26,60554196,289,main-redhat,hal0292,4,,13.13,ok
design,2yxh_A_mpnn_vanilla_weights_q-35,60554195,288,main-redhat,hal0292,4,,16.64,ok
design,2yxh_A_mpnn_vanilla_weights_q-4,60554199,292,main-redhat,hal0292,4,,4.47,ok
design,2yxh_A_random_control_q+1,60560479,36,main-redhat,hal0283,1,,0.0004,ok
design,2yxh_A_random_control_q+10,60560479,36,main-redhat,hal0283,1,,0.0004,ok
design,2yxh_A_random_control_q+19,60560479,36,main-redhat,hal0283,1,,0.0004,ok
design,2yxh_A_random_control_q-12,60560479,36,main-redhat,hal0283,1,,0.0003,ok
design,2yxh_A_random_control_q-17,60560479,36,main-redhat,hal0283,1,,0.0004,ok
design,2yxh_A_random_control_q-26,60560479,36,main-redhat,hal0283,1,,0.0004,ok
design,2yxh_A_random_control_q-35,60560479,36,main-redhat,hal0283,1,,0.0006,ok
design,2yxh_A_random_control_q-4,60560479,36,main-redhat,hal0283,1,,0.0003,ok
design,2yxh_A_rosetta_q+1,60556178,293,main-redhat,hal0327,4,,368.88,ok
design,2yxh_A_rosetta_q+10,60556179,294,main-redhat,hal0327,4,,589.96,ok
design,2yxh_A_rosetta_q+19,60556180,295,main-redhat,hal0327,4,,471.94,ok
design,2yxh_A_rosetta_q-12,60556176,291,main-redhat,hal0327,4,,128.61,ok
design,2yxh_A_rosetta_q-17,60556175,290,main-redhat,hal0327,4,,165.14,ok
design,2yxh_A_rosetta_q-26,60556174,289,main-redhat,hal0327,4,,120.66,ok
design,2yxh_A_rosetta_q-35,60556173,288,main-redhat,hal0327,4,,106.03,ok
design,2yxh_A_rosetta_q-4,60556177,292,main-redhat,hal0327,4,,469.22,ok
design,3dm8_A_avnapsa_q+12,60980091,101,main,halk0153,4,,95.15,ok
design,3dm8_A_avnapsa_q+23,60980092,102,main,halk0153,4,,96.98,ok
design,3dm8_A_avnapsa_q+33,60980093,103,main,halk0153,4,,101.01,ok
design,3dm8_A_avnapsa_q+6,60980090,100,main,halk0153,4,,92.61,ok
design,3dm8_A_avnapsa_q-10,60980088,98,main,halk0156,4,,89.5,ok
design,3dm8_A_avnapsa_q-21,60980087,97,main,halk0156,4,,86.31,ok
design,3dm8_A_avnapsa_q-31,60980086,96,main,halk0156,4,,83.45,ok
design,3dm8_A_avnapsa_q-4,60980089,99,main,halk0153,4,,91.37,ok
design,3dm8_A_mpnn_halo_q+12,61246358,757,main,hal0149,4,,16.34,ok
design,3dm8_A_mpnn_halo_q+23,61246359,758,main,hal0149,4,,27.58,ok
design,3dm8_A_mpnn_halo_q+33,61246360,759,main,hal0159,4,,43.62,ok
design,3dm8_A_mpnn_halo_q+6,61246357,756,main,hal0149,4,,9.86,ok
design,3dm8_A_mpnn_halo_q-10,61246355,754,main,hal0149,4,,18.41,ok
design,3dm8_A_mpnn_halo_q-21,61246354,753,main,hal0148,4,,40.15,ok
design,3dm8_A_mpnn_halo_q-31,61246353,752,main,hal0148,4,,46.19,ok
design,3dm8_A_mpnn_halo_q-4,61246356,755,main,hal0149,4,,10.64,ok
design,3dm8_A_mpnn_hyper_q+12,61246156,557,main,hal0370,4,,7.27,ok
design,3dm8_A_mpnn_hyper_q+23,61246157,558,main,hal0370,4,,11.78,ok
design,3dm8_A_mpnn_hyper_q+33,61246158,559,main,hal0370,4,,16.86,ok
design,3dm8_A_mpnn_hyper_q+6,61246155,556,main,hal0370,4,,4.71,ok
design,3dm8_A_mpnn_hyper_q-10,61246153,554,main,hal0370,4,,8.98,ok
design,3dm8_A_mpnn_hyper_q-21,61246152,553,main,hal0370,4,,17.11,ok
design,3dm8_A_mpnn_hyper_q-31,61246151,552,main,hal0370,4,,23.56,ok
design,3dm8_A_mpnn_hyper_q-4,61246154,555,main,hal0332,4,,6.82,ok
design,3dm8_A_mpnn_soluble_q+12,60554008,101,main-redhat,halk0026,4,,12.3,ok
design,3dm8_A_mpnn_soluble_q+23,60554009,102,main-redhat,halk0026,4,,19.65,ok
design,3dm8_A_mpnn_soluble_q+33,60554010,103,main-redhat,halk0026,4,,27.8,ok
design,3dm8_A_mpnn_soluble_q+6,60554007,100,main-redhat,halk0026,4,,7.66,ok
design,3dm8_A_mpnn_soluble_q-10,60554005,98,main-redhat,halk0026,4,,12.58,ok
design,3dm8_A_mpnn_soluble_q-21,60554004,97,main-redhat,halk0026,4,,20.76,ok
design,3dm8_A_mpnn_soluble_q-31,60554003,96,main-redhat,halk0026,4,,31.04,ok
design,3dm8_A_mpnn_soluble_q-4,60554006,99,main-redhat,halk0026,4,,7.77,ok
design,3dm8_A_mpnn_vanilla_weights_q+12,60554208,301,main-redhat,hal0293,4,,11.27,ok
design,3dm8_A_mpnn_vanilla_weights_q+23,60554209,302,main-redhat,hal0293,4,,19.3,ok
design,3dm8_A_mpnn_vanilla_weights_q+33,60554210,303,main-redhat,hal0293,4,,40.09,ok
design,3dm8_A_mpnn_vanilla_weights_q+6,60554207,300,main-redhat,hal0293,4,,6.59,ok
design,3dm8_A_mpnn_vanilla_weights_q-10,60554205,298,main-redhat,hal0293,4,,11.17,ok
design,3dm8_A_mpnn_vanilla_weights_q-21,60554204,297,main-redhat,hal0292,4,,17.26,ok
design,3dm8_A_mpnn_vanilla_weights_q-31,60554203,296,main-redhat,hal0292,4,,30.92,ok
design,3dm8_A_mpnn_vanilla_weights_q-4,60554206,299,main-redhat,hal0293,4,,6.42,ok
design,3dm8_A_random_control_q+12,60560480,37,main-redhat,hal0283,1,,0.0004,ok
design,3dm8_A_random_control_q+23,60560480,37,main-redhat,hal0283,1,,0.0004,ok
design,3dm8_A_random_control_q+33,60560480,37,main-redhat,hal0283,1,,0.0005,ok
design,3dm8_A_random_control_q+6,60560480,37,main-redhat,hal0283,1,,0.0004,ok
design,3dm8_A_random_control_q-10,60560480,37,main-redhat,hal0283,1,,0.0004,ok
design,3dm8_A_random_control_q-21,60560480,37,main-redhat,hal0283,1,,0.0005,ok
design,3dm8_A_random_control_q-31,60560480,37,main-redhat,hal0283,1,,0.0006,ok
design,3dm8_A_random_control_q-4,60560480,37,main-redhat,hal0283,1,,0.0004,ok
design,3dm8_A_rosetta_q+12,60556186,301,main-redhat,hal0328,4,,386.25,ok
design,3dm8_A_rosetta_q+23,60556187,302,main-redhat,hal0328,4,,354.58,ok
design,3dm8_A_rosetta_q+33,60556188,303,main-redhat,hal0328,4,,242.04,ok
design,3dm8_A_rosetta_q+6,60556185,300,main-redhat,hal0327,4,,291.06,ok
design,3dm8_A_rosetta_q-10,60556183,298,main-redhat,hal0327,4,,212.31,ok
design,3dm8_A_rosetta_q-21,60556182,297,main-redhat,hal0327,4,,160.58,ok
design,3dm8_A_rosetta_q-31,60556181,296,main-redhat,hal0327,4,,152.37,ok
design,3dm8_A_rosetta_q-4,60556184,299,main-redhat,hal0327,4,,170.62,ok
design,3gv1_A_avnapsa_q+12,60980099,109,main,halk0153,4,,89.12,ok
design,3gv1_A_avnapsa_q+22,60980100,110,main,halk0139,4,,91.43,ok
design,3gv1_A_avnapsa_q+33,60980101,111,main,halk0139,4,,94.38,ok
design,3gv1_A_avnapsa_q+6,60980098,108,main,halk0153,4,,87.69,ok
design,3gv1_A_avnapsa_q-10,60980096,106,main,halk0153,4,,85.73,ok
design,3gv1_A_avnapsa_q-20,60980095,105,main,halk0153,4,,84.12,ok
design,3gv1_A_avnapsa_q-31,60980094,104,main,halk0153,4,,81.95,ok
design,3gv1_A_avnapsa_q-4,60980097,107,main,halk0153,4,,86.96,ok
design,3gv1_A_mpnn_halo_q+12,61246366,765,main,hal0163,4,,10.16,ok
design,3gv1_A_mpnn_halo_q+22,61246367,766,main,hal0163,4,,20.79,ok
design,3gv1_A_mpnn_halo_q+33,61246368,767,main,hal0163,4,,28.45,ok
design,3gv1_A_mpnn_halo_q+6,61246365,764,main,hal0163,4,,6.74,ok
design,3gv1_A_mpnn_halo_q-10,61246363,762,main,hal0159,4,,14.76,ok
design,3gv1_A_mpnn_halo_q-20,61246362,761,main,hal0159,4,,22.17,ok
design,3gv1_A_mpnn_halo_q-31,61246361,760,main,hal0159,4,,31.43,ok
design,3gv1_A_mpnn_halo_q-4,61246364,763,main,hal0159,4,,11.31,ok
design,3gv1_A_mpnn_hyper_q+12,61246164,565,main,hal0360,4,,5.17,ok
design,3gv1_A_mpnn_hyper_q+22,61246165,566,main,hal0360,4,,9.2,ok
design,3gv1_A_mpnn_hyper_q+33,61246166,567,main,hal0360,4,,10.83,ok
design,3gv1_A_mpnn_hyper_q+6,61246163,564,main,hal0360,4,,3.72,ok
design,3gv1_A_mpnn_hyper_q-10,61246161,562,main,hal0370,4,,8.3,ok
design,3gv1_A_mpnn_hyper_q-20,61246160,561,main,hal0370,4,,15.24,ok
design,3gv1_A_mpnn_hyper_q-31,61246159,560,main,hal0370,4,,23.3,ok
design,3gv1_A_mpnn_hyper_q-4,61246162,563,main,hal0370,4,,3.63,ok
design,3gv1_A_mpnn_soluble_q+12,60554016,109,main-redhat,halk0071,4,,6.24,ok
design,3gv1_A_mpnn_soluble_q+22,60554017,110,main-redhat,halk0071,4,,8.81,ok
design,3gv1_A_mpnn_soluble_q+33,60554018,111,main-redhat,halk0071,4,,11.49,ok
design,3gv1_A_mpnn_soluble_q+6,60554015,108,main-redhat,halk0071,4,,4.43,ok
design,3gv1_A_mpnn_soluble_q-10,60554013,106,main-redhat,halk0063,4,,5.89,ok
design,3gv1_A_mpnn_soluble_q-20,60554012,105,main-redhat,halk0086,4,,7.66,ok
design,3gv1_A_mpnn_soluble_q-31,60554011,104,main-redhat,halk0026,4,,20.86,ok
design,3gv1_A_mpnn_soluble_q-4,60554014,107,main-redhat,halk0071,4,,4.59,ok
design,3gv1_A_mpnn_vanilla_weights_q+12,60554216,309,main-redhat,hal0293,4,,6.55,ok
design,3gv1_A_mpnn_vanilla_weights_q+22,60554217,310,main-redhat,hal0293,4,,11.02,ok
design,3gv1_A_mpnn_vanilla_weights_q+33,60554218,311,main-redhat,hal0293,4,,13.07,ok
design,3gv1_A_mpnn_vanilla_weights_q+6,60554215,308,main-redhat,hal0293,4,,4.7,ok
design,3gv1_A_mpnn_vanilla_weights_q-10,60554213,306,main-redhat,hal0293,4,,6.95,ok
design,3gv1_A_mpnn_vanilla_weights_q-20,60554212,305,main-redhat,hal0293,4,,12.35,ok
design,3gv1_A_mpnn_vanilla_weights_q-31,60554211,304,main-redhat,hal0293,4,,16.51,ok
design,3gv1_A_mpnn_vanilla_weights_q-4,60554214,307,main-redhat,hal0293,4,,4.78,ok
design,3gv1_A_random_control_q+12,60560481,38,main-redhat,hal0283,1,,0.0004,ok
design,3gv1_A_random_control_q+22,60560481,38,main-redhat,hal0283,1,,0.0004,ok
design,3gv1_A_random_control_q+33,60560481,38,main-redhat,hal0283,1,,0.0004,ok
design,3gv1_A_random_control_q+6,60560481,38,main-redhat,hal0283,1,,0.0003,ok
design,3gv1_A_random_control_q-10,60560481,38,main-redhat,hal0283,1,,0.0004,ok
design,3gv1_A_random_control_q-20,60560481,38,main-redhat,hal0283,1,,0.0004,ok
design,3gv1_A_random_control_q-31,60560481,38,main-redhat,hal0283,1,,0.0005,ok
design,3gv1_A_random_control_q-4,60560481,38,main-redhat,hal0283,1,,0.0003,ok
design,3gv1_A_rosetta_q+12,60556194,309,main-redhat,hal0328,4,,358.82,ok
design,3gv1_A_rosetta_q+22,60556195,310,main-redhat,hal0328,4,,170.06,ok
design,3gv1_A_rosetta_q+33,60556196,311,main-redhat,hal0328,4,,190.54,ok
design,3gv1_A_rosetta_q+6,60556193,308,main-redhat,hal0328,4,,341.49,ok
design,3gv1_A_rosetta_q-10,60556191,306,main-redhat,hal0328,4,,195.08,ok
design,3gv1_A_rosetta_q-20,60556190,305,main-redhat,hal0328,4,,173.43,ok
design,3gv1_A_rosetta_q-31,60556189,304,main-redhat,hal0328,4,,148.5,ok
design,3gv1_A_rosetta_q-4,60556192,307,main-redhat,hal0328,4,,194.83,ok
design,3iu6_A_avnapsa_q+0,60980106,116,main,halk0139,4,,99.78,ok
design,3iu6_A_avnapsa_q+17,60980108,118,main,halk0139,4,,106.61,ok
design,3iu6_A_avnapsa_q+28,60980109,119,main,halk0139,4,,110.69,ok
design,3iu6_A_avnapsa_q+5,60980107,117,main,halk0139,4,,101.56,ok
design,3iu6_A_avnapsa_q-12,60980105,115,main,halk0139,4,,99.74,ok
design,3iu6_A_avnapsa_q-17,60980104,114,main,halk0139,4,,99.22,ok
design,3iu6_A_avnapsa_q-29,60980103,113,main,halk0139,4,,97.5,ok
design,3iu6_A_avnapsa_q-40,60980102,112,main,halk0139,4,,94.7,ok
design,3iu6_A_mpnn_halo_q+0,61246373,772,main,hal0153,4,,8.44,ok
design,3iu6_A_mpnn_halo_q+17,61246375,774,main,hal0153,4,,20.39,ok
design,3iu6_A_mpnn_halo_q+28,61246376,775,main,hal0154,4,,31.79,ok
design,3iu6_A_mpnn_halo_q+5,61246374,773,main,hal0153,4,,12.24,ok
design,3iu6_A_mpnn_halo_q-12,61246372,771,main,hal0151,4,,8.22,ok
design,3iu6_A_mpnn_halo_q-17,61246371,770,main,hal0151,4,,11.26,ok
design,3iu6_A_mpnn_halo_q-29,61246370,769,main,hal0151,4,,32.73,ok
design,3iu6_A_mpnn_halo_q-40,61246369,768,main,hal0163,4,,31.36,ok
design,3iu6_A_mpnn_hyper_q+0,61246171,572,main,hal0360,4,,4.43,ok
design,3iu6_A_mpnn_hyper_q+17,61246173,574,main,hal0364,4,,9.37,ok
design,3iu6_A_mpnn_hyper_q+28,61246174,575,main,hal0364,4,,11.31,ok
design,3iu6_A_mpnn_hyper_q+5,61246172,573,main,hal0364,4,,5.94,ok
design,3iu6_A_mpnn_hyper_q-12,61246170,571,main,hal0360,4,,4.32,ok
design,3iu6_A_mpnn_hyper_q-17,61246169,570,main,hal0360,4,,5.92,ok
design,3iu6_A_mpnn_hyper_q-29,61246168,569,main,hal0360,4,,10.62,ok
design,3iu6_A_mpnn_hyper_q-40,61246167,568,main,hal0360,4,,14.17,ok
design,3iu6_A_mpnn_soluble_q+0,60554023,116,main-redhat,halk0084,4,,5.68,ok
design,3iu6_A_mpnn_soluble_q+17,60554025,118,main-redhat,halk0084,4,,9.19,ok
design,3iu6_A_mpnn_soluble_q+28,60554026,119,main-redhat,halk0084,4,,12.13,ok
design,3iu6_A_mpnn_soluble_q+5,60554024,117,main-redhat,halk0084,4,,6.0,ok
design,3iu6_A_mpnn_soluble_q-12,60554022,115,main-redhat,halk0084,4,,6.78,ok
design,3iu6_A_mpnn_soluble_q-17,60554021,114,main-redhat,halk0084,4,,6.15,ok
design,3iu6_A_mpnn_soluble_q-29,60554020,113,main-redhat,halk0084,4,,8.97,ok
design,3iu6_A_mpnn_soluble_q-40,60554019,112,main-redhat,halk0071,4,,11.15,ok
design,3iu6_A_mpnn_vanilla_weights_q+0,60554223,316,main-redhat,hal0294,4,,6.16,ok
design,3iu6_A_mpnn_vanilla_weights_q+17,60554225,318,main-redhat,hal0294,4,,12.85,ok
design,3iu6_A_mpnn_vanilla_weights_q+28,60554226,319,main-redhat,hal0294,4,,17.41,ok
design,3iu6_A_mpnn_vanilla_weights_q+5,60554224,317,main-redhat,hal0294,4,,8.31,ok
design,3iu6_A_mpnn_vanilla_weights_q-12,60554222,315,main-redhat,hal0294,4,,5.18,ok
design,3iu6_A_mpnn_vanilla_weights_q-17,60554221,314,main-redhat,hal0294,4,,7.13,ok
design,3iu6_A_mpnn_vanilla_weights_q-29,60554220,313,main-redhat,hal0294,4,,13.09,ok
design,3iu6_A_mpnn_vanilla_weights_q-40,60554219,312,main-redhat,hal0293,4,,15.93,ok
design,3iu6_A_random_control_q+0,60560482,39,main-redhat,hal0283,1,,0.0004,ok
design,3iu6_A_random_control_q+17,60560482,39,main-redhat,hal0283,1,,0.0004,ok
design,3iu6_A_random_control_q+28,60560482,39,main-redhat,hal0283,1,,0.0005,ok
design,3iu6_A_random_control_q+5,60560482,39,main-redhat,hal0283,1,,0.0004,ok
design,3iu6_A_random_control_q-12,60560482,39,main-redhat,hal0283,1,,0.0004,ok
design,3iu6_A_random_control_q-17,60560482,39,main-redhat,hal0283,1,,0.0004,ok
design,3iu6_A_random_control_q-29,60560482,39,main-redhat,hal0283,1,,0.0004,ok
design,3iu6_A_random_control_q-40,60560482,39,main-redhat,hal0283,1,,0.0006,ok
design,3iu6_A_rosetta_q+0,60556201,316,main-redhat,hal0337,4,,614.29,ok
design,3iu6_A_rosetta_q+17,60556203,318,main-redhat,hal0337,4,,435.64,ok
design,3iu6_A_rosetta_q+28,60556204,319,main-redhat,hal0337,4,,279.93,ok
design,3iu6_A_rosetta_q+5,60556202,317,main-redhat,hal0337,4,,399.98,ok
design,3iu6_A_rosetta_q-12,60556200,315,main-redhat,hal0328,4,,204.74,ok
design,3iu6_A_rosetta_q-17,60556199,314,main-redhat,hal0328,4,,218.61,ok
design,3iu6_A_rosetta_q-29,60556198,313,main-redhat,hal0328,4,,172.0,ok
design,3iu6_A_rosetta_q-40,60556197,312,main-redhat,hal0328,4,,172.48,ok
design,3sjq_C_avnapsa_q+1,60980111,121,main,halk0139,4,,67.43,ok
design,3sjq_C_avnapsa_q+11,60980113,123,main,halk0142,4,,69.79,ok
design,3sjq_C_avnapsa_q+17,60980114,124,main,halk0142,4,,70.72,ok
design,3sjq_C_avnapsa_q+20,60980115,125,main,halk0142,4,,71.14,ok
design,3sjq_C_avnapsa_q+27,60980116,126,main,halk0142,4,,71.32,ok
design,3sjq_C_avnapsa_q+33,60980117,127,main,halk0142,4,,75.62,ok
design,3sjq_C_avnapsa_q+8,60980112,122,main,halk0142,4,,69.72,ok
design,3sjq_C_avnapsa_q-5,60980110,120,main,halk0139,4,,66.51,ok
design,3sjq_C_mpnn_halo_q+1,61246378,777,main,hal0154,4,,15.04,ok
design,3sjq_C_mpnn_halo_q+11,61246380,779,main,hal0158,4,,5.26,ok
design,3sjq_C_mpnn_halo_q+17,61246381,780,main,hal0158,4,,5.28,ok
design,3sjq_C_mpnn_halo_q+20,61246382,781,main,hal0162,4,,6.96,ok
design,3sjq_C_mpnn_halo_q+27,61246383,782,main,hal0162,4,,11.81,ok
design,3sjq_C_mpnn_halo_q+33,61246384,783,main,hal0162,4,,17.64,ok
design,3sjq_C_mpnn_halo_q+8,61246379,778,main,hal0158,4,,8.1,ok
design,3sjq_C_mpnn_halo_q-5,61246377,776,main,hal0154,4,,24.26,ok
design,3sjq_C_mpnn_hyper_q+1,61246176,577,main,hal0364,4,,8.7,ok
design,3sjq_C_mpnn_hyper_q+11,61246178,579,main,hal0364,4,,3.08,ok
design,3sjq_C_mpnn_hyper_q+17,61246179,580,main,hal0364,4,,2.77,ok
design,3sjq_C_mpnn_hyper_q+20,61246180,581,main,hal0364,4,,3.54,ok
design,3sjq_C_mpnn_hyper_q+27,61246181,582,main,hal0364,4,,8.33,ok
design,3sjq_C_mpnn_hyper_q+33,61246182,583,main,hal0364,4,,8.9,ok
design,3sjq_C_mpnn_hyper_q+8,61246177,578,main,hal0364,4,,4.55,ok
design,3sjq_C_mpnn_hyper_q-5,61246175,576,main,hal0364,4,,15.28,ok
design,3sjq_C_mpnn_soluble_q+1,60554407,121,main-redhat,hal0283,4,,9.39,ok
design,3sjq_C_mpnn_soluble_q+11,60554409,123,main-redhat,hal0283,4,,3.66,ok
design,3sjq_C_mpnn_soluble_q+17,60554410,124,main-redhat,hal0273,4,,3.45,ok
design,3sjq_C_mpnn_soluble_q+20,60554411,125,main-redhat,hal0273,4,,5.12,ok
design,3sjq_C_mpnn_soluble_q+27,60554412,126,main-redhat,hal0273,4,,8.35,ok
design,3sjq_C_mpnn_soluble_q+33,60554413,127,main-redhat,hal0273,4,,10.86,ok
design,3sjq_C_mpnn_soluble_q+8,60554408,122,main-redhat,hal0283,4,,5.18,ok
design,3sjq_C_mpnn_soluble_q-5,60554406,120,main-redhat,hal0283,4,,12.34,ok
design,3sjq_C_mpnn_vanilla_weights_q+1,60554456,321,main-redhat,hal0274,4,,9.47,ok
design,3sjq_C_mpnn_vanilla_weights_q+11,60554458,323,main-redhat,hal0273,4,,3.49,ok
design,3sjq_C_mpnn_vanilla_weights_q+17,60554459,324,main-redhat,hal0273,4,,3.34,ok
design,3sjq_C_mpnn_vanilla_weights_q+20,60554460,325,main-redhat,hal0273,4,,4.86,ok
design,3sjq_C_mpnn_vanilla_weights_q+27,60554461,326,main-redhat,hal0273,4,,8.14,ok
design,3sjq_C_mpnn_vanilla_weights_q+33,60554462,327,main-redhat,hal0273,4,,10.31,ok
design,3sjq_C_mpnn_vanilla_weights_q+8,60554457,322,main-redhat,hal0273,4,,5.21,ok
design,3sjq_C_mpnn_vanilla_weights_q-5,60554455,320,main-redhat,hal0274,4,,12.54,ok
design,3sjq_C_random_control_q+1,60560483,40,main-redhat,hal0283,1,,0.0004,ok
design,3sjq_C_random_control_q+11,60560483,40,main-redhat,hal0283,1,,0.0003,ok
design,3sjq_C_random_control_q+17,60560483,40,main-redhat,hal0283,1,,0.0003,ok
design,3sjq_C_random_control_q+20,60560483,40,main-redhat,hal0283,1,,0.0003,ok
design,3sjq_C_random_control_q+27,60560483,40,main-redhat,hal0283,1,,0.0004,ok
design,3sjq_C_random_control_q+33,60560483,40,main-redhat,hal0283,1,,0.0004,ok
design,3sjq_C_random_control_q+8,60560483,40,main-redhat,hal0283,1,,0.0003,ok
design,3sjq_C_random_control_q-5,60560483,40,main-redhat,hal0283,1,,0.0005,ok
design,3sjq_C_rosetta_q+1,60556206,321,main-redhat,hal0354,4,,169.44,ok
design,3sjq_C_rosetta_q+11,60556208,323,main-redhat,hal0354,4,,98.86,ok
design,3sjq_C_rosetta_q+17,60556209,324,main-redhat,hal0354,4,,435.74,ok
design,3sjq_C_rosetta_q+20,60556210,325,main-redhat,hal0354,4,,489.95,ok
design,3sjq_C_rosetta_q+27,60556211,326,main-redhat,hal0354,4,,282.57,ok
design,3sjq_C_rosetta_q+33,60556212,327,main-redhat,hal0353,4,,232.96,ok
design,3sjq_C_rosetta_q+8,60556207,322,main-redhat,hal0354,4,,127.87,ok
design,3sjq_C_rosetta_q-5,60556205,320,main-redhat,hal0337,4,,148.73,ok
design,3vjf_A_avnapsa_q+10,60980124,134,main,halk0144,4,,63.26,ok
design,3vjf_A_avnapsa_q+17,60981060,135,main,halk0056,4,,56.44,ok
design,3vjf_A_avnapsa_q+2,60980123,133,main,halk0142,4,,61.23,ok
design,3vjf_A_avnapsa_q-1,60980122,132,main,halk0142,4,,61.23,ok
design,3vjf_A_avnapsa_q-12,60980120,130,main,halk0142,4,,60.57,ok
design,3vjf_A_avnapsa_q-20,60980119,129,main,halk0142,4,,60.95,ok
design,3vjf_A_avnapsa_q-27,60980118,128,main,halk0142,4,,58.54,ok
design,3vjf_A_avnapsa_q-9,60980121,131,main,halk0142,4,,59.53,ok
design,3vjf_A_mpnn_halo_q+10,61246391,790,main,hal0143,4,,27.47,ok
design,3vjf_A_mpnn_halo_q+17,61246392,791,main,hal0143,4,,36.73,ok
design,3vjf_A_mpnn_halo_q+2,61246390,789,main,hal0166,4,,13.83,ok
design,3vjf_A_mpnn_halo_q-1,61246389,788,main,hal0166,4,,10.1,ok
design,3vjf_A_mpnn_halo_q-12,61246387,786,main,hal0165,4,,12.66,ok
design,3vjf_A_mpnn_halo_q-20,61246386,785,main,hal0165,4,,25.89,ok
design,3vjf_A_mpnn_halo_q-27,61246385,784,main,hal0165,4,,43.81,ok
design,3vjf_A_mpnn_halo_q-9,61246388,787,main,hal0166,4,,8.49,ok
design,3vjf_A_mpnn_hyper_q+10,61246189,590,main,hal0126,4,,21.33,ok
design,3vjf_A_mpnn_hyper_q+17,61246190,591,main,hal0127,4,,38.39,ok
design,3vjf_A_mpnn_hyper_q+2,61246188,589,main,hal0126,4,,12.59,ok
design,3vjf_A_mpnn_hyper_q-1,61246187,588,main,hal0126,4,,10.3,ok
design,3vjf_A_mpnn_hyper_q-12,61246185,586,main,hal0364,4,,6.32,ok
design,3vjf_A_mpnn_hyper_q-20,61246184,585,main,hal0364,4,,12.62,ok
design,3vjf_A_mpnn_hyper_q-27,61246183,584,main,hal0364,4,,18.05,ok
design,3vjf_A_mpnn_hyper_q-9,61246186,587,main,hal0364,4,,4.02,ok
design,3vjf_A_mpnn_soluble_q+10,60554041,134,main-redhat,halk0073,4,,12.51,ok
design,3vjf_A_mpnn_soluble_q+17,60554042,135,main-redhat,halk0082,4,,15.08,ok
design,3vjf_A_mpnn_soluble_q+2,60554040,133,main-redhat,halk0073,4,,7.14,ok
design,3vjf_A_mpnn_soluble_q-1,60554039,132,main-redhat,halk0073,4,,5.39,ok
design,3vjf_A_mpnn_soluble_q-12,60554037,130,main-redhat,halk0073,4,,6.72,ok
design,3vjf_A_mpnn_soluble_q-20,60554036,129,main-redhat,halk0073,4,,11.18,ok
design,3vjf_A_mpnn_soluble_q-27,60554035,128,main-redhat,halk0073,4,,14.56,ok
design,3vjf_A_mpnn_soluble_q-9,60554038,131,main-redhat,halk0073,4,,4.95,ok
design,3vjf_A_mpnn_vanilla_weights_q+10,60554241,334,main-redhat,hal0296,4,,16.13,ok
design,3vjf_A_mpnn_vanilla_weights_q+17,60554242,335,main-redhat,hal0296,4,,21.58,ok
design,3vjf_A_mpnn_vanilla_weights_q+2,60554240,333,main-redhat,hal0296,4,,9.35,ok
design,3vjf_A_mpnn_vanilla_weights_q-1,60554239,332,main-redhat,hal0296,4,,6.05,ok
design,3vjf_A_mpnn_vanilla_weights_q-12,60554237,330,main-redhat,hal0296,4,,8.34,ok
design,3vjf_A_mpnn_vanilla_weights_q-20,60554236,329,main-redhat,hal0296,4,,15.43,ok
design,3vjf_A_mpnn_vanilla_weights_q-27,60554235,328,main-redhat,hal0296,4,,20.65,ok
design,3vjf_A_mpnn_vanilla_weights_q-9,60554238,331,main-redhat,hal0296,4,,6.08,ok
design,3vjf_A_random_control_q+10,60560484,41,main-redhat,hal0283,1,,0.0004,ok
design,3vjf_A_random_control_q+17,60560484,41,main-redhat,hal0283,1,,0.0004,ok
design,3vjf_A_random_control_q+2,60560484,41,main-redhat,hal0283,1,,0.0004,ok
design,3vjf_A_random_control_q-1,60560484,41,main-redhat,hal0283,1,,0.0004,ok
design,3vjf_A_random_control_q-12,60560484,41,main-redhat,hal0283,1,,0.0004,ok
design,3vjf_A_random_control_q-20,60560484,41,main-redhat,hal0283,1,,0.0004,ok
design,3vjf_A_random_control_q-27,60560484,41,main-redhat,hal0283,1,,0.0005,ok
design,3vjf_A_random_control_q-9,60560484,41,main-redhat,hal0283,1,,0.0004,ok
design,3vjf_A_rosetta_q+10,60556219,334,main-redhat,hal0353,4,,663.61,ok
design,3vjf_A_rosetta_q+17,60556220,335,main-redhat,hal0353,4,,574.4,ok
design,3vjf_A_rosetta_q+2,60556218,333,main-redhat,hal0353,4,,854.01,ok
design,3vjf_A_rosetta_q-1,60556217,332,main-redhat,hal0353,4,,1023.7,ok
design,3vjf_A_rosetta_q-12,60556215,330,main-redhat,hal0353,4,,91.33,ok
design,3vjf_A_rosetta_q-20,60556214,329,main-redhat,hal0353,4,,107.87,ok
design,3vjf_A_rosetta_q-27,60556213,328,main-redhat,hal0353,4,,102.62,ok
design,3vjf_A_rosetta_q-9,60556216,331,main-redhat,hal0353,4,,96.36,ok
design,3vto_Q_avnapsa_q+10,60980131,141,main,halk0144,4,,67.23,ok
design,3vto_Q_avnapsa_q+18,60980132,142,main,halk0144,4,,68.5,ok
design,3vto_Q_avnapsa_q+27,60980133,143,main,halk0144,4,,71.16,ok
design,3vto_Q_avnapsa_q+5,60980130,140,main,halk0144,4,,66.11,ok
design,3vto_Q_avnapsa_q-16,60981062,137,main,halk0068,4,,61.02,ok
design,3vto_Q_avnapsa_q-25,60981061,136,main,halk0056,4,,55.75,ok
design,3vto_Q_avnapsa_q-3,60980129,139,main,halk0144,4,,66.43,ok
design,3vto_Q_avnapsa_q-8,60981063,138,main,halk0068,4,,61.42,ok
design,3vto_Q_mpnn_halo_q+10,61246398,797,main,hal0143,4,,16.19,ok
design,3vto_Q_mpnn_halo_q+18,61246399,798,main,hal0143,4,,26.25,ok
design,3vto_Q_mpnn_halo_q+27,61246400,799,main,hal0143,4,,43.3,ok
design,3vto_Q_mpnn_halo_q+5,61246397,796,main,hal0143,4,,9.28,ok
design,3vto_Q_mpnn_halo_q-16,61246394,793,main,hal0143,4,,34.72,ok
design,3vto_Q_mpnn_halo_q-25,61246393,792,main,hal0143,4,,61.8,ok
design,3vto_Q_mpnn_halo_q-3,61246396,795,main,hal0143,4,,7.61,ok
design,3vto_Q_mpnn_halo_q-8,61246395,794,main,hal0143,4,,13.85,ok
design,3vto_Q_mpnn_hyper_q+10,61246196,597,main,hal0125,4,,12.48,ok
design,3vto_Q_mpnn_hyper_q+18,61246197,598,main,hal0130,4,,23.82,ok
design,3vto_Q_mpnn_hyper_q+27,61246198,599,main,hal0130,4,,32.43,ok
design,3vto_Q_mpnn_hyper_q+5,61246195,596,main,hal0125,4,,7.38,ok
design,3vto_Q_mpnn_hyper_q-16,61246192,593,main,hal0127,4,,28.88,ok
design,3vto_Q_mpnn_hyper_q-25,61246191,592,main,hal0127,4,,39.74,ok
design,3vto_Q_mpnn_hyper_q-3,61246194,595,main,hal0125,4,,8.35,ok
design,3vto_Q_mpnn_hyper_q-8,61246193,594,main,hal0125,4,,14.02,ok
design,3vto_Q_mpnn_soluble_q+10,60554419,141,main-redhat,hal0280,4,,11.63,ok
design,3vto_Q_mpnn_soluble_q+18,60554420,142,main-redhat,hal0280,4,,16.25,ok
design,3vto_Q_mpnn_soluble_q+27,60554421,143,main-redhat,hal0280,4,,21.88,ok
design,3vto_Q_mpnn_soluble_q+5,60554418,140,main-redhat,hal0280,4,,7.36,ok
design,3vto_Q_mpnn_soluble_q-16,60554415,137,main-redhat,hal0273,4,,13.59,ok
design,3vto_Q_mpnn_soluble_q-25,60554414,136,main-redhat,hal0273,4,,20.05,ok
design,3vto_Q_mpnn_soluble_q-3,60554417,139,main-redhat,hal0280,4,,7.05,ok
design,3vto_Q_mpnn_soluble_q-8,60554416,138,main-redhat,hal0273,4,,8.57,ok
design,3vto_Q_mpnn_vanilla_weights_q+10,60554468,341,main-redhat,hal0280,4,,10.02,ok
design,3vto_Q_mpnn_vanilla_weights_q+18,60554469,342,main-redhat,hal0280,4,,15.55,ok
design,3vto_Q_mpnn_vanilla_weights_q+27,60554470,343,main-redhat,hal0277,4,,19.98,ok
design,3vto_Q_mpnn_vanilla_weights_q+5,60554467,340,main-redhat,hal0280,4,,5.43,ok
design,3vto_Q_mpnn_vanilla_weights_q-16,60554464,337,main-redhat,hal0280,4,,15.98,ok
design,3vto_Q_mpnn_vanilla_weights_q-25,60554463,336,main-redhat,hal0273,4,,21.09,ok
design,3vto_Q_mpnn_vanilla_weights_q-3,60554466,339,main-redhat,hal0280,4,,5.95,ok
design,3vto_Q_mpnn_vanilla_weights_q-8,60554465,338,main-redhat,hal0280,4,,9.86,ok
design,3vto_Q_random_control_q+10,60560485,42,main-redhat,hal0274,1,,0.0004,ok
design,3vto_Q_random_control_q+18,60560485,42,main-redhat,hal0274,1,,0.0005,ok
design,3vto_Q_random_control_q+27,60560485,42,main-redhat,hal0274,1,,0.0005,ok
design,3vto_Q_random_control_q+5,60560485,42,main-redhat,hal0274,1,,0.0004,ok
design,3vto_Q_random_control_q-16,60560485,42,main-redhat,hal0274,1,,0.0005,ok
design,3vto_Q_random_control_q-25,60560485,42,main-redhat,hal0274,1,,0.0006,ok
design,3vto_Q_random_control_q-3,60560485,42,main-redhat,hal0274,1,,0.0004,ok
design,3vto_Q_random_control_q-8,60560485,42,main-redhat,hal0274,1,,0.0004,ok
design,3vto_Q_rosetta_q+10,60556226,341,main-redhat,hal0336,4,,385.88,ok
design,3vto_Q_rosetta_q+18,60556227,342,main-redhat,hal0336,4,,1120.22,ok
design,3vto_Q_rosetta_q+27,60556228,343,main-redhat,hal0336,4,,604.96,ok
design,3vto_Q_rosetta_q+5,60556225,340,main-redhat,hal0336,4,,465.13,ok
design,3vto_Q_rosetta_q-16,60556222,337,main-redhat,hal0336,4,,132.86,ok
design,3vto_Q_rosetta_q-25,60556221,336,main-redhat,hal0336,4,,181.33,ok
design,3vto_Q_rosetta_q-3,60556224,339,main-redhat,hal0336,4,,126.22,ok
design,3vto_Q_rosetta_q-8,60556223,338,main-redhat,hal0336,4,,104.9,ok
design,4agh_A_avnapsa_q+13,60980140,150,main,halk0157,4,,59.14,ok
design,4agh_A_avnapsa_q+19,60980141,151,main,halk0157,4,,59.84,ok
design,4agh_A_avnapsa_q+3,60980138,148,main,halk0157,4,,57.68,ok
design,4agh_A_avnapsa_q+6,60980139,149,main,halk0157,4,,58.05,ok
design,4agh_A_avnapsa_q-13,60980135,145,main,halk0144,4,,54.96,ok
design,4agh_A_avnapsa_q-19,60981048,144,main,halk0068,4,,51.97,ok
design,4agh_A_avnapsa_q-3,60980137,147,main,halk0157,4,,56.69,ok
design,4agh_A_avnapsa_q-6,60980136,146,main,halk0157,4,,56.59,ok
design,4agh_A_mpnn_halo_q+13,61246407,806,main,hal0150,4,,12.38,ok
design,4agh_A_mpnn_halo_q+19,61246408,807,main,hal0150,4,,16.17,ok
design,4agh_A_mpnn_halo_q+3,61246405,804,main,hal0150,4,,5.06,ok
design,4agh_A_mpnn_halo_q+6,61246406,805,main,hal0150,4,,7.33,ok
design,4agh_A_mpnn_halo_q-13,61246402,801,main,hal0150,4,,12.88,ok
design,4agh_A_mpnn_halo_q-19,61246401,800,main,hal0150,4,,28.63,ok
design,4agh_A_mpnn_halo_q-3,61246404,803,main,hal0150,4,,4.85,ok
design,4agh_A_mpnn_halo_q-6,61246403,802,main,hal0150,4,,7.0,ok
design,4agh_A_mpnn_hyper_q+13,61246205,606,main,hal0121,4,,12.76,ok
design,4agh_A_mpnn_hyper_q+19,61246206,607,main,hal0121,4,,23.67,ok
design,4agh_A_mpnn_hyper_q+3,61246203,604,main,hal0121,4,,5.19,ok
design,4agh_A_mpnn_hyper_q+6,61246204,605,main,hal0121,4,,7.46,ok
design,4agh_A_mpnn_hyper_q-13,61246200,601,main,hal0130,4,,11.08,ok
design,4agh_A_mpnn_hyper_q-19,61246199,600,main,hal0130,4,,17.47,ok
design,4agh_A_mpnn_hyper_q-3,61246202,603,main,hal0121,4,,4.85,ok
design,4agh_A_mpnn_hyper_q-6,61246201,602,main,hal0121,4,,7.15,ok
design,4agh_A_mpnn_soluble_q+13,60554057,150,main-redhat,halk0085,4,,5.79,ok
design,4agh_A_mpnn_soluble_q+19,60554058,151,main-redhat,halk0085,4,,7.57,ok
design,4agh_A_mpnn_soluble_q+3,60554055,148,main-redhat,halk0082,4,,3.55,ok
design,4agh_A_mpnn_soluble_q+6,60554056,149,main-redhat,halk0082,4,,3.47,ok
design,4agh_A_mpnn_soluble_q-13,60554052,145,main-redhat,halk0082,4,,6.21,ok
design,4agh_A_mpnn_soluble_q-19,60554051,144,main-redhat,halk0082,4,,7.8,ok
design,4agh_A_mpnn_soluble_q-3,60554054,147,main-redhat,halk0082,4,,4.13,ok
design,4agh_A_mpnn_soluble_q-6,60554053,146,main-redhat,halk0082,4,,3.52,ok
design,4agh_A_mpnn_vanilla_weights_q+13,60554257,350,main-redhat,hal0297,4,,7.24,ok
design,4agh_A_mpnn_vanilla_weights_q+19,60554258,351,main-redhat,hal0297,4,,9.22,ok
design,4agh_A_mpnn_vanilla_weights_q+3,60554255,348,main-redhat,hal0297,4,,3.25,ok
design,4agh_A_mpnn_vanilla_weights_q+6,60554256,349,main-redhat,hal0297,4,,4.22,ok
design,4agh_A_mpnn_vanilla_weights_q-13,60554252,345,main-redhat,hal0297,4,,7.53,ok
design,4agh_A_mpnn_vanilla_weights_q-19,60554251,344,main-redhat,hal0297,4,,12.38,ok
design,4agh_A_mpnn_vanilla_weights_q-3,60554254,347,main-redhat,hal0297,4,,3.08,ok
design,4agh_A_mpnn_vanilla_weights_q-6,60554253,346,main-redhat,hal0297,4,,4.27,ok
design,4agh_A_random_control_q+13,60560486,43,main-redhat,hal0274,1,,0.0005,ok
design,4agh_A_random_control_q+19,60560486,43,main-redhat,hal0274,1,,0.0005,ok
design,4agh_A_random_control_q+3,60560486,43,main-redhat,hal0274,1,,0.0004,ok
design,4agh_A_random_control_q+6,60560486,43,main-redhat,hal0274,1,,0.0004,ok
design,4agh_A_random_control_q-13,60560486,43,main-redhat,hal0274,1,,0.0005,ok
design,4agh_A_random_control_q-19,60560486,43,main-redhat,hal0274,1,,0.0007,ok
design,4agh_A_random_control_q-3,60560486,43,main-redhat,hal0274,1,,0.0004,ok
design,4agh_A_random_control_q-6,60560486,43,main-redhat,hal0274,1,,0.0004,ok
design,4agh_A_rosetta_q+13,60556235,350,main-redhat,hal0343,4,,534.58,ok
design,4agh_A_rosetta_q+19,60556236,351,main-redhat,hal0343,4,,272.88,ok
design,4agh_A_rosetta_q+3,60556233,348,main-redhat,hal0343,4,,297.12,ok
design,4agh_A_rosetta_q+6,60556234,349,main-redhat,hal0343,4,,281.34,ok
design,4agh_A_rosetta_q-13,60556230,345,main-redhat,hal0336,4,,106.8,ok
design,4agh_A_rosetta_q-19,60556229,344,main-redhat,hal0336,4,,119.02,ok
design,4agh_A_rosetta_q-3,60556232,347,main-redhat,hal0343,4,,87.58,ok
design,4agh_A_rosetta_q-6,60556231,346,main-redhat,hal0336,4,,105.49,ok
design,4cq4_B_avnapsa_q+11,60980148,158,main,hal0259,4,,55.11,ok
design,4cq4_B_avnapsa_q+19,60980149,159,main,hal0259,4,,56.98,ok
design,4cq4_B_avnapsa_q+3,60980147,157,main,halk0157,4,,66.84,ok
design,4cq4_B_avnapsa_q-1,60980146,156,main,halk0157,4,,65.65,ok
design,4cq4_B_avnapsa_q-13,60980144,154,main,halk0157,4,,65.17,ok
design,4cq4_B_avnapsa_q-21,60980143,153,main,halk0157,4,,63.56,ok
design,4cq4_B_avnapsa_q-29,60980142,152,main,halk0157,4,,63.24,ok
design,4cq4_B_avnapsa_q-9,60980145,155,main,halk0157,4,,65.39,ok
design,4cq4_B_mpnn_halo_q+11,61246415,814,main,hal0160,4,,23.67,ok
design,4cq4_B_mpnn_halo_q+19,61246416,815,main,hal0160,4,,40.51,ok
design,4cq4_B_mpnn_halo_q+3,61246414,813,main,hal0160,4,,14.16,ok
design,4cq4_B_mpnn_halo_q-1,61246413,812,main,hal0160,4,,8.84,ok
design,4cq4_B_mpnn_halo_q-13,61246411,810,main,hal0160,4,,14.64,ok
design,4cq4_B_mpnn_halo_q-21,61246410,809,main,hal0150,4,,25.97,ok
design,4cq4_B_mpnn_halo_q-29,61246409,808,main,hal0150,4,,48.14,ok
design,4cq4_B_mpnn_halo_q-9,61246412,811,main,hal0160,4,,8.97,ok
design,4cq4_B_mpnn_hyper_q+11,61246213,614,main,hal0122,4,,22.73,ok
design,4cq4_B_mpnn_hyper_q+19,61246214,615,main,hal0122,4,,29.45,ok
design,4cq4_B_mpnn_hyper_q+3,61246212,613,main,hal0122,4,,13.18,ok
design,4cq4_B_mpnn_hyper_q-1,61246211,612,main,hal0122,4,,8.65,ok
design,4cq4_B_mpnn_hyper_q-13,61246209,610,main,hal0122,4,,13.22,ok
design,4cq4_B_mpnn_hyper_q-21,61246208,609,main,hal0121,4,,40.13,ok
design,4cq4_B_mpnn_hyper_q-29,61246207,608,main,hal0121,4,,39.38,ok
design,4cq4_B_mpnn_hyper_q-9,61246210,611,main,hal0122,4,,8.66,ok
design,4cq4_B_mpnn_soluble_q+11,60554428,158,main-redhat,hal0277,4,,15.38,ok
design,4cq4_B_mpnn_soluble_q+19,60554429,159,main-redhat,hal0277,4,,20.67,ok
design,4cq4_B_mpnn_soluble_q+3,60554427,157,main-redhat,hal0277,4,,9.43,ok
design,4cq4_B_mpnn_soluble_q-1,60554426,156,main-redhat,hal0277,4,,5.85,ok
design,4cq4_B_mpnn_soluble_q-13,60554424,154,main-redhat,hal0277,4,,8.56,ok
design,4cq4_B_mpnn_soluble_q-21,60554423,153,main-redhat,hal0277,4,,14.28,ok
design,4cq4_B_mpnn_soluble_q-29,60554422,152,main-redhat,hal0280,4,,21.08,ok
design,4cq4_B_mpnn_soluble_q-9,60554425,155,main-redhat,hal0277,4,,5.35,ok
design,4cq4_B_mpnn_vanilla_weights_q+11,60554477,358,main-redhat,hal0253,4,,14.98,ok
design,4cq4_B_mpnn_vanilla_weights_q+19,60554478,359,main-redhat,hal0253,4,,21.08,ok
design,4cq4_B_mpnn_vanilla_weights_q+3,60554476,357,main-redhat,hal0277,4,,8.54,ok
design,4cq4_B_mpnn_vanilla_weights_q-1,60554475,356,main-redhat,hal0277,4,,4.97,ok
design,4cq4_B_mpnn_vanilla_weights_q-13,60554473,354,main-redhat,hal0277,4,,8.54,ok
design,4cq4_B_mpnn_vanilla_weights_q-21,60554472,353,main-redhat,hal0277,4,,14.56,ok
design,4cq4_B_mpnn_vanilla_weights_q-29,60554471,352,main-redhat,hal0277,4,,19.75,ok
design,4cq4_B_mpnn_vanilla_weights_q-9,60554474,355,main-redhat,hal0277,4,,5.47,ok
design,4cq4_B_random_control_q+11,60560487,44,main-redhat,hal0274,1,,0.0005,ok
design,4cq4_B_random_control_q+19,60560487,44,main-redhat,hal0274,1,,0.0006,ok
design,4cq4_B_random_control_q+3,60560487,44,main-redhat,hal0274,1,,0.0005,ok
design,4cq4_B_random_control_q-1,60560487,44,main-redhat,hal0274,1,,0.0005,ok
design,4cq4_B_random_control_q-13,60560487,44,main-redhat,hal0274,1,,0.0005,ok
design,4cq4_B_random_control_q-21,60560487,44,main-redhat,hal0274,1,,0.0006,ok
design,4cq4_B_random_control_q-29,60560487,44,main-redhat,hal0274,1,,0.0007,ok
design,4cq4_B_random_control_q-9,60560487,44,main-redhat,hal0274,1,,0.0005,ok
design,4cq4_B_rosetta_q+11,60556243,358,main-redhat,hal0343,4,,364.37,ok
design,4cq4_B_rosetta_q+19,60556244,359,main-redhat,hal0343,4,,520.52,ok
design,4cq4_B_rosetta_q+3,60556242,357,main-redhat,hal0343,4,,662.71,ok
design,4cq4_B_rosetta_q-1,60556241,356,main-redhat,hal0343,4,,825.03,ok
design,4cq4_B_rosetta_q-13,60556239,354,main-redhat,hal0343,4,,176.85,ok
design,4cq4_B_rosetta_q-21,60556238,353,main-redhat,hal0343,4,,110.97,ok
design,4cq4_B_rosetta_q-29,60556237,352,main-redhat,hal0343,4,,127.51,ok
design,4cq4_B_rosetta_q-9,60556240,355,main-redhat,hal0343,4,,116.63,ok
design,4lws_B_avnapsa_q+1,60980155,165,main,hal0243,4,,40.15,ok
design,4lws_B_avnapsa_q+15,60980157,167,main,hal0243,4,,43.27,ok
design,4lws_B_avnapsa_q+8,60980156,166,main,hal0243,4,,52.07,ok
design,4lws_B_avnapsa_q-13,60980152,162,main,hal0240,4,,40.6,ok
design,4lws_B_avnapsa_q-20,60980151,161,main,hal0240,4,,39.26,ok
design,4lws_B_avnapsa_q-27,60980150,160,main,hal0240,4,,50.51,ok
design,4lws_B_avnapsa_q-3,60980154,164,main,hal0243,4,,39.69,ok
design,4lws_B_avnapsa_q-9,60980153,163,main,hal0243,4,,38.85,ok
design,4lws_B_mpnn_halo_q+1,61246422,821,main,hal0161,4,,10.7,ok
design,4lws_B_mpnn_halo_q+15,61246424,823,main,hal0161,4,,23.91,ok
design,4lws_B_mpnn_halo_q+8,61246423,822,main,hal0161,4,,17.52,ok
design,4lws_B_mpnn_halo_q-13,61246419,818,main,hal0160,4,,9.84,ok
design,4lws_B_mpnn_halo_q-20,61246418,817,main,hal0160,4,,17.35,ok
design,4lws_B_mpnn_halo_q-27,61246417,816,main,hal0160,4,,23.1,ok
design,4lws_B_mpnn_halo_q-3,61246421,820,main,hal0161,4,,6.28,ok
design,4lws_B_mpnn_halo_q-9,61246420,819,main,hal0160,4,,5.61,ok
design,4lws_B_mpnn_hyper_q+1,61246220,621,main,hal0123,4,,11.29,ok
design,4lws_B_mpnn_hyper_q+15,61246222,623,main,hal0123,4,,25.01,ok
design,4lws_B_mpnn_hyper_q+8,61246221,622,main,hal0123,4,,19.13,ok
design,4lws_B_mpnn_hyper_q-13,61246217,618,main,hal0123,4,,9.99,ok
design,4lws_B_mpnn_hyper_q-20,61246216,617,main,hal0122,4,,21.67,ok
design,4lws_B_mpnn_hyper_q-27,61246215,616,main,hal0122,4,,26.18,ok
design,4lws_B_mpnn_hyper_q-3,61246219,620,main,hal0123,4,,6.81,ok
design,4lws_B_mpnn_hyper_q-9,61246218,619,main,hal0123,4,,6.48,ok
design,4lws_B_mpnn_soluble_q+1,60554435,165,main-redhat,hal0249,4,,6.61,ok
design,4lws_B_mpnn_soluble_q+15,60554437,167,main-redhat,hal0249,4,,13.8,ok
design,4lws_B_mpnn_soluble_q+8,60554436,166,main-redhat,hal0249,4,,10.7,ok
design,4lws_B_mpnn_soluble_q-13,60554432,162,main-redhat,hal0253,4,,6.49,ok
design,4lws_B_mpnn_soluble_q-20,60554431,161,main-redhat,hal0253,4,,10.49,ok
design,4lws_B_mpnn_soluble_q-27,60554430,160,main-redhat,hal0253,4,,14.11,ok
design,4lws_B_mpnn_soluble_q-3,60554434,164,main-redhat,hal0249,4,,3.92,ok
design,4lws_B_mpnn_soluble_q-9,60554433,163,main-redhat,hal0249,4,,3.89,ok
design,4lws_B_mpnn_vanilla_weights_q+1,60554484,365,main-redhat,hal0244,4,,6.34,ok
design,4lws_B_mpnn_vanilla_weights_q+15,60554486,367,main-redhat,hal0244,4,,14.03,ok
design,4lws_B_mpnn_vanilla_weights_q+8,60554485,366,main-redhat,hal0244,4,,10.33,ok
design,4lws_B_mpnn_vanilla_weights_q-13,60554481,362,main-redhat,hal0244,4,,5.81,ok
design,4lws_B_mpnn_vanilla_weights_q-20,60554480,361,main-redhat,hal0244,4,,9.38,ok
design,4lws_B_mpnn_vanilla_weights_q-27,60554479,360,main-redhat,hal0253,4,,13.82,ok
design,4lws_B_mpnn_vanilla_weights_q-3,60554483,364,main-redhat,hal0244,4,,3.72,ok
design,4lws_B_mpnn_vanilla_weights_q-9,60554482,363,main-redhat,hal0244,4,,3.65,ok
design,4lws_B_random_control_q+1,60560488,45,main-redhat,hal0274,1,,0.0004,ok
design,4lws_B_random_control_q+15,60560488,45,main-redhat,hal0274,1,,0.0004,ok
design,4lws_B_random_control_q+8,60560488,45,main-redhat,hal0274,1,,0.0004,ok
design,4lws_B_random_control_q-13,60560488,45,main-redhat,hal0274,1,,0.0004,ok
design,4lws_B_random_control_q-20,60560488,45,main-redhat,hal0274,1,,0.0004,ok
design,4lws_B_random_control_q-27,60560488,45,main-redhat,hal0274,1,,0.0005,ok
design,4lws_B_random_control_q-3,60560488,45,main-redhat,hal0274,1,,0.0004,ok
design,4lws_B_random_control_q-9,60560488,45,main-redhat,hal0274,1,,0.0003,ok
design,4lws_B_rosetta_q+1,60556250,365,main-redhat,hal0344,4,,471.51,ok
design,4lws_B_rosetta_q+15,60556252,367,main-redhat,hal0344,4,,645.13,ok
design,4lws_B_rosetta_q+8,60556251,366,main-redhat,hal0344,4,,529.92,ok
design,4lws_B_rosetta_q-13,60556247,362,main-redhat,hal0344,4,,88.52,ok
design,4lws_B_rosetta_q-20,60556246,361,main-redhat,hal0344,4,,103.8,ok
design,4lws_B_rosetta_q-27,60556245,360,main-redhat,hal0344,4,,106.29,ok
design,4lws_B_rosetta_q-3,60556249,364,main-redhat,hal0344,4,,435.15,ok
design,4lws_B_rosetta_q-9,60556248,363,main-redhat,hal0344,4,,65.09,ok
design,4o32_C_avnapsa_q+14,60980162,172,main,hal0256,4,,50.72,ok
design,4o32_C_avnapsa_q+17,60980163,173,main,hal0256,4,,51.72,ok
design,4o32_C_avnapsa_q+25,60980164,174,main,hal0257,4,,58.09,ok
design,4o32_C_avnapsa_q+3,60980160,170,main,hal0243,4,,51.99,ok
design,4o32_C_avnapsa_q+32,60980165,175,main,hal0257,4,,58.55,ok
design,4o32_C_avnapsa_q+6,60980161,171,main,hal0256,4,,49.29,ok
design,4o32_C_avnapsa_q-12,60980158,168,main,hal0243,4,,50.04,ok
design,4o32_C_avnapsa_q-5,60980159,169,main,hal0243,4,,50.87,ok
design,4o32_C_mpnn_halo_q+14,61246429,828,main,hal0161,4,,6.14,ok
design,4o32_C_mpnn_halo_q+17,61246430,829,main,hal0161,4,,11.97,ok
design,4o32_C_mpnn_halo_q+25,61246431,830,main,hal0164,4,,18.3,ok
design,4o32_C_mpnn_halo_q+3,61246427,826,main,hal0161,4,,8.24,ok
design,4o32_C_mpnn_halo_q+32,61246432,831,main,hal0164,4,,21.42,ok
design,4o32_C_mpnn_halo_q+6,61246428,827,main,hal0161,4,,5.87,ok
design,4o32_C_mpnn_halo_q-12,61246425,824,main,hal0161,4,,18.51,ok
design,4o32_C_mpnn_halo_q-5,61246426,825,main,hal0161,4,,16.49,ok
design,4o32_C_mpnn_hyper_q+14,61246227,628,main,hal0124,4,,6.07,ok
design,4o32_C_mpnn_hyper_q+17,61246228,629,main,hal0124,4,,8.28,ok
design,4o32_C_mpnn_hyper_q+25,61246229,630,main,hal0124,4,,15.22,ok
design,4o32_C_mpnn_hyper_q+3,61246225,626,main,hal0124,4,,8.53,ok
design,4o32_C_mpnn_hyper_q+32,61246230,631,main,hal0124,4,,20.7,ok
design,4o32_C_mpnn_hyper_q+6,61246226,627,main,hal0124,4,,6.17,ok
design,4o32_C_mpnn_hyper_q-12,61246223,624,main,hal0123,4,,21.29,ok
design,4o32_C_mpnn_hyper_q-5,61246224,625,main,hal0123,4,,16.18,ok
design,4o32_C_mpnn_soluble_q+14,60554442,172,main-redhat,hal0258,4,,3.75,ok
design,4o32_C_mpnn_soluble_q+17,60554443,173,main-redhat,hal0244,4,,5.14,ok
design,4o32_C_mpnn_soluble_q+25,60554444,174,main-redhat,hal0244,4,,12.16,ok
design,4o32_C_mpnn_soluble_q+3,60554440,170,main-redhat,hal0249,4,,5.06,ok
design,4o32_C_mpnn_soluble_q+32,60554445,175,main-redhat,hal0244,4,,12.81,ok
design,4o32_C_mpnn_soluble_q+6,60554441,171,main-redhat,hal0258,4,,3.71,ok
design,4o32_C_mpnn_soluble_q-12,60554438,168,main-redhat,hal0249,4,,10.57,ok
design,4o32_C_mpnn_soluble_q-5,60554439,169,main-redhat,hal0249,4,,8.24,ok
design,4o32_C_mpnn_vanilla_weights_q+14,60554491,372,main-redhat,hal0244,4,,3.68,ok
design,4o32_C_mpnn_vanilla_weights_q+17,60554492,373,main-redhat,hal0244,4,,5.11,ok
design,4o32_C_mpnn_vanilla_weights_q+25,60554493,374,main-redhat,hal0249,4,,7.24,ok
design,4o32_C_mpnn_vanilla_weights_q+3,60554489,370,main-redhat,hal0244,4,,4.91,ok
design,4o32_C_mpnn_vanilla_weights_q+32,60554396,375,main-redhat,hal0249,4,,12.23,ok
design,4o32_C_mpnn_vanilla_weights_q+6,60554490,371,main-redhat,hal0244,4,,3.53,ok
design,4o32_C_mpnn_vanilla_weights_q-12,60554487,368,main-redhat,hal0244,4,,10.05,ok
design,4o32_C_mpnn_vanilla_weights_q-5,60554488,369,main-redhat,hal0244,4,,8.07,ok
design,4o32_C_random_control_q+14,60560489,46,main-redhat,hal0274,1,,0.0004,ok
design,4o32_C_random_control_q+17,60560489,46,main-redhat,hal0274,1,,0.0004,ok
design,4o32_C_random_control_q+25,60560489,46,main-redhat,hal0274,1,,0.0005,ok
design,4o32_C_random_control_q+3,60560489,46,main-redhat,hal0274,1,,0.0004,ok
design,4o32_C_random_control_q+32,60560489,46,main-redhat,hal0274,1,,0.0005,ok
design,4o32_C_random_control_q+6,60560489,46,main-redhat,hal0274,1,,0.0004,ok
design,4o32_C_random_control_q-12,60560489,46,main-redhat,hal0274,1,,0.0007,ok
design,4o32_C_random_control_q-5,60560489,46,main-redhat,hal0274,1,,0.0005,ok
design,4o32_C_rosetta_q+14,60556257,372,main-redhat,hal0344,4,,363.69,ok
design,4o32_C_rosetta_q+17,60556258,373,main-redhat,hal0352,4,,339.44,ok
design,4o32_C_rosetta_q+25,60556259,374,main-redhat,hal0352,4,,152.32,ok
design,4o32_C_rosetta_q+3,60556255,370,main-redhat,hal0344,4,,133.86,ok
design,4o32_C_rosetta_q+32,60556260,375,main-redhat,hal0352,4,,265.76,ok
design,4o32_C_rosetta_q+6,60556256,371,main-redhat,hal0344,4,,116.24,ok
design,4o32_C_rosetta_q-12,60556253,368,main-redhat,hal0344,4,,171.81,ok
design,4o32_C_rosetta_q-5,60556254,369,main-redhat,hal0344,4,,132.2,ok
design,4oeb_A_avnapsa_q+19,60980172,182,main,hal0245,4,,91.13,ok
design,4oeb_A_avnapsa_q+3,60980170,180,main,hal0261,4,,86.72,ok
design,4oeb_A_avnapsa_q+30,60980173,183,main,hal0245,4,,94.17,ok
design,4oeb_A_avnapsa_q+9,60980171,181,main,hal0261,4,,88.47,ok
design,4oeb_A_avnapsa_q-13,60980168,178,main,hal0257,4,,80.32,ok
design,4oeb_A_avnapsa_q-23,60980167,177,main,hal0257,4,,78.32,ok
design,4oeb_A_avnapsa_q-34,60980166,176,main,hal0257,4,,74.96,ok
design,4oeb_A_avnapsa_q-7,60980169,179,main,hal0261,4,,84.44,ok
design,4oeb_A_mpnn_halo_q+19,61246439,838,main,hal0164,4,,23.12,ok
design,4oeb_A_mpnn_halo_q+3,61246437,836,main,hal0164,4,,8.03,ok
design,4oeb_A_mpnn_halo_q+30,61246440,839,main,hal0164,4,,45.13,ok
design,4oeb_A_mpnn_halo_q+9,61246438,837,main,hal0164,4,,12.6,ok
design,4oeb_A_mpnn_halo_q-13,61246435,834,main,hal0164,4,,13.62,ok
design,4oeb_A_mpnn_halo_q-23,61246434,833,main,hal0164,4,,27.0,ok
design,4oeb_A_mpnn_halo_q-34,61246433,832,main,hal0164,4,,70.74,ok
design,4oeb_A_mpnn_halo_q-7,61246436,835,main,hal0164,4,,8.14,ok
design,4oeb_A_mpnn_hyper_q+19,61246237,638,main,hal0128,4,,26.33,ok
design,4oeb_A_mpnn_hyper_q+3,61246235,636,main,hal0128,4,,8.74,ok
design,4oeb_A_mpnn_hyper_q+30,61246238,639,main,hal0128,4,,41.41,ok
design,4oeb_A_mpnn_hyper_q+9,61246236,637,main,hal0128,4,,13.68,ok
design,4oeb_A_mpnn_hyper_q-13,61246233,634,main,hal0128,4,,14.39,ok
design,4oeb_A_mpnn_hyper_q-23,61246232,633,main,hal0124,4,,26.53,ok
design,4oeb_A_mpnn_hyper_q-34,61246231,632,main,hal0124,4,,35.71,ok
design,4oeb_A_mpnn_hyper_q-7,61246234,635,main,hal0128,4,,8.43,ok
design,4oeb_A_mpnn_soluble_q+19,60554089,182,main-redhat,halk0097,4,,11.3,ok
design,4oeb_A_mpnn_soluble_q+3,60554087,180,main-redhat,halk0102,4,,4.32,ok
design,4oeb_A_mpnn_soluble_q+30,60554090,183,main-redhat,halk0097,4,,15.46,ok
design,4oeb_A_mpnn_soluble_q+9,60554088,181,main-redhat,halk0097,4,,7.34,ok
design,4oeb_A_mpnn_soluble_q-13,60554085,178,main-redhat,halk0102,4,,6.03,ok
design,4oeb_A_mpnn_soluble_q-23,60554084,177,main-redhat,halk0102,4,,8.75,ok
design,4oeb_A_mpnn_soluble_q-34,60554083,176,main-redhat,halk0102,4,,13.83,ok
design,4oeb_A_mpnn_soluble_q-7,60554086,179,main-redhat,halk0102,4,,4.01,ok
design,4oeb_A_mpnn_vanilla_weights_q+19,60554289,382,main-redhat,hal0308,4,,18.11,ok
design,4oeb_A_mpnn_vanilla_weights_q+3,60554287,380,main-redhat,hal0308,4,,5.44,ok
design,4oeb_A_mpnn_vanilla_weights_q+30,60554290,383,main-redhat,hal0308,4,,29.11,ok
design,4oeb_A_mpnn_vanilla_weights_q+9,60554288,381,main-redhat,hal0308,4,,8.91,ok
design,4oeb_A_mpnn_vanilla_weights_q-13,60554285,378,main-redhat,hal0308,4,,8.1,ok
design,4oeb_A_mpnn_vanilla_weights_q-23,60554284,377,main-redhat,hal0308,4,,17.32,ok
design,4oeb_A_mpnn_vanilla_weights_q-34,60554283,376,main-redhat,hal0308,4,,20.95,ok
design,4oeb_A_mpnn_vanilla_weights_q-7,60554286,379,main-redhat,hal0308,4,,5.15,ok
design,4oeb_A_random_control_q+19,60560490,47,main-redhat,hal0274,1,,0.0005,ok
design,4oeb_A_random_control_q+3,60560490,47,main-redhat,hal0274,1,,0.0004,ok
design,4oeb_A_random_control_q+30,60560490,47,main-redhat,hal0274,1,,0.0006,ok
design,4oeb_A_random_control_q+9,60560490,47,main-redhat,hal0274,1,,0.0005,ok
design,4oeb_A_random_control_q-13,60560490,47,main-redhat,hal0274,1,,0.0005,ok
design,4oeb_A_random_control_q-23,60560490,47,main-redhat,hal0274,1,,0.0007,ok
design,4oeb_A_random_control_q-34,60560490,47,main-redhat,hal0274,1,,0.0007,ok
design,4oeb_A_random_control_q-7,60560490,47,main-redhat,hal0274,1,,0.0005,ok
design,4oeb_A_rosetta_q+19,60556267,382,main-redhat,hal0355,4,,291.75,ok
design,4oeb_A_rosetta_q+3,60556265,380,main-redhat,hal0352,4,,550.22,ok
design,4oeb_A_rosetta_q+30,60556268,383,main-redhat,hal0355,4,,373.11,ok
design,4oeb_A_rosetta_q+9,60556266,381,main-redhat,hal0355,4,,409.98,ok
design,4oeb_A_rosetta_q-13,60556263,378,main-redhat,hal0352,4,,311.77,ok
design,4oeb_A_rosetta_q-23,60556262,377,main-redhat,hal0352,4,,201.28,ok
design,4oeb_A_rosetta_q-34,60556261,376,main-redhat,hal0352,4,,200.31,ok
design,4oeb_A_rosetta_q-7,60556264,379,main-redhat,hal0352,4,,254.78,ok
design,4pif_A_avnapsa_q+11,60980179,189,main,hal0245,4,,70.03,ok
design,4pif_A_avnapsa_q+22,60980180,190,main,hal0245,4,,74.54,ok
design,4pif_A_avnapsa_q+33,60980181,191,main,hal0245,4,,75.01,ok
design,4pif_A_avnapsa_q+6,60980178,188,main,hal0245,4,,68.47,ok
design,4pif_A_avnapsa_q-11,60980176,186,main,hal0245,4,,65.81,ok
design,4pif_A_avnapsa_q-22,60980175,185,main,hal0245,4,,61.75,ok
design,4pif_A_avnapsa_q-33,60980174,184,main,hal0245,4,,61.59,ok
design,4pif_A_avnapsa_q-6,60980177,187,main,hal0245,4,,66.34,ok
design,4pif_A_mpnn_halo_q+11,61246446,845,main,hal0097,4,,12.3,ok
design,4pif_A_mpnn_halo_q+22,61246447,846,main,hal0097,4,,23.56,ok
design,4pif_A_mpnn_halo_q+33,61246448,847,main,hal0097,4,,30.16,ok
design,4pif_A_mpnn_halo_q+6,61246445,844,main,hal0097,4,,7.85,ok
design,4pif_A_mpnn_halo_q-11,61246443,842,main,hal0113,4,,19.51,ok
design,4pif_A_mpnn_halo_q-22,61246442,841,main,hal0113,4,,26.8,ok
design,4pif_A_mpnn_halo_q-33,61246441,840,main,hal0113,4,,34.66,ok
design,4pif_A_mpnn_halo_q-6,61246444,843,main,hal0097,4,,8.1,ok
design,4pif_A_mpnn_hyper_q+11,61246244,645,main,hal0129,4,,12.56,ok
design,4pif_A_mpnn_hyper_q+22,61246245,646,main,hal0129,4,,24.49,ok
design,4pif_A_mpnn_hyper_q+33,61246246,647,main,hal0129,4,,55.95,ok
design,4pif_A_mpnn_hyper_q+6,61246243,644,main,hal0129,4,,9.01,ok
design,4pif_A_mpnn_hyper_q-11,61246241,642,main,hal0129,4,,16.9,ok
design,4pif_A_mpnn_hyper_q-22,61246240,641,main,hal0128,4,,28.97,ok
design,4pif_A_mpnn_hyper_q-33,61246239,640,main,hal0128,4,,46.81,ok
design,4pif_A_mpnn_hyper_q-6,61246242,643,main,hal0129,4,,8.75,ok
design,4pif_A_mpnn_soluble_q+11,60554096,189,main-redhat,halk0097,4,,5.88,ok
design,4pif_A_mpnn_soluble_q+22,60554097,190,main-redhat,halk0097,4,,9.76,ok
design,4pif_A_mpnn_soluble_q+33,60554098,191,main-redhat,halk0097,4,,17.58,ok
design,4pif_A_mpnn_soluble_q+6,60554095,188,main-redhat,halk0097,4,,4.36,ok
design,4pif_A_mpnn_soluble_q-11,60554093,186,main-redhat,halk0097,4,,6.56,ok
design,4pif_A_mpnn_soluble_q-22,60554092,185,main-redhat,halk0097,4,,8.8,ok
design,4pif_A_mpnn_soluble_q-33,60554091,184,main-redhat,halk0097,4,,16.9,ok
design,4pif_A_mpnn_soluble_q-6,60554094,187,main-redhat,halk0097,4,,4.81,ok
design,4pif_A_mpnn_vanilla_weights_q+11,60554296,389,main-redhat,hal0312,4,,7.61,ok
design,4pif_A_mpnn_vanilla_weights_q+22,60554297,390,main-redhat,hal0312,4,,18.98,ok
design,4pif_A_mpnn_vanilla_weights_q+33,60554298,391,main-redhat,hal0312,4,,18.96,ok
design,4pif_A_mpnn_vanilla_weights_q+6,60554295,388,main-redhat,hal0312,4,,5.67,ok
design,4pif_A_mpnn_vanilla_weights_q-11,60554293,386,main-redhat,hal0308,4,,7.55,ok
design,4pif_A_mpnn_vanilla_weights_q-22,60554292,385,main-redhat,hal0308,4,,19.06,ok
design,4pif_A_mpnn_vanilla_weights_q-33,60554291,384,main-redhat,hal0308,4,,32.27,ok
design,4pif_A_mpnn_vanilla_weights_q-6,60554294,387,main-redhat,hal0308,4,,5.26,ok
design,4pif_A_random_control_q+11,60560491,48,main-redhat,hal0277,1,,0.0004,ok
design,4pif_A_random_control_q+22,60560491,48,main-redhat,hal0277,1,,0.0004,ok
design,4pif_A_random_control_q+33,60560491,48,main-redhat,hal0277,1,,0.0005,ok
design,4pif_A_random_control_q+6,60560491,48,main-redhat,hal0277,1,,0.0004,ok
design,4pif_A_random_control_q-11,60560491,48,main-redhat,hal0277,1,,0.0004,ok
design,4pif_A_random_control_q-22,60560491,48,main-redhat,hal0277,1,,0.0004,ok
design,4pif_A_random_control_q-33,60560491,48,main-redhat,hal0277,1,,0.0006,ok
design,4pif_A_random_control_q-6,60560491,48,main-redhat,hal0277,1,,0.0003,ok
design,4pif_A_rosetta_q+11,60556274,389,main-redhat,hal0355,4,,362.17,ok
design,4pif_A_rosetta_q+22,60556275,390,main-redhat,hal0355,4,,226.2,ok
design,4pif_A_rosetta_q+33,60556276,391,main-redhat,hal0355,4,,182.93,ok
design,4pif_A_rosetta_q+6,60556273,388,main-redhat,hal0355,4,,338.23,ok
design,4pif_A_rosetta_q-11,60556271,386,main-redhat,hal0355,4,,218.25,ok
design,4pif_A_rosetta_q-22,60556270,385,main-redhat,hal0355,4,,159.09,ok
design,4pif_A_rosetta_q-33,60556269,384,main-redhat,hal0355,4,,159.65,ok
design,4pif_A_rosetta_q-6,60556272,387,main-redhat,hal0355,4,,169.15,ok
design,eGFP_avnapsa_q+11,60980186,197,main,hal0252,4,,156.48,ok
design,eGFP_avnapsa_q+2,60980185,196,main,hal0252,4,,154.3,ok
design,eGFP_avnapsa_q+30,60980187,198,main,hal0252,4,,161.05,ok
design,eGFP_avnapsa_q+48,60979987,199,main,hal0252,4,,168.18,ok
design,eGFP_avnapsa_q-16,60980184,195,main,hal0252,4,,151.64,ok
design,eGFP_avnapsa_q-25,60980183,194,main,hal0252,4,,149.68,ok
design,eGFP_avnapsa_q-44,60980182,193,main,hal0252,4,,158.89,ok
design,eGFP_avnapsa_q-62,60979228,192,main,hal0341,4,,176.83,ok
design,eGFP_mpnn_halo_q+11,61246454,853,main,hal0101,4,,29.9,ok
design,eGFP_mpnn_halo_q+2,61246453,852,main,hal0101,4,,19.11,ok
design,eGFP_mpnn_halo_q+30,61246455,854,main,hal0101,4,,67.88,ok
design,eGFP_mpnn_halo_q+48,61246055,855,main,hal0101,4,,84.1,ok
design,eGFP_mpnn_halo_q-16,61246452,851,main,hal0101,4,,15.32,ok
design,eGFP_mpnn_halo_q-25,61246451,850,main,hal0101,4,,40.08,ok
design,eGFP_mpnn_halo_q-44,61246450,849,main,hal0097,4,,78.28,ok
design,eGFP_mpnn_halo_q-62,61246449,848,main,hal0361,4,,35.13,ok
design,eGFP_mpnn_hyper_q+11,61246254,653,main,hal0131,4,,29.03,ok
design,eGFP_mpnn_hyper_q+2,61246251,652,main,hal0131,4,,19.13,ok
design,eGFP_mpnn_hyper_q+30,61246255,654,main,hal0131,4,,65.31,ok
design,eGFP_mpnn_hyper_q+48,61246256,655,main,hal0131,4,,73.68,ok
design,eGFP_mpnn_hyper_q-16,61246250,651,main,hal0131,4,,19.5,ok
design,eGFP_mpnn_hyper_q-25,61246249,650,main,hal0131,4,,30.46,ok
design,eGFP_mpnn_hyper_q-44,61246248,649,main,hal0129,4,,67.27,ok
design,eGFP_mpnn_hyper_q-62,61246247,648,main,hal0129,4,,73.15,ok
design,eGFP_mpnn_soluble_hbond_protected_q+11,60554366,453,main-redhat,hal0272,4,,14.39,ok
design,eGFP_mpnn_soluble_hbond_protected_q+2,60554365,452,main-redhat,hal0272,4,,9.57,ok
design,eGFP_mpnn_soluble_hbond_protected_q+30,60554367,454,main-redhat,hal0283,4,,30.88,ok
design,eGFP_mpnn_soluble_hbond_protected_q+48,60553903,455,main-redhat,hal0283,4,,55.73,ok
design,eGFP_mpnn_soluble_hbond_protected_q-16,60554364,451,main-redhat,hal0272,4,,9.47,ok
design,eGFP_mpnn_soluble_hbond_protected_q-25,60554357,450,main-redhat,hal0329,4,,13.81,ok
design,eGFP_mpnn_soluble_hbond_protected_q-44,60554356,449,main-redhat,hal0329,4,,26.63,ok
design,eGFP_mpnn_soluble_hbond_protected_q-62,60554355,448,main-redhat,hal0329,4,,43.75,ok
design,eGFP_mpnn_soluble_q+11,60554104,197,main-redhat,halk0038,4,,14.3,ok
design,eGFP_mpnn_soluble_q+2,60554103,196,main-redhat,halk0038,4,,9.53,ok
design,eGFP_mpnn_soluble_q+30,60554105,198,main-redhat,halk0038,4,,30.84,ok
design,eGFP_mpnn_soluble_q+48,60554106,199,main-redhat,halk0038,4,,35.92,ok
design,eGFP_mpnn_soluble_q-16,60554102,195,main-redhat,halk0038,4,,9.08,ok
design,eGFP_mpnn_soluble_q-25,60554101,194,main-redhat,halk0038,4,,13.67,ok
design,eGFP_mpnn_soluble_q-44,60554100,193,main-redhat,halk0038,4,,22.15,ok
design,eGFP_mpnn_soluble_q-62,60554099,192,main-redhat,halk0097,4,,33.2,ok
design,eGFP_mpnn_vanilla_weights_q+11,60554304,397,main-redhat,hal0312,4,,18.38,ok
design,eGFP_mpnn_vanilla_weights_q+2,60554303,396,main-redhat,hal0312,4,,12.07,ok
design,eGFP_mpnn_vanilla_weights_q+30,60554305,398,main-redhat,hal0312,4,,29.03,ok
design,eGFP_mpnn_vanilla_weights_q+48,60554306,399,main-redhat,hal0312,4,,64.61,ok
design,eGFP_mpnn_vanilla_weights_q-16,60554302,395,main-redhat,hal0312,4,,10.69,ok
design,eGFP_mpnn_vanilla_weights_q-25,60554301,394,main-redhat,hal0312,4,,18.73,ok
design,eGFP_mpnn_vanilla_weights_q-44,60554300,393,main-redhat,hal0312,4,,30.06,ok
design,eGFP_mpnn_vanilla_weights_q-62,60554299,392,main-redhat,hal0312,4,,53.45,ok
design,eGFP_random_control_q+11,60560467,49,main-redhat,hal0277,1,,0.0006,ok
design,eGFP_random_control_q+2,60560467,49,main-redhat,hal0277,1,,0.0005,ok
design,eGFP_random_control_q+30,60560467,49,main-redhat,hal0277,1,,0.0006,ok
design,eGFP_random_control_q+48,60560467,49,main-redhat,hal0277,1,,0.0007,ok
design,eGFP_random_control_q-16,60560467,49,main-redhat,hal0277,1,,0.0005,ok
design,eGFP_random_control_q-25,60560467,49,main-redhat,hal0277,1,,0.0005,ok
design,eGFP_random_control_q-44,60560467,49,main-redhat,hal0277,1,,0.0006,ok
design,eGFP_random_control_q-62,60560467,49,main-redhat,hal0277,1,,0.0008,ok
design,eGFP_rosetta_hbond_off_q+11,61246512,453,main,hal0365,4,,651.19,ok
design,eGFP_rosetta_hbond_off_q+2,61246511,452,main,hal0362,4,,635.39,ok
design,eGFP_rosetta_hbond_off_q+30,61246513,454,main,hal0365,4,,576.9,ok
design,eGFP_rosetta_hbond_off_q+48,61246459,455,main,hal0363,4,,481.03,ok
design,eGFP_rosetta_hbond_off_q-16,61246510,451,main,hal0362,4,,371.75,ok
design,eGFP_rosetta_hbond_off_q-25,61246509,450,main,hal0361,4,,361.59,ok
design,eGFP_rosetta_hbond_off_q-44,61246508,449,main,hal0352,4,,410.46,ok
design,eGFP_rosetta_hbond_off_q-62,61246507,448,main,hal0351,4,,411.4,ok
design,eGFP_rosetta_q+11,60556282,397,main-redhat,hal0339,4,,979.22,ok
design,eGFP_rosetta_q+2,60556281,396,main-redhat,hal0339,4,,707.13,ok
design,eGFP_rosetta_q+30,60556283,398,main-redhat,hal0339,4,,484.84,ok
design,eGFP_rosetta_q+48,60555885,399,main-redhat,hal0339,4,,436.09,ok
design,eGFP_rosetta_q-16,60556280,395,main-redhat,hal0339,4,,488.02,ok
design,eGFP_rosetta_q-25,60556279,394,main-redhat,hal0339,4,,495.05,ok
design,eGFP_rosetta_q-44,60556278,393,main-redhat,hal0355,4,,392.45,ok
design,eGFP_rosetta_q-62,60556277,392,main-redhat,hal0355,4,,386.9,ok
rejection_tsweep,1a1x_A_vanilla_rejection_T0.6,61261908,0,main,hal0319,4,,300.97,ok
rejection_tsweep,1at0_A_vanilla_rejection_T0.6,61261909,1,main,hal0334,4,,401.15,ok
rejection_tsweep,1kll_A_vanilla_rejection_T0.6,61261910,2,main,hal0328,4,,360.56,ok
rejection_tsweep,1l8d_A_vanilla_rejection_T0.6,61261911,3,main,hal0333,4,,352.25,ok
rejection_tsweep,1li1_B_vanilla_rejection_T0.6,61261912,4,main,hal0333,4,,660.01,ok
rejection_tsweep,1lom_A_vanilla_rejection_T0.6,61261913,5,main,hal0333,4,,349.5,ok
rejection_tsweep,1vmg_A_vanilla_rejection_T0.6,61261914,6,main,hal0329,4,,283.64,ok
rejection_tsweep,2gux_A_vanilla_rejection_T0.6,61261915,7,main,hal0329,4,,407.76,ok
rejection_tsweep,2i7r_A_vanilla_rejection_T0.6,61261916,8,main,hal0331,4,,430.52,ok
rejection_tsweep,2rfr_A_vanilla_rejection_T0.6,61261917,9,main,hal0331,4,,560.05,ok
rejection_tsweep,2waw_A_vanilla_rejection_T0.6,61261918,10,main,hal0331,4,,547.8,ok
rejection_tsweep,2yxh_A_vanilla_rejection_T0.6,61261919,11,main,hal0121,4,,489.07,ok
rejection_tsweep,3dm8_A_vanilla_rejection_T0.6,61261920,12,main,hal0121,4,,567.59,ok
rejection_tsweep,3gv1_A_vanilla_rejection_T0.6,61261921,13,main,hal0121,4,,510.21,ok
rejection_tsweep,3iu6_A_vanilla_rejection_T0.6,61261922,14,main,hal0122,4,,598.42,ok
rejection_tsweep,3sjq_C_vanilla_rejection_T0.6,61261923,15,main,hal0122,4,,367.26,ok
rejection_tsweep,3vjf_A_vanilla_rejection_T0.6,61261924,16,main,hal0122,4,,377.59,ok
rejection_tsweep,3vto_Q_vanilla_rejection_T0.6,61261925,17,main,hal0123,4,,463.07,ok
rejection_tsweep,4agh_A_vanilla_rejection_T0.6,61261926,18,main,hal0123,4,,354.74,ok
rejection_tsweep,4cq4_B_vanilla_rejection_T0.6,61261927,19,main,hal0123,4,,425.48,ok
rejection_tsweep,4lws_B_vanilla_rejection_T0.6,61261928,20,main,hal0124,4,,391.34,ok
rejection_tsweep,4o32_C_vanilla_rejection_T0.6,61261929,21,main,hal0124,4,,395.96,ok
rejection_tsweep,4oeb_A_vanilla_rejection_T0.6,61261930,22,main,hal0124,4,,528.51,ok
rejection_tsweep,4pif_A_vanilla_rejection_T0.6,61261931,23,main,hal0131,4,,603.41,ok
rejection_tsweep,eGFP_vanilla_rejection_T0.6,61261932,24,main,hal0131,4,,940.24,ok
rejection_tsweep,1a1x_A_vanilla_rejection_T0.9,61261933,25,main,hal0131,4,,432.48,ok
rejection_tsweep,1at0_A_vanilla_rejection_T0.9,61261934,26,main,hal0132,4,,593.0,ok
rejection_tsweep,1kll_A_vanilla_rejection_T0.9,61261935,27,main,hal0132,4,,542.92,ok
rejection_tsweep,1l8d_A_vanilla_rejection_T0.9,61261936,28,main,hal0132,4,,419.23,ok
rejection_tsweep,1li1_B_vanilla_rejection_T0.9,61261937,29,main,hal0133,4,,920.1,ok
rejection_tsweep,1lom_A_vanilla_rejection_T0.9,61261938,30,main,hal0133,4,,454.57,ok
rejection_tsweep,1vmg_A_vanilla_rejection_T0.9,61261939,31,main,hal0133,4,,330.28,ok
rejection_tsweep,2gux_A_vanilla_rejection_T0.9,61261940,32,main,hal0134,4,,533.56,ok
rejection_tsweep,2i7r_A_vanilla_rejection_T0.9,61261941,33,main,hal0134,4,,476.36,ok
rejection_tsweep,2rfr_A_vanilla_rejection_T0.9,61261942,34,main,hal0134,4,,573.51,ok
rejection_tsweep,2waw_A_vanilla_rejection_T0.9,61261943,35,main,hal0135,4,,752.42,ok
rejection_tsweep,2yxh_A_vanilla_rejection_T0.9,61261944,36,main,hal0135,4,,481.64,ok
rejection_tsweep,3dm8_A_vanilla_rejection_T0.9,61261945,37,main,hal0135,4,,544.02,ok
rejection_tsweep,3gv1_A_vanilla_rejection_T0.9,61261946,38,main,hal0137,4,,531.13,ok
rejection_tsweep,3iu6_A_vanilla_rejection_T0.9,61261947,39,main,hal0137,4,,567.15,ok
rejection_tsweep,3sjq_C_vanilla_rejection_T0.9,61261948,40,main,hal0137,4,,341.64,ok
rejection_tsweep,3vjf_A_vanilla_rejection_T0.9,61261949,41,main,hal0139,4,,400.63,ok
rejection_tsweep,3vto_Q_vanilla_rejection_T0.9,61261950,42,main,hal0139,4,,456.95,ok
rejection_tsweep,4agh_A_vanilla_rejection_T0.9,61261951,43,main,hal0139,4,,352.63,ok
rejection_tsweep,4cq4_B_vanilla_rejection_T0.9,61261952,44,main,hal0352,4,,329.61,ok
rejection_tsweep,4lws_B_vanilla_rejection_T0.9,61261953,45,main,hal0357,4,,289.54,ok
rejection_tsweep,4o32_C_vanilla_rejection_T0.9,61261954,46,main,hal0338,4,,309.17,ok
rejection_tsweep,4oeb_A_vanilla_rejection_T0.9,61261955,47,main,hal0338,4,,450.25,ok
rejection_tsweep,4pif_A_vanilla_rejection_T0.9,61261907,48,main,hal0338,4,,459.07,ok
rejection_tsweep,eGFP_vanilla_rejection_T0.9,61261820,49,main,hal0319,4,,665.83,ok
