scaffold_id,pdb_id,fold_class,n_residues,n_designable,q_wt,method,weights,hbond_filter,delta_q_density,target_charge,n_designs,n_hit_exact,hit_rate,mean_q_error_abs,median_n_mutations,median_mut_per_charge,n_unique_mutation_sets,mean_pairwise_hamming,positional_entropy,designable_coverage,median_frac_designable_mutated,median_seq_identity_to_wt_designable,n_threaded,median_d_reu_per_res,median_d_hbond_strong,median_d_hbond_weak,n_predicted,median_plddt_mean,median_d_plddt_vs_wt_pred,median_tm_score_to_wt_crystal,median_ca_rmsd_to_wt_crystal,cell_wall_seconds
1a1x_A,1a1x,mainly_beta,106,62,-7,avnapsa,,,8,1,10,10,1.0,0.0,4.0,0.5,1,0.0,0.0,0.06451612903225806,0.06451612903225806,0.9354838709677419,3,-0.01111904411043495,1.0,1.0,10,42.34698113207547,-9.257264150943406,0.44664841821036455,3.8867746508429337,85.5
1a1x_A,1a1x,mainly_beta,106,62,-7,avnapsa,,,16,10,10,10,1.0,0.0,10.0,0.5882352941176471,1,0.0,0.0,0.14516129032258066,0.14516129032258066,0.8548387096774194,3,-0.02780201826229352,-2.0,3.0,10,40.25768867924529,-11.346556603773585,0.3205335231389592,4.3791748571434335,88.34
1a1x_A,1a1x,mainly_beta,106,62,-7,avnapsa,,,24,18,10,10,1.0,0.0,15.0,0.6,1,0.0,0.0,0.20967741935483872,0.20967741935483872,0.7903225806451613,0,,,,10,42.787971698113196,-8.81627358490568,0.33076775586745316,2.8399002335032044,76.86
1a1x_A,1a1x,mainly_beta,106,62,-7,avnapsa,,,-4,-11,10,10,1.0,0.0,2.0,0.5,1,0.0,0.0,0.03225806451612903,0.03225806451612903,0.967741935483871,0,,,,10,53.332641509433955,1.7283962264150823,0.496327640159834,4.078169349945899,82.1
1a1x_A,1a1x,mainly_beta,106,62,-7,avnapsa,,,-8,-15,10,7,0.7,0.3,6.0,0.75,2,0.9333333333333333,0.028428738684861055,0.0967741935483871,0.08064516129032258,0.9193548387096774,3,-0.05341606715038895,1.0,0.0,10,36.86740566037736,-14.736839622641522,0.29419343370006923,4.341157178099378,81.15
1a1x_A,1a1x,mainly_beta,106,62,-7,avnapsa,,,-16,-24,10,0,0.0,1.0,13.0,0.7222222222222222,1,0.0,0.0,0.1935483870967742,0.1935483870967742,0.8064516129032258,3,0.09708701145747807,-6.0,0.0,10,47.51698113207547,-4.087264150943401,0.28315711652290687,3.9926483644320228,76.57
1a1x_A,1a1x,mainly_beta,106,62,-7,avnapsa,,,4,-3,10,10,1.0,0.0,2.0,0.5,2,0.4,0.015128890115783266,0.04838709677419355,0.03225806451612903,0.967741935483871,0,,,,10,38.77056603773585,-12.833679245283033,0.37741688473578117,3.7753787927449576,84.74
1a1x_A,1a1x,mainly_beta,106,62,-7,avnapsa,,,-24,-32,10,10,1.0,0.0,17.0,0.68,1,0.0,0.0,0.25806451612903225,0.25806451612903225,0.7419354838709677,0,,,,10,47.517735849056585,-4.086509433962291,0.31496988228450007,4.030925963225815,72.96
1a1x_A,1a1x,mainly_beta,106,62,-7,mpnn_halo,halo,False,8,1,10,10,1.0,0.0,6.0,0.75,8,3.2444444444444445,0.11223230220887677,0.24193548387096775,0.0967741935483871,0.9032258064516129,3,0.036402550961587135,3.0,1.0,10,39.031603773584905,-12.572641509433971,0.3183070419659755,4.484060892484528,10.94
1a1x_A,1a1x,mainly_beta,106,62,-7,mpnn_halo,halo,False,16,10,10,10,1.0,0.0,13.0,0.7647058823529411,10,6.222222222222222,0.20036530051764367,0.3709677419354839,0.20967741935483872,0.7903225806451613,3,0.04297094673091323,9.0,1.0,10,41.22174528301887,-10.382500000000007,0.28959576081525523,4.568007071063725,18.4
1a1x_A,1a1x,mainly_beta,106,62,-7,mpnn_halo,halo,False,24,18,10,10,1.0,0.0,20.0,0.8,10,8.822222222222223,0.2905743874100117,0.5,0.3225806451612903,0.6774193548387096,0,,,,10,40.51466981132074,-11.08957547169813,0.3217147913887427,3.937740413801193,26.52
1a1x_A,1a1x,mainly_beta,106,62,-7,mpnn_halo,halo,False,-4,-11,10,10,1.0,0.0,4.0,1.0,6,1.6222222222222222,0.056116151104438385,0.11290322580645161,0.06451612903225806,0.9354838709677419,0,,,,10,42.19382075471698,-9.410424528301895,0.316560801916437,3.737639026339738,7.82
1a1x_A,1a1x,mainly_beta,106,62,-7,mpnn_halo,halo,False,-8,-15,10,10,1.0,0.0,7.0,0.875,5,1.8444444444444446,0.059281186803635345,0.14516129032258066,0.11290322580645161,0.8870967741935484,3,-0.08469762814152766,2.0,0.0,10,49.017311320754715,-2.5869339622641654,0.5439661057538384,3.560588941095193,11.0
1a1x_A,1a1x,mainly_beta,106,62,-7,mpnn_halo,halo,False,-16,-24,10,10,1.0,0.0,15.0,0.8823529411764706,10,7.333333333333333,0.24754722423039038,0.41935483870967744,0.24193548387096775,0.7580645161290323,3,-0.09991016660727299,2.0,0.0,10,53.18542452830187,1.5811792452829962,0.506525160034127,3.811534871080423,26.22
1a1x_A,1a1x,mainly_beta,106,62,-7,mpnn_halo,halo,False,4,-3,10,10,1.0,0.0,3.0,0.75,10,4.288888888888889,0.14160457177309527,0.1774193548387097,0.04838709677419355,0.9516129032258065,0,,,,10,39.78212264150942,-11.82212264150946,0.27500324386576996,4.693201261374901,7.5
1a1x_A,1a1x,mainly_beta,106,62,-7,mpnn_halo,halo,False,-24,-32,10,10,1.0,0.0,21.0,0.84,10,12.688888888888888,0.4269346512959228,0.6129032258064516,0.3387096774193548,0.6612903225806451,0,,,,10,49.37287735849057,-2.2313679245283105,0.4839690785769854,3.8434225542277467,30.91
1a1x_A,1a1x,mainly_beta,106,62,-7,mpnn_hyper,hyper,False,8,1,10,10,1.0,0.0,7.0,0.875,10,9.555555555555555,0.3070662542493938,0.3548387096774194,0.11290322580645161,0.8870967741935484,3,-0.02290132469770491,3.0,2.0,10,39.31674528301886,-12.287500000000012,0.29181270046367314,4.638230712383061,6.69
1a1x_A,1a1x,mainly_beta,106,62,-7,mpnn_hyper,hyper,False,16,10,10,10,1.0,0.0,13.5,0.7941176470588235,10,10.2,0.3296950164804551,0.3709677419354839,0.21774193548387097,0.782258064516129,3,0.025349455323268818,3.0,1.0,10,44.09990566037735,-7.504339622641524,0.3952180397997377,4.077024823579227,11.29
1a1x_A,1a1x,mainly_beta,106,62,-7,mpnn_hyper,hyper,False,24,18,10,10,1.0,0.0,20.0,0.8,10,11.2,0.3729756983254417,0.46774193548387094,0.3225806451612903,0.6774193548387096,0,,,,10,40.15783018867925,-11.446415094339628,0.310480204254201,4.320043878095598,14.63
1a1x_A,1a1x,mainly_beta,106,62,-7,mpnn_hyper,hyper,False,-4,-11,10,10,1.0,0.0,4.0,1.0,5,1.8222222222222222,0.058093878564117137,0.0967741935483871,0.06451612903225806,0.9354838709677419,0,,,,10,40.718443396226405,-10.885801886792471,0.3571634979035643,3.999777367313248,4.8
1a1x_A,1a1x,mainly_beta,106,62,-7,mpnn_hyper,hyper,False,-8,-15,10,10,1.0,0.0,7.0,0.875,1,0.0,0.0,0.11290322580645161,0.11290322580645161,0.8870967741935484,3,-0.09908951567969945,1.0,3.0,10,38.862594339622625,-12.741650943396252,0.30696676474337603,4.469796059741288,8.17
1a1x_A,1a1x,mainly_beta,106,62,-7,mpnn_hyper,hyper,False,-16,-24,10,10,1.0,0.0,14.5,0.8529411764705882,10,12.88888888888889,0.4504728849980872,0.6612903225806451,0.2338709677419355,0.7661290322580645,3,-0.04552218968290066,1.0,1.0,10,43.583820754716974,-8.020424528301902,0.3943222444034683,4.038561740087598,16.03
1a1x_A,1a1x,mainly_beta,106,62,-7,mpnn_hyper,hyper,False,4,-3,10,10,1.0,0.0,3.0,0.75,10,5.622222222222222,0.18884097479417095,0.24193548387096775,0.04838709677419355,0.9516129032258065,0,,,,10,43.147971698113196,-8.45627358490568,0.4389775491505332,3.9698783127655144,4.49
1a1x_A,1a1x,mainly_beta,106,62,-7,mpnn_hyper,hyper,False,-24,-32,10,10,1.0,0.0,21.5,0.86,10,17.22222222222222,0.5992973785107994,0.7580645161290323,0.3467741935483871,0.6532258064516129,0,,,,10,42.24754716981131,-9.356698113207568,0.3501238772502485,3.643392876336012,23.98
1a1x_A,1a1x,mainly_beta,106,39,-7,mpnn_soluble_hbond_protected,soluble,True,8,1,10,10,1.0,0.0,7.0,0.875,10,7.6,0.41436834417965657,0.4358974358974359,0.1794871794871795,0.8205128205128205,3,0.05626643989187961,1.0,1.0,10,40.386273584905666,-11.217971698113214,0.37471347517921927,3.879560681960233,5.57
1a1x_A,1a1x,mainly_beta,106,39,-7,mpnn_soluble_hbond_protected,soluble,True,16,10,10,10,1.0,0.0,15.0,0.8823529411764706,10,7.2444444444444445,0.3906522451763103,0.5641025641025641,0.38461538461538464,0.6153846153846154,3,-0.03775536188300388,5.0,-1.0,10,42.26500000000001,-9.339245283018869,0.39583761509873355,3.889259095491586,8.59
1a1x_A,1a1x,mainly_beta,106,39,-7,mpnn_soluble_hbond_protected,soluble,True,24,18,10,10,1.0,0.0,20.0,0.8,10,11.688888888888888,0.615324956096495,0.7948717948717948,0.5128205128205128,0.48717948717948717,0,,,,10,45.138301886792455,-6.465943396226422,0.20714661752425662,4.11927254211097,12.99
1a1x_A,1a1x,mainly_beta,106,39,-7,mpnn_soluble_hbond_protected,soluble,True,-4,-11,10,10,1.0,0.0,3.5,0.875,9,5.377777777777778,0.28088623779467337,0.38461538461538464,0.08974358974358974,0.9102564102564104,0,,,,10,39.846226415094335,-11.758018867924541,0.32691659818549185,4.104753618399162,3.65
1a1x_A,1a1x,mainly_beta,106,39,-7,mpnn_soluble_hbond_protected,soluble,True,-8,-15,10,10,1.0,0.0,7.5,0.9375,10,7.777777777777778,0.40048932218978667,0.46153846153846156,0.1923076923076923,0.8076923076923077,3,-0.038817861220906025,2.0,0.0,10,49.30061320754716,-2.303632075471718,0.46939821618877403,3.9789444909285954,5.2
1a1x_A,1a1x,mainly_beta,106,39,-7,mpnn_soluble_hbond_protected,soluble,True,-16,-24,10,10,1.0,0.0,16.0,0.9411764705882353,9,3.1333333333333333,0.15680460948382924,0.46153846153846156,0.41025641025641024,0.5897435897435898,3,-0.09610747546792038,3.0,1.0,10,51.947924528301876,0.3436792452829991,0.46718861351156526,4.192086817819762,7.85
1a1x_A,1a1x,mainly_beta,106,39,-7,mpnn_soluble_hbond_protected,soluble,True,4,-3,10,10,1.0,0.0,3.0,0.75,9,4.511111111111111,0.24430455885816174,0.28205128205128205,0.07692307692307693,0.9230769230769231,0,,,,10,47.33674528301888,-4.267499999999998,0.4945084581071173,3.7938675581719,3.77
1a1x_A,1a1x,mainly_beta,106,39,-7,mpnn_soluble_hbond_protected,soluble,True,-24,-32,10,10,1.0,0.0,23.0,0.92,10,7.8,0.40960349661574963,0.717948717948718,0.5897435897435898,0.41025641025641024,0,,,,10,41.07094339622642,-10.533301886792458,0.37104255376655126,3.6660007644153056,12.28
1a1x_A,1a1x,mainly_beta,106,62,-7,mpnn_soluble,soluble,False,8,1,10,10,1.0,0.0,7.5,0.9375,10,8.733333333333333,0.2929035379102005,0.3548387096774194,0.12096774193548387,0.8790322580645161,3,0.026443560180589513,6.0,-1.0,10,43.08325471698112,-8.520990566037753,0.4350630464992584,4.1044704171550634,8.76
1a1x_A,1a1x,mainly_beta,106,62,-7,mpnn_soluble,soluble,False,16,10,10,10,1.0,0.0,14.0,0.8235294117647058,10,11.266666666666667,0.379272957427633,0.41935483870967744,0.22580645161290322,0.7741935483870968,3,-0.015697308679933648,6.0,0.0,10,43.02849056603772,-8.575754716981155,0.4387589419298182,4.007830909115926,13.29
1a1x_A,1a1x,mainly_beta,106,62,-7,mpnn_soluble,soluble,False,24,18,10,10,1.0,0.0,20.0,0.8,10,11.688888888888888,0.40634686125296804,0.5,0.3225806451612903,0.6774193548387096,0,,,,10,41.92174528301887,-9.682500000000005,0.49425906028181565,4.12383694079386,17.22
1a1x_A,1a1x,mainly_beta,106,62,-7,mpnn_soluble,soluble,False,-4,-11,10,10,1.0,0.0,3.5,0.875,10,6.0,0.20236593713128634,0.3225806451612903,0.056451612903225805,0.9435483870967742,0,,,,10,40.36405660377359,-11.24018867924529,0.31626517508751084,4.4054372081076725,4.28
1a1x_A,1a1x,mainly_beta,106,62,-7,mpnn_soluble,soluble,False,-8,-15,10,10,1.0,0.0,7.0,0.875,10,9.733333333333333,0.31666946377611166,0.4032258064516129,0.11290322580645161,0.8870967741935484,3,-0.06178664453688794,2.0,1.0,10,46.14740566037736,-5.456839622641521,0.4265350524377889,3.9878368029951283,6.49
1a1x_A,1a1x,mainly_beta,106,62,-7,mpnn_soluble,soluble,False,-16,-24,10,10,1.0,0.0,14.0,0.8235294117647058,10,11.377777777777778,0.3641147909491136,0.41935483870967744,0.22580645161290322,0.7741935483870968,3,-0.05767868282653437,1.0,0.0,10,46.361933962264146,-5.242311320754734,0.41796552660917263,3.923700031929778,10.6
1a1x_A,1a1x,mainly_beta,106,62,-7,mpnn_soluble,soluble,False,4,-3,10,10,1.0,0.0,3.0,0.75,10,5.066666666666666,0.17223730775516155,0.22580645161290322,0.04838709677419355,0.9516129032258065,0,,,,10,42.64844339622641,-8.955801886792468,0.46442026433044914,3.7178127450719725,5.6
1a1x_A,1a1x,mainly_beta,106,62,-7,mpnn_soluble,soluble,False,-24,-32,10,10,1.0,0.0,21.0,0.84,10,8.244444444444444,0.2803157392436702,0.5,0.3387096774193548,0.6612903225806451,0,,,,10,48.158726415094335,-3.4455188679245374,0.434714967280271,3.6189256762091975,14.98
1a1x_A,1a1x,mainly_beta,106,62,-7,mpnn_vanilla_weights,original,False,8,1,10,10,1.0,0.0,7.0,0.875,10,7.466666666666667,0.24423711431637188,0.27419354838709675,0.11290322580645161,0.8870967741935484,3,0.05606987527769627,1.0,2.0,10,41.93433962264152,-9.669905660377363,0.39751754607481726,3.9283470403168086,5.54
1a1x_A,1a1x,mainly_beta,106,62,-7,mpnn_vanilla_weights,original,False,16,10,10,10,1.0,0.0,13.5,0.7941176470588235,10,8.155555555555555,0.28468233630616224,0.46774193548387094,0.21774193548387097,0.782258064516129,3,-0.0016499509187004812,6.0,0.0,10,46.3208962264151,-5.283349056603779,0.4554140607758207,3.959991406251273,8.03
1a1x_A,1a1x,mainly_beta,106,62,-7,mpnn_vanilla_weights,original,False,24,18,10,10,1.0,0.0,20.0,0.8,10,11.955555555555556,0.4018962422626793,0.5645161290322581,0.3225806451612903,0.6774193548387096,0,,,,10,41.95754716981132,-9.646698113207556,0.31761577567136134,4.227974517546736,12.37
1a1x_A,1a1x,mainly_beta,106,62,-7,mpnn_vanilla_weights,original,False,-4,-11,10,10,1.0,0.0,3.0,0.75,9,4.666666666666667,0.15251449908956835,0.20967741935483872,0.04838709677419355,0.9516129032258065,0,,,,10,40.006462264150926,-11.597783018867947,0.4157924855987375,3.699788302581723,3.42
1a1x_A,1a1x,mainly_beta,106,62,-7,mpnn_vanilla_weights,original,False,-8,-15,10,10,1.0,0.0,6.5,0.8125,10,6.4222222222222225,0.21073566281126385,0.24193548387096775,0.10483870967741934,0.8951612903225806,3,-0.11762089671217457,4.0,0.0,10,53.26457547169811,1.6603301886792323,0.5077050253637367,3.6965261915911163,5.12
1a1x_A,1a1x,mainly_beta,106,62,-7,mpnn_vanilla_weights,original,False,-16,-24,10,10,1.0,0.0,15.0,0.8823529411764706,9,5.288888888888889,0.17638346470522231,0.3548387096774194,0.24193548387096775,0.7580645161290323,3,-0.14381192102216692,1.0,1.0,10,53.781981132075494,2.177735849056617,0.5310412638024087,3.7716879962606873,10.86
1a1x_A,1a1x,mainly_beta,106,62,-7,mpnn_vanilla_weights,original,False,4,-3,10,10,1.0,0.0,3.5,0.875,10,5.133333333333334,0.17452603660853797,0.24193548387096775,0.056451612903225805,0.9435483870967742,0,,,,10,43.86816037735848,-7.736084905660398,0.4283986289662294,4.093359363703987,4.18
1a1x_A,1a1x,mainly_beta,106,62,-7,mpnn_vanilla_weights,original,False,-24,-32,10,10,1.0,0.0,21.0,0.84,10,13.533333333333333,0.46684215868284606,0.6290322580645161,0.3387096774193548,0.6612903225806451,0,,,,10,44.88632075471698,-6.7179245283018965,0.43318278147289485,3.730338995802801,16.87
1a1x_A,1a1x,mainly_beta,106,62,-7,random_control,,,8,1,10,10,1.0,0.0,7.0,0.875,10,12.755555555555556,0.4670074775835738,0.7096774193548387,0.11290322580645161,0.8870967741935484,3,0.01650886323672859,-1.0,0.0,10,43.42438679245282,-8.179858490566051,0.3220970616741261,4.159967106317729,0.0003
1a1x_A,1a1x,mainly_beta,106,62,-7,random_control,,,16,10,10,10,1.0,0.0,13.5,0.7941176470588235,10,22.68888888888889,0.8016990452859432,0.8548387096774194,0.21774193548387097,0.782258064516129,3,0.01388235448187082,2.0,1.0,10,41.13820754716981,-10.466037735849067,0.28558859884306337,4.4228981337999675,0.0004
1a1x_A,1a1x,mainly_beta,106,62,-7,random_control,,,24,18,10,10,1.0,0.0,20.0,0.8,10,28.044444444444444,0.9771694165142476,0.8387096774193549,0.3225806451612903,0.6774193548387096,0,,,,10,39.775188679245275,-11.829056603773605,0.25867225070431904,4.086341172396636,0.0004
1a1x_A,1a1x,mainly_beta,106,62,-7,random_control,,,-4,-11,10,10,1.0,0.0,3.0,0.75,10,5.711111111111111,0.20983450534893067,0.3387096774193548,0.04838709677419355,0.9516129032258065,0,,,,10,40.179669811320764,-11.424575471698116,0.38656532890202233,4.062073682460117,0.0003
1a1x_A,1a1x,mainly_beta,106,62,-7,random_control,,,-8,-15,10,10,1.0,0.0,7.0,0.875,10,12.577777777777778,0.4576882008070976,0.6290322580645161,0.11290322580645161,0.8870967741935484,3,0.01156175308922165,4.0,1.0,10,44.19325471698113,-7.410990566037746,0.38278459083702054,4.016938460196348,0.0003
1a1x_A,1a1x,mainly_beta,106,62,-7,random_control,,,-16,-24,10,10,1.0,0.0,15.0,0.8823529411764706,10,23.22222222222222,0.8065236441416256,0.7741935483870968,0.24193548387096775,0.7580645161290323,3,0.16660887668097463,2.0,2.0,10,39.56764150943396,-12.036603773584915,0.23995171875199672,4.669448550744091,0.0004
1a1x_A,1a1x,mainly_beta,106,62,-7,random_control,,,4,-3,10,10,1.0,0.0,3.0,0.75,10,6.222222222222222,0.23402359010746107,0.43548387096774194,0.04838709677419355,0.9516129032258065,0,,,,10,39.868349056603776,-11.735896226415104,0.2882431230800617,4.060875228200544,0.0003
1a1x_A,1a1x,mainly_beta,106,62,-7,random_control,,,-24,-32,10,10,1.0,0.0,21.0,0.84,10,28.42222222222222,0.9812357140954748,0.7903225806451613,0.3387096774193548,0.6612903225806451,0,,,,10,41.65632075471697,-9.9479245283019,0.18576023460426244,4.6055537335831,0.0005
1a1x_A,1a1x,mainly_beta,106,62,-7,rosetta_hbond_off,,False,8,1,10,8,0.8,0.2,5.0,0.625,6,2.3333333333333335,0.08233833244373388,0.14516129032258066,0.06451612903225806,0.9354838709677419,3,-0.11105321839813222,2.0,0.0,10,43.30858490566037,-8.295660377358505,0.31010627874898544,4.5917616157606815,490.94
1a1x_A,1a1x,mainly_beta,106,62,-7,rosetta_hbond_off,,False,16,10,10,4,0.4,0.6,12.0,0.6966911764705883,9,4.155555555555556,0.14170258056793741,0.27419354838709675,0.1774193548387097,0.8225806451612904,3,-0.12006653581495721,2.0,0.0,10,40.37745283018869,-11.226792452830189,0.25978814278658247,4.918785786140462,322.51
1a1x_A,1a1x,mainly_beta,106,62,-7,rosetta_hbond_off,,False,24,18,10,1,0.1,1.0,18.0,0.6923076923076923,8,4.644444444444445,0.1521809408709869,0.3548387096774194,0.27419354838709675,0.7258064516129032,0,,,,10,39.501273584905675,-12.102971698113205,0.25193005345641417,4.427587646081564,509.55
1a1x_A,1a1x,mainly_beta,106,62,-7,rosetta_hbond_off,,False,-4,-11,10,2,0.2,0.8,3.0,0.6,5,1.8666666666666667,0.06369174144640614,0.08064516129032258,0.04838709677419355,0.9516129032258065,0,,,,10,51.02462264150941,-0.5796226415094701,0.533328895872436,3.48290204231153,106.32
1a1x_A,1a1x,mainly_beta,106,62,-7,rosetta_hbond_off,,False,-8,-15,10,2,0.2,0.8,5.0,0.7142857142857143,6,1.8,0.06342151402860098,0.12903225806451613,0.08064516129032258,0.9193548387096774,3,-0.16595669977330776,4.0,1.0,10,45.478301886792465,-6.125943396226411,0.56034238970547,3.2625346204597356,139.34
1a1x_A,1a1x,mainly_beta,106,62,-7,rosetta_hbond_off,,False,-16,-24,10,0,0.0,1.8,13.0,0.8666666666666667,7,1.7777777777777777,0.057116293246719636,0.24193548387096775,0.20967741935483872,0.7903225806451613,3,-0.23679435141082086,4.0,-1.0,10,48.69688679245283,-2.9073584905660503,0.4264238759101552,3.3298703603095845,207.18
1a1x_A,1a1x,mainly_beta,106,62,-7,rosetta_hbond_off,,False,4,-3,10,10,1.0,0.0,3.0,0.75,3,0.8444444444444444,0.029515478081176813,0.04838709677419355,0.03225806451612903,0.967741935483871,0,,,,10,39.64471698113208,-11.959528301886795,0.4214736783646302,3.9983680756878,495.3
1a1x_A,1a1x,mainly_beta,106,62,-7,rosetta_hbond_off,,False,-24,-32,10,0,0.0,8.9,14.0,0.875,8,3.0444444444444443,0.09908113955277226,0.2903225806451613,0.22580645161290322,0.7741935483870968,0,,,,10,51.03867924528304,-0.5655660377358345,0.5135368478360237,3.884621105688195,144.95
1a1x_A,1a1x,mainly_beta,106,62,-7,rosetta,,True,8,1,10,0,0.0,1.0,5.0,0.5555555555555556,4,1.1555555555555554,0.04190178176200786,0.11290322580645161,0.08064516129032258,0.9193548387096774,3,-0.08448067562532725,3.0,-1.0,10,40.204245283018864,-11.40000000000001,0.3105230384518137,4.194036495097702,227.86
1a1x_A,1a1x,mainly_beta,106,62,-7,rosetta,,True,16,10,10,6,0.6,0.6,11.0,0.6666666666666666,8,3.511111111111111,0.11701568064755248,0.25806451612903225,0.1774193548387097,0.8225806451612904,3,-0.06938353984711426,2.0,0.0,10,39.83325471698112,-11.770990566037753,0.2541320431484825,4.936509052267048,392.16
1a1x_A,1a1x,mainly_beta,106,62,-7,rosetta,,True,24,18,10,2,0.2,0.8,19.0,0.7307692307692307,10,3.088888888888889,0.10392555500059542,0.3709677419354839,0.3064516129032258,0.6935483870967742,0,,,,10,38.247830188679245,-13.356415094339631,0.2531055088578139,3.639937137002036,200.39
1a1x_A,1a1x,mainly_beta,106,62,-7,rosetta,,True,-4,-11,10,0,0.0,1.0,2.0,0.6666666666666666,2,0.7111111111111111,0.023288003060882655,0.04838709677419355,0.03225806451612903,0.967741935483871,0,,,,10,43.14971698113207,-8.454528301886803,0.41014064899226266,4.041628024447869,100.83
1a1x_A,1a1x,mainly_beta,106,62,-7,rosetta,,True,-8,-15,10,2,0.2,0.8,6.0,0.8571428571428571,5,1.5333333333333334,0.05208055221216735,0.12903225806451613,0.0967741935483871,0.9032258064516129,3,-0.17356030802958533,3.0,0.0,10,46.50490566037737,-5.099339622641509,0.4872033448050509,3.344635510625729,152.42
1a1x_A,1a1x,mainly_beta,106,62,-7,rosetta,,True,-16,-24,10,0,0.0,5.9,10.0,0.9090909090909091,8,2.488888888888889,0.08040429630760228,0.20967741935483872,0.16129032258064516,0.8387096774193549,3,-0.1297554343056429,3.0,0.0,10,49.52391509433963,-2.080330188679252,0.5105865202609786,3.6826844124638685,146.05
1a1x_A,1a1x,mainly_beta,106,62,-7,rosetta,,True,4,-3,10,2,0.2,0.8,3.0,0.6,5,1.4222222222222223,0.04855170604654675,0.08064516129032258,0.04838709677419355,0.9516129032258065,0,,,,10,37.42495283018869,-14.17929245283019,0.33134259418220224,4.297136122190432,335.32
1a1x_A,1a1x,mainly_beta,106,62,-7,rosetta,,True,-24,-32,10,0,0.0,13.4,10.5,0.9128787878787878,6,1.7555555555555555,0.05356834011733295,0.1935483870967742,0.16935483870967744,0.8306451612903226,0,,,,10,50.90537735849057,-0.698867924528308,0.49281085691585963,3.806284698237799,112.76
1at0_A,1at0,mainly_beta,142,61,-2,avnapsa,,,16,21,10,10,1.0,0.0,14.0,0.6086956521739131,1,0.0,0.0,0.22950819672131148,0.22950819672131148,0.7704918032786885,3,0.10660488323117119,-9.0,2.0,10,87.36535211267605,1.2275352112676075,0.9694733665224716,0.7745808516429209,102.1
1at0_A,1at0,mainly_beta,142,61,-2,avnapsa,,,24,32,10,10,1.0,0.0,20.0,0.5882352941176471,1,0.0,0.0,0.29508196721311475,0.29508196721311475,0.7049180327868853,0,,,,10,86.75609154929576,0.6182746478873185,0.967805851441969,0.7937516532820321,104.06
1at0_A,1at0,mainly_beta,142,61,-2,avnapsa,,,4,4,10,10,1.0,0.0,3.0,0.5,1,0.0,0.0,0.04918032786885246,0.04918032786885246,0.9508196721311475,0,,,,10,86.4390492957746,0.3012323943661457,0.965237727583495,0.85525319257938,97.42
1at0_A,1at0,mainly_beta,142,61,-2,avnapsa,,,8,9,10,0,0.0,1.0,7.0,0.5833333333333334,1,0.0,0.0,0.11475409836065574,0.11475409836065574,0.8852459016393442,3,0.03272185262948118,-3.0,0.0,10,87.29950704225354,1.1616901408450886,0.9704038710614025,0.7565102769846298,99.01
1at0_A,1at0,mainly_beta,142,61,-2,avnapsa,,,-8,-13,10,0,0.0,1.0,7.0,0.5833333333333334,1,0.0,0.0,0.11475409836065574,0.11475409836065574,0.8852459016393442,3,0.013639308120220631,-1.0,1.0,10,84.82316901408447,-1.3146478873239644,0.9667014286939744,0.8232571230200592,96.25
1at0_A,1at0,mainly_beta,142,61,-2,avnapsa,,,-16,-25,10,10,1.0,0.0,14.0,0.6086956521739131,1,0.0,0.0,0.22950819672131148,0.22950819672131148,0.7704918032786885,3,0.053095177600101566,-4.0,1.0,10,83.27760563380284,-2.8602112676055995,0.9661258700500813,0.8338862316172346,93.65
1at0_A,1at0,mainly_beta,142,61,-2,avnapsa,,,-24,-36,10,10,1.0,0.0,21.0,0.6176470588235294,1,0.0,0.0,0.29508196721311475,0.29508196721311475,0.7049180327868853,0,,,,10,82.44257042253523,-3.695246478873223,0.9705612989026362,0.756540501760878,77.96
1at0_A,1at0,mainly_beta,142,61,-2,avnapsa,,,-4,-8,10,10,1.0,0.0,4.0,0.6666666666666666,2,0.4,0.015376904707845286,0.08196721311475409,0.06557377049180328,0.9344262295081968,0,,,,10,84.88250000000004,-1.2553169014084062,0.9663441932194194,0.830494957473238,96.95
1at0_A,1at0,mainly_beta,142,61,-2,mpnn_halo,halo,False,16,21,10,10,1.0,0.0,18.0,0.782608695652174,10,5.688888888888889,0.20304079211317727,0.3770491803278688,0.29508196721311475,0.7049180327868853,3,0.10135071780761781,7.0,1.0,10,88.46077464788735,2.322957746478906,0.9690719291870142,0.7746565062564335,28.12
1at0_A,1at0,mainly_beta,142,61,-2,mpnn_halo,halo,False,24,32,10,10,1.0,0.0,26.0,0.7647058823529411,10,19.288888888888888,0.6687150401532861,0.7213114754098361,0.4262295081967213,0.5737704918032787,0,,,,10,87.67552816901411,1.5377112676056655,0.9641593265848778,1.0164122043331938,38.99
1at0_A,1at0,mainly_beta,142,61,-2,mpnn_halo,halo,False,4,4,10,10,1.0,0.0,5.0,0.8333333333333334,10,3.577777777777778,0.11935319218404945,0.14754098360655737,0.08196721311475409,0.9180327868852459,0,,,,10,86.65320422535214,0.5153873239437061,0.9696129157123743,0.7567573453458418,9.99
1at0_A,1at0,mainly_beta,142,61,-2,mpnn_halo,halo,False,8,9,10,10,1.0,0.0,9.0,0.8181818181818182,10,5.044444444444444,0.17014413839867518,0.2459016393442623,0.14754098360655737,0.8524590163934426,3,0.048462591518809266,4.0,2.0,10,87.32947183098594,1.1916549295774885,0.9700502891757132,0.756932245531956,14.2
1at0_A,1at0,mainly_beta,142,61,-2,mpnn_halo,halo,False,-8,-13,10,10,1.0,0.0,10.0,0.9090909090909091,3,0.6,0.023065357061767926,0.18032786885245902,0.16393442622950818,0.8360655737704918,3,-0.11081353835008996,6.0,1.0,10,83.73073943661971,-2.4070774647887276,0.958149999813822,1.0178238111718838,14.48
1at0_A,1at0,mainly_beta,142,61,-2,mpnn_halo,halo,False,-16,-25,10,10,1.0,0.0,17.5,0.7608695652173914,10,9.444444444444445,0.33220712326209884,0.5409836065573771,0.28688524590163933,0.7131147540983607,3,0.017962159324205983,2.0,1.0,10,82.83514084507044,-3.3026760563379938,0.957611126153487,1.0342012641185692,32.12
1at0_A,1at0,mainly_beta,142,61,-2,mpnn_halo,halo,False,-24,-36,10,10,1.0,0.0,26.5,0.7794117647058822,10,16.644444444444446,0.5881445817679923,0.7704918032786885,0.4344262295081967,0.5655737704918032,0,,,,10,82.61404929577463,-3.5237676056338145,0.9670964140202472,0.9682486620995225,34.09
1at0_A,1at0,mainly_beta,142,61,-2,mpnn_halo,halo,False,-4,-8,10,10,1.0,0.0,5.0,0.8333333333333334,8,3.6666666666666665,0.11890799122893864,0.16393442622950818,0.08196721311475409,0.9180327868852459,0,,,,10,84.92707746478871,-1.2107394366197397,0.9666856290623909,0.9495613173801123,10.01
1at0_A,1at0,mainly_beta,142,61,-2,mpnn_hyper,hyper,False,16,21,10,10,1.0,0.0,18.0,0.782608695652174,10,7.977777777777778,0.2676510657068488,0.36065573770491804,0.29508196721311475,0.7049180327868853,3,0.05820319493239433,2.0,2.0,10,88.14538732394368,2.007570422535238,0.9710136168286636,0.9200735055940972,14.58
1at0_A,1at0,mainly_beta,142,61,-2,mpnn_hyper,hyper,False,24,32,10,10,1.0,0.0,26.0,0.7647058823529411,10,17.022222222222222,0.5733458437143524,0.6229508196721312,0.4262295081967213,0.5737704918032787,0,,,,10,87.8730281690141,1.7352112676056706,0.9684037543359769,0.9500752980611998,23.83
1at0_A,1at0,mainly_beta,142,61,-2,mpnn_hyper,hyper,False,4,4,10,10,1.0,0.0,4.5,0.75,10,7.4222222222222225,0.25814116539911197,0.26229508196721313,0.07377049180327869,0.9262295081967213,0,,,,10,86.64978873239437,0.511971830985928,0.9704820834932355,0.7438964461964632,6.42
1at0_A,1at0,mainly_beta,142,61,-2,mpnn_hyper,hyper,False,8,9,10,10,1.0,0.0,9.0,0.8181818181818182,10,9.266666666666667,0.3114083276258852,0.29508196721311475,0.14754098360655737,0.8524590163934426,3,-0.011360659089643671,1.0,3.0,10,87.16845070422535,1.030633802816908,0.9701286203357892,0.7585259160915723,8.75
1at0_A,1at0,mainly_beta,142,61,-2,mpnn_hyper,hyper,False,-8,-13,10,10,1.0,0.0,9.0,0.8181818181818182,3,0.7333333333333333,0.02360567521383524,0.14754098360655737,0.14754098360655737,0.8524590163934426,3,-0.05269015582968436,1.0,2.0,10,84.44274647887325,-1.6950704225351956,0.9625721101178702,0.9037242799511191,8.44
1at0_A,1at0,mainly_beta,142,61,-2,mpnn_hyper,hyper,False,-16,-25,10,10,1.0,0.0,18.0,0.782608695652174,10,11.28888888888889,0.3953609545533506,0.5737704918032787,0.29508196721311475,0.7049180327868853,3,-0.08648303767075274,2.0,1.0,10,83.4756338028169,-2.662183098591548,0.9694070625971555,0.8947329838663125,25.82
1at0_A,1at0,mainly_beta,142,61,-2,mpnn_hyper,hyper,False,-24,-36,10,10,1.0,0.0,26.5,0.7794117647058822,10,21.355555555555554,0.7504177675128946,0.7704918032786885,0.4344262295081967,0.5655737704918032,0,,,,10,81.69947183098591,-4.438345070422535,0.9700480379240918,0.9352160940405886,27.81
1at0_A,1at0,mainly_beta,142,61,-2,mpnn_hyper,hyper,False,-4,-8,10,10,1.0,0.0,5.0,0.8333333333333334,9,4.044444444444444,0.12932195283531858,0.14754098360655737,0.08196721311475409,0.9180327868852459,0,,,,10,85.45098591549296,-0.6868309859154849,0.9658532029200995,0.8402448633806157,6.22
1at0_A,1at0,mainly_beta,142,38,-2,mpnn_soluble_hbond_protected,soluble,True,16,21,10,10,1.0,0.0,17.0,0.7391304347826086,10,6.466666666666667,0.3674092119673712,0.5789473684210527,0.4473684210526316,0.5526315789473685,3,-0.017670571939280327,10.0,2.0,10,88.1407042253521,2.0028873239436606,0.967381905783623,0.7922560591467378,11.91
1at0_A,1at0,mainly_beta,142,38,-2,mpnn_soluble_hbond_protected,soluble,True,24,32,10,10,1.0,0.0,27.0,0.7941176470588235,10,16.377777777777776,0.8738641222625446,0.868421052631579,0.7105263157894737,0.2894736842105263,0,,,,10,87.42260563380285,1.2847887323944107,0.9666200416070807,0.9757958230226926,16.47
1at0_A,1at0,mainly_beta,142,38,-2,mpnn_soluble_hbond_protected,soluble,True,4,4,10,10,1.0,0.0,5.0,0.8333333333333334,7,2.8444444444444446,0.1584318828887315,0.2631578947368421,0.13157894736842105,0.868421052631579,0,,,,10,87.04570422535214,0.9078873239436973,0.9703087199151408,0.7483782075497525,4.82
1at0_A,1at0,mainly_beta,142,38,-2,mpnn_soluble_hbond_protected,soluble,True,8,9,10,10,1.0,0.0,8.0,0.7272727272727273,10,5.6,0.30168403534949095,0.42105263157894735,0.21052631578947367,0.7894736842105263,3,-0.0022822868914883984,2.0,1.0,10,87.46369718309862,1.325880281690182,0.9708977192158741,0.7394703989761616,6.13
1at0_A,1at0,mainly_beta,142,38,-2,mpnn_soluble_hbond_protected,soluble,True,-8,-13,10,10,1.0,0.0,9.0,0.8181818181818182,8,4.533333333333333,0.23727635652739532,0.39473684210526316,0.23684210526315788,0.7631578947368421,3,-0.05895499355678309,5.0,1.0,10,85.4157042253521,-0.7221126760563479,0.9712904627550804,0.7352867343643504,5.91
1at0_A,1at0,mainly_beta,142,38,-2,mpnn_soluble_hbond_protected,soluble,True,-16,-25,10,10,1.0,0.0,19.0,0.8260869565217391,10,7.2,0.3907719502794174,0.6842105263157895,0.5,0.5,3,-0.028879199510365765,7.0,2.0,10,84.32327464788735,-1.8145422535210969,0.9679165712679886,0.9449810550425289,14.14
1at0_A,1at0,mainly_beta,142,38,-2,mpnn_soluble_hbond_protected,soluble,True,-24,-36,10,10,1.0,0.0,29.0,0.8529411764705882,10,10.88888888888889,0.6023480297439697,0.8157894736842105,0.7631578947368421,0.23684210526315788,0,,,,10,82.98742957746475,-3.150387323943683,0.9656855688203758,0.966983637606563,24.76
1at0_A,1at0,mainly_beta,142,38,-2,mpnn_soluble_hbond_protected,soluble,True,-4,-8,10,10,1.0,0.0,5.0,0.8333333333333334,10,5.977777777777778,0.30142123148078076,0.34210526315789475,0.13157894736842105,0.868421052631579,0,,,,10,85.81010563380285,-0.32771126760559355,0.9704233591570859,0.751789115510226,4.74
1at0_A,1at0,mainly_beta,142,61,-2,mpnn_soluble,soluble,False,16,21,10,10,1.0,0.0,17.0,0.7391304347826086,9,5.777777777777778,0.20401174743208217,0.4262295081967213,0.2786885245901639,0.7213114754098361,3,0.050008197678921194,-1.0,1.0,10,88.18260563380281,2.044788732394373,0.9699689736631447,0.7582989185172019,15.72
1at0_A,1at0,mainly_beta,142,61,-2,mpnn_soluble,soluble,False,24,32,10,10,1.0,0.0,25.0,0.7352941176470589,10,11.71111111111111,0.40986893831682875,0.5409836065573771,0.4098360655737705,0.5901639344262295,0,,,,10,88.12478873239439,1.9869718309859579,0.9681896151616163,0.7826295141862554,19.52
1at0_A,1at0,mainly_beta,142,61,-2,mpnn_soluble,soluble,False,4,4,10,10,1.0,0.0,5.0,0.8333333333333334,10,5.911111111111111,0.1961941064168789,0.22950819672131148,0.08196721311475409,0.9180327868852459,0,,,,10,86.9211267605634,0.7833098591549614,0.9708208287484605,0.7498603772380845,6.39
1at0_A,1at0,mainly_beta,142,61,-2,mpnn_soluble,soluble,False,8,9,10,10,1.0,0.0,8.5,0.7727272727272727,10,6.311111111111111,0.2131425184635409,0.26229508196721313,0.13934426229508196,0.860655737704918,3,-0.011253742651403617,0.0,2.0,10,87.12049295774645,0.9826760563380077,0.970751723111007,0.7431957071980133,8.5
1at0_A,1at0,mainly_beta,142,61,-2,mpnn_soluble,soluble,False,-8,-13,10,10,1.0,0.0,9.0,0.8181818181818182,10,8.866666666666667,0.2813591789742508,0.36065573770491804,0.14754098360655737,0.8524590163934426,3,-0.05593397885684506,1.0,2.0,10,85.50757042253522,-0.6302464788732252,0.9704429075610638,0.7609653323834297,8.42
1at0_A,1at0,mainly_beta,142,61,-2,mpnn_soluble,soluble,False,-16,-25,10,10,1.0,0.0,18.0,0.782608695652174,10,8.866666666666667,0.2850827978323558,0.4918032786885246,0.29508196721311475,0.7049180327868853,3,-0.030709924276198414,4.0,1.0,10,84.29207746478872,-1.8457394366197306,0.9705463106463349,0.7934797371129707,12.82
1at0_A,1at0,mainly_beta,142,61,-2,mpnn_soluble,soluble,False,-24,-36,10,10,1.0,0.0,25.5,0.75,10,6.355555555555555,0.2174771265317891,0.5409836065573771,0.4180327868852459,0.5819672131147541,0,,,,10,83.14612676056342,-2.99169014084503,0.9697869862701288,0.9478509898497913,17.6
1at0_A,1at0,mainly_beta,142,61,-2,mpnn_soluble,soluble,False,-4,-8,10,10,1.0,0.0,5.0,0.8333333333333334,10,6.822222222222222,0.21689769737276526,0.2786885245901639,0.08196721311475409,0.9180327868852459,0,,,,10,85.63285211267606,-0.50496478873238,0.9689586243925881,0.7980690605318022,5.8
1at0_A,1at0,mainly_beta,142,61,-2,mpnn_vanilla_weights,original,False,16,21,10,10,1.0,0.0,17.0,0.7391304347826086,10,8.333333333333334,0.28832147095013766,0.39344262295081966,0.2786885245901639,0.7213114754098361,3,0.0303500088704673,0.0,1.0,10,88.20341549295776,2.0655985915493176,0.9700289290088726,0.7559982795363326,10.58
1at0_A,1at0,mainly_beta,142,61,-2,mpnn_vanilla_weights,original,False,24,32,10,10,1.0,0.0,25.0,0.7352941176470589,10,14.266666666666667,0.48010770982075823,0.6065573770491803,0.4098360655737705,0.5901639344262295,0,,,,10,88.32341549295771,2.1855985915492724,0.9688289916159024,0.8027377534040023,14.39
1at0_A,1at0,mainly_beta,142,61,-2,mpnn_vanilla_weights,original,False,4,4,10,10,1.0,0.0,4.0,0.6666666666666666,10,4.822222222222222,0.16940908755325443,0.19672131147540983,0.06557377049180328,0.9344262295081968,0,,,,10,86.78482394366196,0.6470070422535201,0.9677029000735502,0.8080315232295319,5.37
1at0_A,1at0,mainly_beta,142,61,-2,mpnn_vanilla_weights,original,False,8,9,10,10,1.0,0.0,7.0,0.6363636363636364,10,6.377777777777778,0.2139199161105402,0.26229508196721313,0.11475409836065574,0.8852459016393442,3,0.0296661427462344,-5.0,2.0,10,87.25077464788731,1.1129577464788625,0.9699592487049971,0.7592886662210419,6.92
1at0_A,1at0,mainly_beta,142,61,-2,mpnn_vanilla_weights,original,False,-8,-13,10,10,1.0,0.0,9.0,0.8181818181818182,6,3.2888888888888888,0.11064793129342533,0.19672131147540983,0.14754098360655737,0.8524590163934426,3,-0.08821644830239896,2.0,0.0,10,84.67957746478874,-1.4582394366197065,0.9687003807634516,0.7723942481200604,6.49
1at0_A,1at0,mainly_beta,142,61,-2,mpnn_vanilla_weights,original,False,-16,-25,10,10,1.0,0.0,18.0,0.782608695652174,10,10.066666666666666,0.3483924444248709,0.5737704918032787,0.29508196721311475,0.7049180327868853,3,-0.06156930772568609,3.0,0.0,10,83.9894718309859,-2.148345070422529,0.9705805878154569,0.7672723837709108,12.6
1at0_A,1at0,mainly_beta,142,61,-2,mpnn_vanilla_weights,original,False,-24,-36,10,10,1.0,0.0,27.0,0.7941176470588235,10,17.22222222222222,0.6063683628121425,0.7377049180327869,0.4426229508196721,0.5573770491803278,0,,,,10,82.58334507042254,-3.5544718309859036,0.9702967500026765,0.9331693434821126,18.46
1at0_A,1at0,mainly_beta,142,61,-2,mpnn_vanilla_weights,original,False,-4,-8,10,10,1.0,0.0,5.0,0.8333333333333334,10,4.511111111111111,0.14412752058316916,0.16393442622950818,0.08196721311475409,0.9180327868852459,0,,,,10,85.77711267605633,-0.36070422535210866,0.96917234582938,0.7858580576479276,5.72
1at0_A,1at0,mainly_beta,142,61,-2,random_control,,,16,21,10,10,1.0,0.0,18.0,0.782608695652174,10,25.933333333333334,0.9226405456898562,0.8032786885245902,0.29508196721311475,0.7049180327868853,3,0.10190477058964921,0.0,1.0,10,86.83859154929578,0.7007746478873429,0.9675821867362375,0.8722414075462168,0.0004
1at0_A,1at0,mainly_beta,142,61,-2,random_control,,,24,32,10,10,1.0,0.0,26.5,0.7794117647058822,10,31.91111111111111,1.1182248565661645,0.819672131147541,0.4344262295081967,0.5655737704918032,0,,,,10,85.72218309859154,-0.4156338028168989,0.9635264473305563,1.016191852999249,0.0005
1at0_A,1at0,mainly_beta,142,61,-2,random_control,,,4,4,10,10,1.0,0.0,5.0,0.8333333333333334,10,8.866666666666667,0.32519321726415645,0.47540983606557374,0.08196721311475409,0.9180327868852459,0,,,,10,86.26091549295774,0.1230985915492937,0.9684068971616953,0.8182549020142723,0.0003
1at0_A,1at0,mainly_beta,142,61,-2,random_control,,,8,9,10,10,1.0,0.0,9.0,0.8181818181818182,10,14.844444444444445,0.5423631344861298,0.6721311475409836,0.14754098360655737,0.8524590163934426,3,0.04846522107598136,-1.0,1.0,10,85.96003521126761,-0.17778169014084,0.9700975750040635,0.7917771946178482,0.0004
1at0_A,1at0,mainly_beta,142,61,-2,random_control,,,-8,-13,10,10,1.0,0.0,8.5,0.7727272727272727,10,15.533333333333333,0.563854276061219,0.7049180327868853,0.13934426229508196,0.860655737704918,3,0.07475846622236183,-1.0,1.0,10,84.76542253521126,-1.3723943661971774,0.9667892650061398,0.9563301698295597,0.0004
1at0_A,1at0,mainly_beta,142,61,-2,random_control,,,-16,-25,10,10,1.0,0.0,18.0,0.782608695652174,10,26.288888888888888,0.9244012216524243,0.7868852459016393,0.29508196721311475,0.7049180327868853,3,0.19616490226285327,0.0,0.0,10,82.6944014084507,-3.4434154929577403,0.9635791019307274,0.9874163097706303,0.0004
1at0_A,1at0,mainly_beta,142,61,-2,random_control,,,-24,-36,10,10,1.0,0.0,28.0,0.8235294117647058,10,32.06666666666667,1.1281569437367436,0.7868852459016393,0.45901639344262296,0.5409836065573771,0,,,,10,81.93911971830981,-4.198697183098631,0.9659065596672356,0.9841956894938435,0.0006
1at0_A,1at0,mainly_beta,142,61,-2,random_control,,,-4,-8,10,10,1.0,0.0,5.0,0.8333333333333334,10,9.244444444444444,0.3442093178485458,0.5081967213114754,0.08196721311475409,0.9180327868852459,0,,,,10,85.49059859154929,-0.6472183098591486,0.9671736369467235,0.8309828017882505,0.0003
1at0_A,1at0,mainly_beta,142,61,-2,rosetta_hbond_off,,False,16,21,10,3,0.3,0.7,15.5,0.6458333333333333,10,4.7555555555555555,0.1561111993767875,0.3114754098360656,0.23770491803278687,0.7622950819672131,3,-0.039853538238531085,-2.0,1.0,10,87.92454225352114,1.7867253521126898,0.9712856270610597,0.740353598289416,372.03
1at0_A,1at0,mainly_beta,142,61,-2,rosetta_hbond_off,,False,24,32,10,4,0.4,0.6,24.0,0.7058823529411765,10,3.7111111111111112,0.12044192068721322,0.4098360655737705,0.36065573770491804,0.639344262295082,0,,,,10,88.3395070422535,2.2016901408450664,0.9703466567178941,0.8476336880902701,223.52
1at0_A,1at0,mainly_beta,142,61,-2,rosetta_hbond_off,,False,4,4,10,6,0.6,0.4,4.0,0.5714285714285714,7,1.488888888888889,0.0508174667231127,0.11475409836065574,0.05737704918032787,0.9426229508196722,0,,,,10,87.02559859154931,0.8877816901408764,0.9697919008216696,0.8340272329604675,452.94
1at0_A,1at0,mainly_beta,142,61,-2,rosetta_hbond_off,,False,8,9,10,3,0.3,0.7,7.0,0.5833333333333334,5,1.7333333333333334,0.05964859299702476,0.14754098360655737,0.09836065573770492,0.9016393442622951,3,-0.015296568746837831,1.0,2.0,10,87.5744718309859,1.4366549295774576,0.9687500375964264,0.9469274750697032,369.37
1at0_A,1at0,mainly_beta,142,61,-2,rosetta_hbond_off,,False,-8,-13,10,4,0.4,0.6,8.0,0.8,5,1.6888888888888889,0.05297667855820765,0.14754098360655737,0.11475409836065574,0.8852459016393442,3,-0.04568477684667476,4.0,2.0,10,85.61559859154929,-0.5222183098591486,0.9686464062287932,0.8725665432840304,210.51
1at0_A,1at0,mainly_beta,142,61,-2,rosetta_hbond_off,,False,-16,-25,10,0,0.0,3.5,15.0,0.7698412698412698,10,4.2,0.13909724329805273,0.29508196721311475,0.22950819672131148,0.7704918032786885,3,-0.06603886194089245,4.0,1.0,10,84.2449647887324,-1.8928521126760387,0.9687121188122763,0.9307236643315226,207.65
1at0_A,1at0,mainly_beta,142,61,-2,rosetta_hbond_off,,False,-24,-36,10,0,0.0,14.6,15.0,0.7777777777777778,8,3.3333333333333335,0.10917333130314341,0.2786885245901639,0.22950819672131148,0.7704918032786885,0,,,,10,84.29014084507038,-1.8476760563380594,0.9687393964852398,0.8628229556305571,170.68
1at0_A,1at0,mainly_beta,142,61,-2,rosetta_hbond_off,,False,-4,-8,10,6,0.6,0.4,5.0,0.8333333333333334,7,2.1555555555555554,0.07295331086770243,0.13114754098360656,0.06557377049180328,0.9344262295081968,0,,,,10,85.64549295774648,-0.4923239436619653,0.969111013218342,0.7875208950692059,238.12
1at0_A,1at0,mainly_beta,142,61,-2,rosetta,,True,16,21,10,3,0.3,0.7,15.0,0.625,9,2.3333333333333335,0.07556787663011166,0.26229508196721313,0.22950819672131148,0.7704918032786885,3,-0.026285838027490228,4.0,0.0,10,87.92904929577463,1.7912323943661832,0.969604382968661,0.8000708291792293,283.41
1at0_A,1at0,mainly_beta,142,61,-2,rosetta,,True,24,32,10,0,0.0,5.1,20.0,0.6896551724137931,8,2.577777777777778,0.0848328758654834,0.3442622950819672,0.3114754098360656,0.6885245901639344,0,,,,10,88.61714788732394,2.479330985915496,0.9688952342862227,0.7779426549768911,278.45
1at0_A,1at0,mainly_beta,142,61,-2,rosetta,,True,4,4,10,9,0.9,0.1,3.0,0.5,3,0.4,0.015376904707845286,0.06557377049180328,0.04918032786885246,0.9508196721311475,0,,,,10,87.10464788732395,0.9668309859155002,0.9660602717018215,0.8369363954026054,288.98
1at0_A,1at0,mainly_beta,142,61,-2,rosetta,,True,8,9,10,1,0.1,0.9,6.0,0.5,6,1.511111111111111,0.05740586258022043,0.14754098360655737,0.09836065573770492,0.9016393442622951,3,-0.006835765400024815,-1.0,3.0,10,87.7151056338028,1.5772887323943579,0.9645660144739907,0.8665137481368133,316.89
1at0_A,1at0,mainly_beta,142,61,-2,rosetta,,True,-8,-13,10,4,0.4,0.6,8.0,0.7386363636363636,8,2.9555555555555557,0.10812821210637664,0.21311475409836064,0.11475409836065574,0.8852459016393442,3,-0.05033960678049169,3.0,0.0,10,85.41017605633803,-0.7276408450704182,0.9668513801934899,0.9640653983471759,208.08
1at0_A,1at0,mainly_beta,142,61,-2,rosetta,,True,-16,-25,10,0,0.0,8.3,10.5,0.7238095238095238,8,2.2444444444444445,0.06995161111335663,0.19672131147540983,0.1557377049180328,0.8442622950819672,3,-0.05658137377786037,1.0,0.0,10,85.47841549295777,-0.6594014084506696,0.9695134047086916,0.7568901194429192,181.67
1at0_A,1at0,mainly_beta,142,61,-2,rosetta,,True,-24,-36,10,0,0.0,19.4,10.0,0.7142857142857143,7,2.311111111111111,0.07709974531521196,0.21311475409836064,0.14754098360655737,0.8524590163934426,0,,,,10,85.456161971831,-0.6816549295774408,0.9695842691770843,0.7568258933918031,157.67
1at0_A,1at0,mainly_beta,142,61,-2,rosetta,,True,-4,-8,10,3,0.3,0.7,4.0,0.7142857142857143,8,2.7333333333333334,0.08800511919946592,0.11475409836065574,0.04918032786885246,0.9508196721311475,0,,,,10,85.6424295774648,-0.49538732394364615,0.9676539599018427,0.8101030777137515,203.6
1kll_A,1kll,alpha_beta,125,63,-9,avnapsa,,,8,1,10,0,0.0,1.0,6.0,0.5454545454545454,1,0.0,0.0,0.09523809523809523,0.09523809523809523,0.9047619047619048,3,-0.062205044905567775,2.0,-2.0,10,70.57604000000002,0.30740000000000123,0.8995298749155767,1.4629775080425764,79.77
1kll_A,1kll,alpha_beta,125,63,-9,avnapsa,,,16,11,10,0,0.0,1.0,11.0,0.5238095238095238,1,0.0,0.0,0.1746031746031746,0.1746031746031746,0.8253968253968254,3,0.040472184227230625,1.0,-2.0,10,68.86528,-1.4033600000000206,0.9157360204034918,1.3254239866000253,80.45
1kll_A,1kll,alpha_beta,125,63,-9,avnapsa,,,24,21,10,10,1.0,0.0,16.0,0.5333333333333333,1,0.0,0.0,0.25396825396825395,0.25396825396825395,0.746031746031746,0,,,,10,67.88652,-2.3821200000000147,0.9045283695760885,1.549555173880432,82.52
1kll_A,1kll,alpha_beta,125,63,-9,avnapsa,,,-4,-14,10,10,1.0,0.0,3.0,0.6,1,0.0,0.0,0.047619047619047616,0.047619047619047616,0.9523809523809523,0,,,,10,63.60212,-6.666520000000023,0.8772007078178292,1.6729862405054126,74.71
1kll_A,1kll,alpha_beta,125,63,-9,avnapsa,,,-8,-19,10,0,0.0,1.0,6.0,0.5454545454545454,1,0.0,0.0,0.09523809523809523,0.09523809523809523,0.9047619047619048,3,-0.012902922818671869,1.0,-1.0,10,62.429559999999995,-7.8390800000000205,0.8694636583332495,1.7855228895691821,74.3
1kll_A,1kll,alpha_beta,125,63,-9,avnapsa,,,-16,-29,10,10,1.0,0.0,11.0,0.55,1,0.0,0.0,0.15873015873015872,0.15873015873015872,0.8412698412698413,3,0.07777460234008868,-5.0,-1.0,10,59.54448000000001,-10.724160000000008,0.8787264787734339,1.6842598318486386,73.21
1kll_A,1kll,alpha_beta,125,63,-9,avnapsa,,,-24,-39,10,0,0.0,2.0,16.0,0.5714285714285714,1,0.0,0.0,0.1746031746031746,0.1746031746031746,0.8253968253968254,0,,,,10,54.98388,-15.284760000000023,0.6323277192941772,3.3185857015231393,73.03
1kll_A,1kll,alpha_beta,125,63,-9,avnapsa,,,4,-4,10,0,0.0,1.0,3.0,0.5,1,0.0,0.0,0.047619047619047616,0.047619047619047616,0.9523809523809523,0,,,,10,70.79772000000003,0.5290800000000004,0.9039259219636787,1.403271380887849,77.44
1kll_A,1kll,alpha_beta,125,63,-9,mpnn_halo,halo,False,8,1,10,10,1.0,0.0,9.0,0.9,10,5.333333333333333,0.17043132277565998,0.2857142857142857,0.14285714285714285,0.8571428571428571,3,-0.028008139615661093,7.0,-1.0,10,71.9254,1.65675999999997,0.9156711496219911,1.2783862355978373,15.58
1kll_A,1kll,alpha_beta,125,63,-9,mpnn_halo,halo,False,16,11,10,10,1.0,0.0,16.0,0.8,10,10.71111111111111,0.36350087352434407,0.49206349206349204,0.25396825396825395,0.746031746031746,3,-0.005301059253748463,6.0,-1.0,10,68.86496,-1.4036800000000156,0.5223359365408919,2.589014114658525,33.02
1kll_A,1kll,alpha_beta,125,63,-9,mpnn_halo,halo,False,24,21,10,10,1.0,0.0,23.0,0.7666666666666667,10,14.577777777777778,0.49590887043604875,0.6666666666666666,0.36507936507936506,0.6349206349206349,0,,,,10,69.49276,-0.7758800000000221,0.8531821096075534,1.8763320167981627,44.63
1kll_A,1kll,alpha_beta,125,63,-9,mpnn_halo,halo,False,-4,-14,10,10,1.0,0.0,4.0,0.8,3,0.6666666666666666,0.021433118933650377,0.06349206349206349,0.06349206349206349,0.9365079365079365,0,,,,10,71.73347999999999,1.4648399999999597,0.9170352900801839,1.3401239392220663,8.02
1kll_A,1kll,alpha_beta,125,63,-9,mpnn_halo,halo,False,-8,-19,10,10,1.0,0.0,8.0,0.8,10,4.333333333333333,0.14299606481511348,0.23809523809523808,0.12698412698412698,0.873015873015873,3,-0.008586059355925045,-2.0,-3.0,10,66.16868,-4.099960000000017,0.9079913946233473,1.5387097161080296,16.72
1kll_A,1kll,alpha_beta,125,63,-9,mpnn_halo,halo,False,-16,-29,10,10,1.0,0.0,16.5,0.825,10,16.355555555555554,0.551049417916704,0.5873015873015873,0.26190476190476186,0.7380952380952381,3,0.028452607008553968,0.0,-2.0,10,57.40172,-12.866920000000018,0.6220735730568279,3.2715629888374296,25.31
1kll_A,1kll,alpha_beta,125,63,-9,mpnn_halo,halo,False,-24,-39,10,10,1.0,0.0,25.0,0.8333333333333334,10,19.866666666666667,0.6647278639761711,0.6984126984126984,0.3968253968253968,0.6031746031746031,0,,,,10,54.94012000000001,-15.328520000000008,0.6391616266115115,3.1967005883734076,33.06
1kll_A,1kll,alpha_beta,125,63,-9,mpnn_halo,halo,False,4,-4,10,10,1.0,0.0,5.0,1.0,7,2.111111111111111,0.07022820190307187,0.14285714285714285,0.07936507936507936,0.9206349206349206,0,,,,10,76.11152000000001,5.842879999999987,0.9254643809512522,1.2319501329001525,9.88
1kll_A,1kll,alpha_beta,125,63,-9,mpnn_hyper,hyper,False,8,1,10,10,1.0,0.0,8.0,0.8,10,7.888888888888889,0.24905055869307666,0.25396825396825395,0.12698412698412698,0.873015873015873,3,0.010355841928129394,6.0,-2.0,10,68.79876000000002,-1.4698799999999963,0.9034569766594722,1.4492922343544494,9.53
1kll_A,1kll,alpha_beta,125,63,-9,mpnn_hyper,hyper,False,16,11,10,10,1.0,0.0,15.0,0.75,9,7.822222222222222,0.2537661078241247,0.3333333333333333,0.23809523809523808,0.7619047619047619,3,0.04334195997943971,3.0,-2.0,10,68.93972000000002,-1.3289200000000037,0.49212230277804814,2.6820906756483227,15.07
1kll_A,1kll,alpha_beta,125,63,-9,mpnn_hyper,hyper,False,24,21,10,10,1.0,0.0,22.0,0.7333333333333333,10,12.444444444444445,0.40160360018684904,0.47619047619047616,0.3492063492063492,0.6507936507936508,0,,,,10,67.44728,-2.82136000000002,0.7278141291054061,2.3837359768362667,28.54
1kll_A,1kll,alpha_beta,125,63,-9,mpnn_hyper,hyper,False,-4,-14,10,10,1.0,0.0,4.0,0.8,8,2.977777777777778,0.1011351548788591,0.12698412698412698,0.06349206349206349,0.9365079365079365,0,,,,10,65.79948000000002,-4.469160000000009,0.49556742715781266,2.271792776755094,5.92
1kll_A,1kll,alpha_beta,125,63,-9,mpnn_hyper,hyper,False,-8,-19,10,10,1.0,0.0,8.0,0.8,9,3.1555555555555554,0.1000379913748446,0.20634920634920634,0.12698412698412698,0.873015873015873,3,-0.061773826260353416,1.0,-2.0,10,60.26520000000001,-10.003440000000008,0.7734958840416613,2.489468537121803,8.08
1kll_A,1kll,alpha_beta,125,63,-9,mpnn_hyper,hyper,False,-16,-29,10,10,1.0,0.0,16.0,0.8,10,12.422222222222222,0.4136939717325112,0.5555555555555556,0.25396825396825395,0.746031746031746,3,0.03837369767306973,0.0,-2.0,10,55.76928000000001,-14.49936000000001,0.6262274657058362,2.5385518648104854,17.24
1kll_A,1kll,alpha_beta,125,63,-9,mpnn_hyper,hyper,False,-24,-39,10,10,1.0,0.0,24.0,0.8,10,18.266666666666666,0.6160505571977352,0.6984126984126984,0.38095238095238093,0.6190476190476191,0,,,,10,54.17099999999999,-16.097640000000023,0.5453252669938922,2.8021274092995867,25.2
1kll_A,1kll,alpha_beta,125,63,-9,mpnn_hyper,hyper,False,4,-4,10,10,1.0,0.0,4.0,0.8,10,5.7555555555555555,0.17922809253043373,0.23809523809523808,0.06349206349206349,0.9365079365079365,0,,,,10,70.51164000000001,0.242999999999995,0.8980214994293736,1.4685027679427498,6.01
1kll_A,1kll,alpha_beta,125,45,-9,mpnn_soluble_hbond_protected,soluble,True,8,1,10,10,1.0,0.0,9.0,0.9,9,6.533333333333333,0.2935278240744922,0.4,0.2,0.8,3,-0.006101896316873535,5.0,-3.0,10,60.96952000000001,-9.29912000000001,0.6761086260695319,2.518818276764,7.07
1kll_A,1kll,alpha_beta,125,45,-9,mpnn_soluble_hbond_protected,soluble,True,16,11,10,10,1.0,0.0,17.0,0.85,10,6.933333333333334,0.3220086203915864,0.5333333333333333,0.37777777777777777,0.6222222222222222,3,0.01236738620381675,3.0,-2.0,10,61.520600000000016,-8.748040000000007,0.5050110140376466,2.7378179168104513,10.91
1kll_A,1kll,alpha_beta,125,45,-9,mpnn_soluble_hbond_protected,soluble,True,24,21,10,10,1.0,0.0,24.0,0.8,10,13.266666666666667,0.6240744734432935,0.7777777777777778,0.5333333333333333,0.4666666666666667,0,,,,10,58.62299999999999,-11.645640000000029,0.5554360548982125,3.0760707097887705,16.65
1kll_A,1kll,alpha_beta,125,45,-9,mpnn_soluble_hbond_protected,soluble,True,-4,-14,10,10,1.0,0.0,4.0,0.8,10,5.088888888888889,0.22835234510350802,0.3333333333333333,0.08888888888888889,0.9111111111111111,0,,,,10,69.02832000000001,-1.240320000000004,0.908160907448861,1.3294910592953726,4.44
1kll_A,1kll,alpha_beta,125,45,-9,mpnn_soluble_hbond_protected,soluble,True,-8,-19,10,10,1.0,0.0,8.0,0.8,10,5.688888888888889,0.25631776168415704,0.3333333333333333,0.17777777777777778,0.8222222222222222,3,-0.005372167894892755,2.0,-2.0,10,63.83752,-6.431120000000021,0.8856225580821806,1.680116357778519,6.29
1kll_A,1kll,alpha_beta,125,45,-9,mpnn_soluble_hbond_protected,soluble,True,-16,-29,10,10,1.0,0.0,16.0,0.8,8,3.977777777777778,0.18469810221661354,0.4888888888888889,0.35555555555555557,0.6444444444444445,3,0.007791991019774742,0.0,-2.0,10,55.48132,-14.787320000000026,0.5707432262252494,3.2149228025317758,9.24
1kll_A,1kll,alpha_beta,125,45,-9,mpnn_soluble_hbond_protected,soluble,True,-24,-39,10,10,1.0,0.0,25.0,0.8333333333333334,10,6.888888888888889,0.3134831536465735,0.6666666666666666,0.5555555555555556,0.4444444444444444,0,,,,10,54.205319999999986,-16.06332000000003,0.5631741840428889,3.0844393232732115,13.96
1kll_A,1kll,alpha_beta,125,45,-9,mpnn_soluble_hbond_protected,soluble,True,4,-4,10,10,1.0,0.0,5.0,1.0,10,4.444444444444445,0.20772076173652074,0.3111111111111111,0.1111111111111111,0.8888888888888888,0,,,,10,66.3974,-3.8712400000000216,0.8535418382495905,1.807657108633662,5.04
1kll_A,1kll,alpha_beta,125,63,-9,mpnn_soluble,soluble,False,8,1,10,10,1.0,0.0,8.0,0.8,10,7.088888888888889,0.22877153836018996,0.31746031746031744,0.12698412698412698,0.873015873015873,3,-0.005687070230857444,0.0,0.0,10,65.94443999999999,-4.324200000000026,0.8628952019871957,1.8350792495234538,10.04
1kll_A,1kll,alpha_beta,125,63,-9,mpnn_soluble,soluble,False,16,11,10,10,1.0,0.0,16.0,0.8,10,11.022222222222222,0.3665476078219026,0.42857142857142855,0.25396825396825395,0.746031746031746,3,-0.010111864932814114,2.0,-1.0,10,61.95079999999999,-8.317840000000032,0.5525564934167547,2.710064434295359,14.82
1kll_A,1kll,alpha_beta,125,63,-9,mpnn_soluble,soluble,False,24,21,10,10,1.0,0.0,23.0,0.7666666666666667,10,9.533333333333333,0.3263253193670794,0.5238095238095238,0.36507936507936506,0.6349206349206349,0,,,,10,61.95156000000001,-8.317080000000011,0.4928433787004717,2.660486118160186,22.13
1kll_A,1kll,alpha_beta,125,63,-9,mpnn_soluble,soluble,False,-4,-14,10,10,1.0,0.0,4.5,0.9,10,5.466666666666667,0.1654541910471825,0.20634920634920634,0.07142857142857142,0.9285714285714286,0,,,,10,69.35147999999998,-0.9171600000000382,0.911631285930436,1.386087323277402,5.21
1kll_A,1kll,alpha_beta,125,63,-9,mpnn_soluble,soluble,False,-8,-19,10,10,1.0,0.0,8.0,0.8,10,8.088888888888889,0.25623361262749855,0.30158730158730157,0.12698412698412698,0.873015873015873,3,0.03582071192597641,1.0,-1.0,10,63.557559999999995,-6.7110800000000275,0.8708917083575641,1.7918097906405577,7.33
1kll_A,1kll,alpha_beta,125,63,-9,mpnn_soluble,soluble,False,-16,-29,10,10,1.0,0.0,16.0,0.8,10,6.5777777777777775,0.21217010102464579,0.3968253968253968,0.25396825396825395,0.746031746031746,3,0.025159920800943838,-2.0,-2.0,10,56.73520000000001,-13.533440000000006,0.5572571580062167,3.3409481244249033,11.3
1kll_A,1kll,alpha_beta,125,63,-9,mpnn_soluble,soluble,False,-24,-39,10,10,1.0,0.0,24.0,0.8,10,6.355555555555555,0.197682647559836,0.47619047619047616,0.38095238095238093,0.6190476190476191,0,,,,10,54.57475999999998,-15.693880000000032,0.5623400995578194,2.9642704351959597,14.8
1kll_A,1kll,alpha_beta,125,63,-9,mpnn_soluble,soluble,False,4,-4,10,10,1.0,0.0,4.0,0.8,10,5.666666666666667,0.1976538359012702,0.2698412698412698,0.06349206349206349,0.9365079365079365,0,,,,10,70.05520000000003,-0.21343999999999141,0.9097691644304851,1.3662242571400864,6.81
1kll_A,1kll,alpha_beta,125,63,-9,mpnn_vanilla_weights,original,False,8,1,10,10,1.0,0.0,7.0,0.7,10,8.088888888888889,0.2674462679800469,0.2698412698412698,0.1111111111111111,0.8888888888888888,3,0.01692449918713419,5.0,-1.0,10,69.10852000000001,-1.1601200000000063,0.8771541313576439,1.6281036830650892,5.87
1kll_A,1kll,alpha_beta,125,63,-9,mpnn_vanilla_weights,original,False,16,11,10,10,1.0,0.0,15.5,0.775,10,9.244444444444444,0.29806674586212456,0.3492063492063492,0.24603174603174602,0.753968253968254,3,-0.051820340728198064,7.0,-2.0,10,68.38396,-1.8846800000000101,0.4975440690514063,2.633412384792238,9.16
1kll_A,1kll,alpha_beta,125,63,-9,mpnn_vanilla_weights,original,False,24,21,10,10,1.0,0.0,23.0,0.7666666666666667,10,15.533333333333333,0.5128813071953171,0.6349206349206349,0.36507936507936506,0.6349206349206349,0,,,,10,66.61923999999999,-3.6494000000000213,0.8504583982250773,1.8443988968374587,13.41
1kll_A,1kll,alpha_beta,125,63,-9,mpnn_vanilla_weights,original,False,-4,-14,10,10,1.0,0.0,4.0,0.8,10,4.644444444444445,0.15370801578328147,0.19047619047619047,0.06349206349206349,0.9365079365079365,0,,,,10,67.01891999999998,-3.249720000000032,0.8946033736456489,1.5319497705431409,4.13
1kll_A,1kll,alpha_beta,125,63,-9,mpnn_vanilla_weights,original,False,-8,-19,10,10,1.0,0.0,8.0,0.8,10,5.111111111111111,0.17603678379124935,0.2698412698412698,0.12698412698412698,0.873015873015873,3,-0.022110357917153125,3.0,-2.0,10,63.78023999999998,-6.488400000000038,0.8613267147512303,1.8257805369096083,5.7
1kll_A,1kll,alpha_beta,125,63,-9,mpnn_vanilla_weights,original,False,-16,-29,10,10,1.0,0.0,15.0,0.75,10,7.377777777777778,0.23431058035995964,0.3492063492063492,0.23809523809523808,0.7619047619047619,3,0.006237391065015799,-5.0,-2.0,10,55.96780000000001,-14.300840000000004,0.5879093013135268,3.037630979872241,8.81
1kll_A,1kll,alpha_beta,125,63,-9,mpnn_vanilla_weights,original,False,-24,-39,10,10,1.0,0.0,24.0,0.8,10,10.088888888888889,0.32867642967296096,0.5396825396825397,0.38095238095238093,0.6190476190476191,0,,,,10,53.67571999999999,-16.592920000000028,0.5617471955118556,2.4370140690753126,14.64
1kll_A,1kll,alpha_beta,125,63,-9,mpnn_vanilla_weights,original,False,4,-4,10,10,1.0,0.0,4.0,0.8,10,5.466666666666667,0.17221252823823524,0.2222222222222222,0.06349206349206349,0.9365079365079365,0,,,,10,69.23599999999999,-1.032640000000029,0.8805201201930881,1.6330567708174069,4.42
1kll_A,1kll,alpha_beta,125,63,-9,random_control,,,8,1,10,10,1.0,0.0,8.0,0.8,10,14.333333333333334,0.5117265203741708,0.6984126984126984,0.12698412698412698,0.873015873015873,3,0.02934487370567831,7.0,-2.0,10,66.03796,-4.230680000000021,0.8196671404949067,2.2535457131419854,0.0004
1kll_A,1kll,alpha_beta,125,63,-9,random_control,,,16,11,10,10,1.0,0.0,15.0,0.75,10,24.066666666666666,0.8353669624321731,0.8253968253968254,0.23809523809523808,0.7619047619047619,3,0.021688415612796233,3.0,0.0,10,62.31575999999998,-7.952880000000032,0.8614168361749917,1.812200645353717,0.0004
1kll_A,1kll,alpha_beta,125,63,-9,random_control,,,24,21,10,10,1.0,0.0,22.5,0.75,10,31.08888888888889,1.051799528432001,0.8571428571428571,0.3571428571428571,0.6428571428571428,0,,,,10,62.65352000000001,-7.615120000000012,0.5881786570563289,2.7418952881777408,0.0004
1kll_A,1kll,alpha_beta,125,63,-9,random_control,,,-4,-14,10,10,1.0,0.0,4.0,0.8,10,7.733333333333333,0.28419544102837074,0.47619047619047616,0.06349206349206349,0.9365079365079365,0,,,,10,65.03660000000002,-5.232039999999998,0.8793483514885858,1.7239997765061346,0.0003
1kll_A,1kll,alpha_beta,125,63,-9,random_control,,,-8,-19,10,10,1.0,0.0,8.5,0.8500000000000001,10,14.466666666666667,0.5055256351958848,0.6190476190476191,0.1349206349206349,0.8650793650793651,3,0.10985297688564333,1.0,-2.0,10,61.40111999999999,-8.867520000000024,0.7177155016271902,2.427499626041199,0.0004
1kll_A,1kll,alpha_beta,125,63,-9,random_control,,,-16,-29,10,10,1.0,0.0,17.0,0.85,10,24.733333333333334,0.8525320614164998,0.7142857142857143,0.2698412698412698,0.7301587301587301,3,0.16248660496424508,2.0,-2.0,10,55.78308,-14.48556000000002,0.5844799034890309,2.6122308613582934,0.0004
1kll_A,1kll,alpha_beta,125,63,-9,random_control,,,-24,-39,10,10,1.0,0.0,25.0,0.8333333333333334,10,29.2,1.0005662067078906,0.7142857142857143,0.3968253968253968,0.6031746031746031,0,,,,10,54.28416,-15.984480000000016,0.45991753391915113,2.1215350969692652,0.0005
1kll_A,1kll,alpha_beta,125,63,-9,random_control,,,4,-4,10,10,1.0,0.0,3.5,0.7,10,6.866666666666666,0.25246237300894786,0.4126984126984127,0.05555555555555555,0.9444444444444444,0,,,,10,70.80688,0.5382399999999876,0.9183833075284816,1.2853913194213855,0.0003
1kll_A,1kll,alpha_beta,125,63,-9,rosetta_hbond_off,,False,8,1,10,4,0.4,0.6,6.5,0.6363636363636364,8,3.3333333333333335,0.10560008978728277,0.1746031746031746,0.10317460317460317,0.8968253968253967,3,-0.06296032254356851,5.0,-2.0,10,70.30919999999999,0.04055999999997084,0.9127331889020303,1.3100144155706774,545.02
1kll_A,1kll,alpha_beta,125,63,-9,rosetta_hbond_off,,False,16,11,10,7,0.7,0.3,12.0,0.5714285714285714,9,4.266666666666667,0.13558371974936623,0.25396825396825395,0.1746031746031746,0.8253968253968254,3,-0.0035445965417202387,5.0,-3.0,10,70.80068,0.5320399999999879,0.9000635866749596,1.4272384339551194,379.18
1kll_A,1kll,alpha_beta,125,63,-9,rosetta_hbond_off,,False,24,21,10,2,0.2,0.8,18.0,0.5806451612903226,8,5.711111111111111,0.18002616884200695,0.38095238095238093,0.2698412698412698,0.7301587301587301,0,,,,10,68.23988000000001,-2.0287600000000054,0.5193914417069966,2.653192901495675,513.05
1kll_A,1kll,alpha_beta,125,63,-9,rosetta_hbond_off,,False,-4,-14,10,0,0.0,1.0,3.0,0.6666666666666666,6,1.0666666666666667,0.030823828395386305,0.047619047619047616,0.031746031746031744,0.9682539682539683,0,,,,10,65.19416000000001,-5.074480000000008,0.8906350256792281,1.3640094752374794,110.08
1kll_A,1kll,alpha_beta,125,63,-9,rosetta_hbond_off,,False,-8,-19,10,3,0.3,0.7,7.0,0.7777777777777778,8,3.111111111111111,0.09642422327452886,0.14285714285714285,0.09523809523809523,0.9047619047619048,3,-0.0030029972298398207,1.0,-2.0,10,62.670519999999996,-7.598120000000023,0.49392271125526477,2.280696071441252,200.61
1kll_A,1kll,alpha_beta,125,63,-9,rosetta_hbond_off,,False,-16,-29,10,0,0.0,2.4,13.0,0.7573529411764706,8,3.422222222222222,0.10829914310421988,0.2222222222222222,0.1746031746031746,0.8253968253968254,3,0.002029778758429529,0.0,-1.0,10,60.81528,-9.453360000000021,0.49871590891229806,2.3733185169609863,145.91
1kll_A,1kll,alpha_beta,125,63,-9,rosetta_hbond_off,,False,-24,-39,10,0,0.0,12.6,13.0,0.7712418300653594,9,2.533333333333333,0.07705957098846576,0.20634920634920634,0.1746031746031746,0.8253968253968254,0,,,,10,61.17396,-9.094680000000018,0.4911704923274518,2.223669391791679,118.81
1kll_A,1kll,alpha_beta,125,63,-9,rosetta_hbond_off,,False,4,-4,10,2,0.2,0.8,4.0,0.6666666666666666,8,2.8666666666666667,0.08502711068474175,0.1111111111111111,0.06349206349206349,0.9365079365079365,0,,,,10,70.45540000000003,0.1867599999999996,0.9194444541898419,1.2609287008325856,678.82
1kll_A,1kll,alpha_beta,125,63,-9,rosetta,,True,8,1,10,4,0.4,0.6,6.0,0.5727272727272728,7,3.511111111111111,0.10955282787565272,0.1746031746031746,0.09523809523809523,0.9047619047619048,3,-0.09545692557124312,2.0,-1.0,10,70.02415999999998,-0.24448000000003844,0.9156537484182659,1.2690223057130572,321.58
1kll_A,1kll,alpha_beta,125,63,-9,rosetta,,True,16,11,10,5,0.5,0.5,11.0,0.55,9,2.977777777777778,0.09414091367795957,0.2222222222222222,0.1746031746031746,0.8253968253968254,3,-0.07595861278586745,3.0,-2.0,10,71.31131999999997,1.0426799999999545,0.9050241597266556,1.3696869263974984,263.06
1kll_A,1kll,alpha_beta,125,63,-9,rosetta,,True,24,21,10,1,0.1,0.9,18.0,0.5806451612903226,5,3.511111111111111,0.10846663274644332,0.31746031746031744,0.2698412698412698,0.7301587301587301,0,,,,10,71.30164000000002,1.0330000000000013,0.5027082205534006,2.557110307967036,354.84
1kll_A,1kll,alpha_beta,125,63,-9,rosetta,,True,-4,-14,10,4,0.4,0.6,3.0,0.6,5,1.0222222222222221,0.02986176030524909,0.047619047619047616,0.031746031746031744,0.9682539682539683,0,,,,10,64.75456000000001,-5.514080000000007,0.892226530250983,1.3732466755570407,120.75
1kll_A,1kll,alpha_beta,125,63,-9,rosetta,,True,-8,-19,10,0,0.0,1.0,7.0,0.7777777777777778,5,2.1333333333333333,0.06520135672335593,0.12698412698412698,0.09523809523809523,0.9047619047619048,3,-0.02721518238855924,3.0,0.0,10,62.6754,-7.593240000000016,0.4996934317920574,2.2797401522236074,185.27
1kll_A,1kll,alpha_beta,125,63,-9,rosetta,,True,-16,-29,10,0,0.0,4.3,11.0,0.7333333333333333,8,2.3555555555555556,0.07310683290009581,0.19047619047619047,0.14285714285714285,0.8571428571428571,3,-0.031699984637349646,1.0,-1.0,10,61.322919999999996,-8.94572000000002,0.4990686713749764,2.32868345101153,126.27
1kll_A,1kll,alpha_beta,125,63,-9,rosetta,,True,-24,-39,10,0,0.0,13.7,12.5,0.7573529411764706,8,2.0444444444444443,0.06275405534822269,0.19047619047619047,0.16666666666666666,0.8333333333333333,0,,,,10,61.112640000000006,-9.156000000000013,0.49173891691794547,2.165696265448683,113.46
1kll_A,1kll,alpha_beta,125,63,-9,rosetta,,True,4,-4,10,5,0.5,0.5,3.0,0.6333333333333333,7,2.577777777777778,0.07816596954591583,0.1111111111111111,0.047619047619047616,0.9523809523809523,0,,,,10,73.40100000000002,3.1323600000000056,0.9222869370366291,1.250983382379403,370.15
1l8d_A,1l8d,mainly_alpha,103,67,2,avnapsa,,,8,10,10,10,1.0,0.0,4.0,0.5,2,0.4,0.013999868465351678,0.07462686567164178,0.05970149253731343,0.9402985074626866,3,-0.08798454410020122,2.0,0.0,10,78.75271844660196,-4.755728155339781,0.8355146137781506,2.015024022595677,80.34
1l8d_A,1l8d,mainly_alpha,103,67,2,avnapsa,,,16,18,10,10,1.0,0.0,9.0,0.5625,3,2.0,0.05529079085627944,0.16417910447761194,0.13432835820895522,0.8656716417910447,3,-0.09000377162419516,6.0,1.0,10,78.20771844660194,-5.3007281553398045,0.8294659170179346,1.7308606119754435,89.83
1l8d_A,1l8d,mainly_alpha,103,67,2,avnapsa,,,24,27,10,10,1.0,0.0,14.0,0.56,1,0.0,0.0,0.208955223880597,0.208955223880597,0.7910447761194029,0,,,,10,77.87422330097087,-5.634223300970881,0.8143631834578069,1.76435810699537,91.59
1l8d_A,1l8d,mainly_alpha,103,67,2,avnapsa,,,4,6,10,10,1.0,0.0,2.0,0.5,1,0.0,0.0,0.029850746268656716,0.029850746268656716,0.9701492537313433,0,,,,10,78.79786407766989,-4.7105825242718495,0.8311447045000204,1.6538822425048614,79.66
1l8d_A,1l8d,mainly_alpha,103,67,2,avnapsa,,,-16,-14,10,7,0.7,0.3,8.0,0.5,3,1.1777777777777778,0.03470368789560325,0.14925373134328357,0.11940298507462686,0.8805970149253731,3,0.019692437917266273,1.0,1.0,10,83.4676213592233,-0.040825242718447896,0.85526374926455,1.921672966905091,82.07
1l8d_A,1l8d,mainly_alpha,103,67,2,avnapsa,,,-4,-2,10,10,1.0,0.0,2.0,0.5,2,0.4,0.013999868465351678,0.04477611940298507,0.029850746268656716,0.9701492537313433,0,,,,10,83.72402912621362,0.21558252427188052,0.8563023396750533,1.8756330216555543,77.92
1l8d_A,1l8d,mainly_alpha,103,67,2,avnapsa,,,-24,-23,10,10,1.0,0.0,14.0,0.56,1,0.0,0.0,0.208955223880597,0.208955223880597,0.7910447761194029,0,,,,10,82.64266990291264,-0.865776699029098,0.8512638888361008,1.9313827733910294,81.14
1l8d_A,1l8d,mainly_alpha,103,67,2,avnapsa,,,-8,-6,10,10,1.0,0.0,4.0,0.5,2,0.4,0.013999868465351678,0.07462686567164178,0.05970149253731343,0.9402985074626866,3,-0.01593516810902981,-1.0,1.0,10,83.78689320388348,0.278446601941738,0.849537130796614,1.904587012711322,83.68
1l8d_A,1l8d,mainly_alpha,103,67,2,mpnn_halo,halo,False,8,10,10,10,1.0,0.0,5.0,0.625,8,2.8222222222222224,0.09570597973323923,0.16417910447761194,0.07462686567164178,0.9253731343283582,3,0.04751764414560097,4.0,1.0,10,83.44606796116506,-0.06237864077669286,0.8543354337219378,1.876105672536709,8.58
1l8d_A,1l8d,mainly_alpha,103,67,2,mpnn_halo,halo,False,16,18,10,10,1.0,0.0,10.0,0.625,10,6.533333333333333,0.20616028504293804,0.3283582089552239,0.14925373134328357,0.8507462686567164,3,0.03137838434040653,3.0,2.0,10,83.18640776699029,-0.32203883495145647,0.8602314799723811,1.8563663061837419,19.43
1l8d_A,1l8d,mainly_alpha,103,67,2,mpnn_halo,halo,False,24,27,10,10,1.0,0.0,16.0,0.64,10,10.577777777777778,0.3424317261488892,0.4925373134328358,0.23880597014925373,0.7611940298507462,0,,,,10,82.8807281553398,-0.6277184466019534,0.8497156344472363,1.9052362301143293,22.33
1l8d_A,1l8d,mainly_alpha,103,67,2,mpnn_halo,halo,False,4,6,10,10,1.0,0.0,3.0,0.75,9,3.3555555555555556,0.104792575483351,0.13432835820895522,0.04477611940298507,0.9552238805970149,0,,,,10,79.3116990291262,-4.196747572815546,0.8313760370553749,1.8213818136604942,6.14
1l8d_A,1l8d,mainly_alpha,103,67,2,mpnn_halo,halo,False,-16,-14,10,10,1.0,0.0,12.0,0.75,10,8.755555555555556,0.2706543881189047,0.373134328358209,0.1791044776119403,0.8208955223880597,3,-0.03896595142109739,4.0,0.0,10,81.19441747572813,-2.3140291262136046,0.8255954861357494,2.011742713033734,21.87
1l8d_A,1l8d,mainly_alpha,103,67,2,mpnn_halo,halo,False,-4,-2,10,10,1.0,0.0,3.0,0.75,9,3.022222222222222,0.09242901730525231,0.1044776119402985,0.04477611940298507,0.9552238805970149,0,,,,10,79.89917475728151,-3.6092718446602206,0.8400035912503065,1.9062730379846262,6.15
1l8d_A,1l8d,mainly_alpha,103,67,2,mpnn_halo,halo,False,-24,-23,10,10,1.0,0.0,18.5,0.74,10,12.644444444444444,0.39130405948536445,0.47761194029850745,0.27611940298507465,0.7238805970149254,0,,,,10,78.3453883495146,-5.163058252427156,0.8170798587154833,1.977845997202456,24.69
1l8d_A,1l8d,mainly_alpha,103,67,2,mpnn_halo,halo,False,-8,-6,10,10,1.0,0.0,6.0,0.75,10,5.4222222222222225,0.17003391611513574,0.22388059701492538,0.08955223880597014,0.9104477611940298,3,-0.0116591770267319,0.0,2.0,10,79.08529126213593,-4.423155339805817,0.8239922552700016,1.864568926595833,9.71
1l8d_A,1l8d,mainly_alpha,103,67,2,mpnn_hyper,hyper,False,8,10,10,10,1.0,0.0,5.5,0.6875,10,8.6,0.2762960678743296,0.3283582089552239,0.08208955223880596,0.917910447761194,3,0.014093498249065072,2.0,0.0,10,81.53684466019419,-1.9716019417475508,0.8450890651912173,1.8535468818510656,6.9
1l8d_A,1l8d,mainly_alpha,103,67,2,mpnn_hyper,hyper,False,16,18,10,10,1.0,0.0,11.0,0.6875,10,11.0,0.3412036940964677,0.34328358208955223,0.16417910447761194,0.835820895522388,3,-0.008760969005169879,1.0,1.0,10,83.52461165048544,0.01616504854369083,0.8424498507754313,1.9292260983411202,10.12
1l8d_A,1l8d,mainly_alpha,103,67,2,mpnn_hyper,hyper,False,24,27,10,10,1.0,0.0,16.5,0.66,10,13.311111111111112,0.4131940047104732,0.43283582089552236,0.2462686567164179,0.7537313432835822,0,,,,10,83.29184466019419,-0.21660194174756242,0.844816744934975,1.960787229560147,13.68
1l8d_A,1l8d,mainly_alpha,103,67,2,mpnn_hyper,hyper,False,4,6,10,10,1.0,0.0,3.0,0.75,10,4.622222222222222,0.14922474657926998,0.208955223880597,0.04477611940298507,0.9552238805970149,0,,,,10,79.54048543689322,-3.9679611650485285,0.834412094356062,1.8741272994427882,4.82
1l8d_A,1l8d,mainly_alpha,103,67,2,mpnn_hyper,hyper,False,-16,-14,10,10,1.0,0.0,12.0,0.75,9,3.5555555555555554,0.10806544244468318,0.2537313432835821,0.1791044776119403,0.8208955223880597,3,-0.08167710690337432,1.0,1.0,10,77.90252427184467,-5.605922330097073,0.8315315111392786,1.979565626129462,10.5
1l8d_A,1l8d,mainly_alpha,103,67,2,mpnn_hyper,hyper,False,-4,-2,10,10,1.0,0.0,3.0,0.75,10,4.222222222222222,0.12744137101506525,0.14925373134328357,0.04477611940298507,0.9552238805970149,0,,,,10,78.47577669902913,-5.032669902912623,0.8454451693947,1.9841525734564578,4.73
1l8d_A,1l8d,mainly_alpha,103,67,2,mpnn_hyper,hyper,False,-24,-23,10,10,1.0,0.0,19.0,0.76,10,8.688888888888888,0.27029907344787735,0.4925373134328358,0.2835820895522388,0.7164179104477612,0,,,,10,78.21902912621357,-5.289417475728179,0.8240778616602282,1.9155910976625448,18.85
1l8d_A,1l8d,mainly_alpha,103,67,2,mpnn_hyper,hyper,False,-8,-6,10,10,1.0,0.0,6.0,0.75,9,6.355555555555555,0.18275688443091645,0.19402985074626866,0.08955223880597014,0.9104477611940298,3,-0.022633513642609366,1.0,0.0,10,79.42927184466018,-4.079174757281564,0.8344016636524707,1.969296635226324,7.01
1l8d_A,1l8d,mainly_alpha,103,43,2,mpnn_soluble_hbond_protected,soluble,True,8,10,10,10,1.0,0.0,6.0,0.75,10,7.844444444444444,0.35541862868428,0.4418604651162791,0.13953488372093023,0.8604651162790697,3,-0.06952341710432701,3.0,3.0,10,79.04106796116506,-4.467378640776687,0.8316187269218742,1.7832816640774283,4.31
1l8d_A,1l8d,mainly_alpha,103,43,2,mpnn_soluble_hbond_protected,soluble,True,16,18,10,10,1.0,0.0,11.0,0.6875,10,11.311111111111112,0.5245546851244917,0.5581395348837209,0.2558139534883721,0.7441860465116279,3,-0.10201462889358205,1.0,0.0,10,79.97373786407766,-3.5347087378640865,0.8370816374151673,1.852702700615707,6.09
1l8d_A,1l8d,mainly_alpha,103,43,2,mpnn_soluble_hbond_protected,soluble,True,24,27,10,10,1.0,0.0,17.0,0.68,10,9.444444444444445,0.45543833524022925,0.5813953488372093,0.3953488372093023,0.6046511627906976,0,,,,10,81.25883495145631,-2.249611650485434,0.8410270633324795,1.8981152369313627,7.76
1l8d_A,1l8d,mainly_alpha,103,43,2,mpnn_soluble_hbond_protected,soluble,True,4,6,10,10,1.0,0.0,3.0,0.75,10,4.955555555555556,0.24883151472855725,0.3488372093023256,0.06976744186046512,0.9302325581395349,0,,,,10,79.03208737864077,-4.476359223300975,0.8364306064013689,1.809266085301285,3.41
1l8d_A,1l8d,mainly_alpha,103,43,2,mpnn_soluble_hbond_protected,soluble,True,-16,-14,10,10,1.0,0.0,12.0,0.75,10,9.6,0.4348699781570648,0.5348837209302325,0.27906976744186046,0.7209302325581395,3,-0.0737225849011719,-1.0,1.0,10,82.29058252427183,-1.2178640776699154,0.8374157677611676,1.9156987082799048,6.59
1l8d_A,1l8d,mainly_alpha,103,43,2,mpnn_soluble_hbond_protected,soluble,True,-4,-2,10,10,1.0,0.0,3.0,0.75,9,4.822222222222222,0.2332701703408766,0.37209302325581395,0.06976744186046512,0.9302325581395349,0,,,,10,81.00500000000002,-2.503446601941725,0.8401598207379428,1.932201762696765,3.44
1l8d_A,1l8d,mainly_alpha,103,43,2,mpnn_soluble_hbond_protected,soluble,True,-24,-23,10,10,1.0,0.0,18.0,0.72,10,6.088888888888889,0.2972772481842993,0.5581395348837209,0.4186046511627907,0.5813953488372093,0,,,,10,82.76334951456309,-0.745097087378646,0.8423149810304783,1.9393793483025328,9.32
1l8d_A,1l8d,mainly_alpha,103,43,2,mpnn_soluble_hbond_protected,soluble,True,-8,-6,10,10,1.0,0.0,6.0,0.75,10,8.266666666666667,0.37426062344906835,0.4883720930232558,0.13953488372093023,0.8604651162790697,3,-0.06871733652503481,6.0,0.0,10,78.76247572815535,-4.745970873786398,0.8332660136485909,1.9396178418911618,4.54
1l8d_A,1l8d,mainly_alpha,103,67,2,mpnn_soluble,soluble,False,8,10,10,10,1.0,0.0,6.0,0.75,10,8.644444444444444,0.26459493999101014,0.40298507462686567,0.08955223880597014,0.9104477611940298,3,-0.0851571092337666,2.0,0.0,10,78.90752427184465,-4.600922330097092,0.8299751216075212,1.8187810952897496,5.69
1l8d_A,1l8d,mainly_alpha,103,67,2,mpnn_soluble,soluble,False,16,18,10,10,1.0,0.0,11.0,0.6875,10,14.11111111111111,0.41908819430750804,0.5074626865671642,0.16417910447761194,0.835820895522388,3,-0.09244366788079257,1.0,1.0,10,78.53927184466016,-4.969174757281571,0.8363057494308384,1.8245007391580699,9.31
1l8d_A,1l8d,mainly_alpha,103,67,2,mpnn_soluble,soluble,False,24,27,10,10,1.0,0.0,18.0,0.72,10,16.6,0.48788986819922625,0.5522388059701493,0.26865671641791045,0.7313432835820896,0,,,,10,81.66490291262134,-1.8435436893203985,0.8306375767987266,1.9549055424470012,12.86
1l8d_A,1l8d,mainly_alpha,103,67,2,mpnn_soluble,soluble,False,4,6,10,10,1.0,0.0,3.0,0.75,10,5.4,0.17381017751949407,0.2835820895522388,0.04477611940298507,0.9552238805970149,0,,,,10,79.2492233009709,-4.259223300970852,0.840274313417003,1.9243446224440244,4.39
1l8d_A,1l8d,mainly_alpha,103,67,2,mpnn_soluble,soluble,False,-16,-14,10,10,1.0,0.0,12.0,0.75,10,14.466666666666667,0.4220586135344343,0.5223880597014925,0.1791044776119403,0.8208955223880597,3,-0.003652165823745483,1.0,1.0,10,79.59820388349513,-3.910242718446611,0.8251584398924199,2.030416984017886,9.7
1l8d_A,1l8d,mainly_alpha,103,67,2,mpnn_soluble,soluble,False,-4,-2,10,10,1.0,0.0,3.0,0.75,10,5.977777777777778,0.20087384984793596,0.3880597014925373,0.04477611940298507,0.9552238805970149,0,,,,10,79.56339805825243,-3.9450485436893103,0.8351916823137928,1.919063598947973,4.28
1l8d_A,1l8d,mainly_alpha,103,67,2,mpnn_soluble,soluble,False,-24,-23,10,10,1.0,0.0,18.0,0.72,10,13.666666666666666,0.3937640427806404,0.4925373134328358,0.26865671641791045,0.7313432835820896,0,,,,10,79.21655339805827,-4.2918932038834825,0.8209516634972136,1.9116831782325179,12.47
1l8d_A,1l8d,mainly_alpha,103,67,2,mpnn_soluble,soluble,False,-8,-6,10,10,1.0,0.0,6.0,0.75,10,9.0,0.27024880951921637,0.373134328358209,0.08955223880597014,0.9104477611940298,3,-0.04162926365247961,1.0,0.0,10,78.86291262135926,-4.645533980582485,0.8306467127648125,1.891450413591389,6.2
1l8d_A,1l8d,mainly_alpha,103,67,2,mpnn_vanilla_weights,original,False,8,10,10,10,1.0,0.0,5.0,0.625,10,9.733333333333333,0.32328513505100326,0.44776119402985076,0.07462686567164178,0.9253731343283582,3,-0.04915674083811122,2.0,1.0,10,83.2857281553398,-0.22271844660194517,0.8407680876766782,1.928278463968307,4.51
1l8d_A,1l8d,mainly_alpha,103,67,2,mpnn_vanilla_weights,original,False,16,18,10,10,1.0,0.0,11.0,0.6875,10,15.777777777777779,0.5013975588258696,0.5223880597014925,0.16417910447761194,0.835820895522388,3,-0.017991806865730167,-1.0,1.0,10,82.75339805825243,-0.7550485436893055,0.827805451960003,2.0336353119394692,6.3
1l8d_A,1l8d,mainly_alpha,103,67,2,mpnn_vanilla_weights,original,False,24,27,10,10,1.0,0.0,17.5,0.7,10,20.42222222222222,0.6489503069401259,0.5671641791044776,0.26119402985074625,0.7388059701492538,0,,,,10,82.88626213592235,-0.622184466019398,0.8199202040982462,2.120865620094153,8.27
1l8d_A,1l8d,mainly_alpha,103,67,2,mpnn_vanilla_weights,original,False,4,6,10,10,1.0,0.0,3.0,0.75,10,5.355555555555555,0.17933619362284617,0.31343283582089554,0.04477611940298507,0.9552238805970149,0,,,,10,82.91553398058252,-0.5929126213592113,0.8389223666782579,1.8307436174980938,3.19
1l8d_A,1l8d,mainly_alpha,103,67,2,mpnn_vanilla_weights,original,False,-16,-14,10,10,1.0,0.0,11.0,0.6875,10,14.311111111111112,0.41758628156077815,0.5223880597014925,0.16417910447761194,0.835820895522388,3,-0.06267982936863362,2.0,1.0,10,80.00606796116506,-3.5023786407766835,0.8236831496072927,1.9551530687862484,6.82
1l8d_A,1l8d,mainly_alpha,103,67,2,mpnn_vanilla_weights,original,False,-4,-2,10,10,1.0,0.0,3.0,0.75,10,5.333333333333333,0.1741666416352068,0.29850746268656714,0.04477611940298507,0.9552238805970149,0,,,,10,80.42669902912618,-3.0817475728155586,0.8430796015636366,1.9120848919889095,2.96
1l8d_A,1l8d,mainly_alpha,103,67,2,mpnn_vanilla_weights,original,False,-24,-23,10,10,1.0,0.0,17.0,0.68,10,14.777777777777779,0.43686292834570645,0.5223880597014925,0.2537313432835821,0.746268656716418,0,,,,10,79.07572815533979,-4.432718446601946,0.8071885080458289,1.958271019374877,8.08
1l8d_A,1l8d,mainly_alpha,103,67,2,mpnn_vanilla_weights,original,False,-8,-6,10,10,1.0,0.0,5.5,0.6875,10,9.244444444444444,0.2936260917401546,0.43283582089552236,0.08208955223880596,0.917910447761194,3,0.010621695922422193,2.0,1.0,10,79.01844660194175,-4.489999999999988,0.8234895842314063,1.9912627381817347,4.93
1l8d_A,1l8d,mainly_alpha,103,67,2,random_control,,,8,10,10,10,1.0,0.0,6.0,0.75,10,10.688888888888888,0.3669826013778944,0.47761194029850745,0.08955223880597014,0.9104477611940298,3,-0.07392684580598141,2.0,1.0,10,81.95004854368932,-1.558398058252422,0.834998211565728,1.882955118686238,0.0004
1l8d_A,1l8d,mainly_alpha,103,67,2,random_control,,,16,18,10,10,1.0,0.0,11.0,0.6875,10,18.866666666666667,0.6185915733888334,0.6716417910447762,0.16417910447761194,0.835820895522388,3,-0.05535677045219521,1.0,-1.0,10,82.62412621359223,-0.8843203883495079,0.8179565464093754,2.084587441087946,0.0004
1l8d_A,1l8d,mainly_alpha,103,67,2,random_control,,,24,27,10,10,1.0,0.0,17.0,0.68,10,24.933333333333334,0.7952289295896907,0.7014925373134329,0.2537313432835821,0.746268656716418,0,,,,10,81.5154854368932,-1.9929611650485413,0.8235531282897737,2.035622919483732,0.0004
1l8d_A,1l8d,mainly_alpha,103,67,2,random_control,,,4,6,10,10,1.0,0.0,2.5,0.625,10,4.844444444444444,0.16782946833247803,0.29850746268656714,0.03731343283582089,0.9626865671641791,0,,,,10,82.89296116504855,-0.6154854368932021,0.8453307524919046,1.8761005408651683,0.0003
1l8d_A,1l8d,mainly_alpha,103,67,2,random_control,,,-16,-14,10,10,1.0,0.0,11.5,0.71875,10,18.88888888888889,0.6164970515732561,0.6417910447761194,0.17164179104477612,0.8283582089552239,3,-0.018211346266139888,4.0,1.0,10,77.55184466019416,-5.956601941747579,0.8129856001772675,1.9914413772346335,0.0004
1l8d_A,1l8d,mainly_alpha,103,67,2,random_control,,,-4,-2,10,10,1.0,0.0,3.0,0.75,10,5.5777777777777775,0.19233451811348576,0.34328358208955223,0.04477611940298507,0.9552238805970149,0,,,,10,81.03082524271846,-2.477621359223285,0.8353586463488978,1.897279975631264,0.0003
1l8d_A,1l8d,mainly_alpha,103,67,2,random_control,,,-24,-23,10,10,1.0,0.0,17.5,0.7,10,24.533333333333335,0.7838010398673843,0.6716417910447762,0.26119402985074625,0.7388059701492538,0,,,,10,76.71893203883492,-6.78951456310682,0.792836100153681,2.1413761499197013,0.0005
1l8d_A,1l8d,mainly_alpha,103,67,2,random_control,,,-8,-6,10,10,1.0,0.0,6.0,0.75,10,10.066666666666666,0.32767545602594633,0.4626865671641791,0.08955223880597014,0.9104477611940298,3,-0.016619359270600743,7.0,1.0,10,78.37509708737863,-5.133349514563108,0.8265245549015057,1.8281227864001606,0.0004
1l8d_A,1l8d,mainly_alpha,103,67,2,rosetta_hbond_off,,False,8,10,10,7,0.7,0.3,5.0,0.625,10,5.133333333333334,0.1499066545222808,0.19402985074626866,0.07462686567164178,0.9253731343283582,3,-0.042120276885326054,4.0,2.0,10,79.66121359223303,-3.8472330097087166,0.8352806149960972,1.8234232081610715,458.35
1l8d_A,1l8d,mainly_alpha,103,67,2,rosetta_hbond_off,,False,16,18,10,5,0.5,0.5,9.5,0.5753676470588236,10,6.511111111111111,0.1927899379787871,0.23880597014925373,0.1417910447761194,0.8582089552238805,3,-0.04962389788997229,1.0,0.0,10,83.0457281553398,-0.46271844660194006,0.8531885118492866,1.8170767585461398,472.55
1l8d_A,1l8d,mainly_alpha,103,67,2,rosetta_hbond_off,,False,24,27,10,4,0.4,0.6,16.0,0.6325000000000001,10,7.622222222222222,0.2246429487880478,0.3283582089552239,0.23880597014925373,0.7611940298507462,0,,,,10,82.13572815533982,-1.3727184466019153,0.8468107622110976,1.8280529913734227,511.61
1l8d_A,1l8d,mainly_alpha,103,67,2,rosetta_hbond_off,,False,4,6,10,3,0.3,0.7,2.5,0.6,8,3.1777777777777776,0.09608331732869507,0.11940298507462686,0.03731343283582089,0.9626865671641791,0,,,,10,79.30485436893206,-4.203592233009687,0.8300759832373549,1.6505238689930668,485.96
1l8d_A,1l8d,mainly_alpha,103,67,2,rosetta_hbond_off,,False,-16,-14,10,4,0.4,0.6,11.0,0.7333333333333333,7,2.6,0.08298186197277312,0.22388059701492538,0.16417910447761194,0.835820895522388,3,-0.18781966421539995,4.0,3.0,10,79.1957281553398,-4.312718446601949,0.8366423406155289,1.8814581200364002,169.99
1l8d_A,1l8d,mainly_alpha,103,67,2,rosetta_hbond_off,,False,-4,-2,10,3,0.3,0.7,3.0,0.8,5,1.4,0.0416452638934914,0.07462686567164178,0.04477611940298507,0.9552238805970149,0,,,,10,79.17097087378642,-4.337475728155333,0.842535078287536,1.9059736824327034,120.93
1l8d_A,1l8d,mainly_alpha,103,67,2,rosetta_hbond_off,,False,-24,-23,10,2,0.2,1.7,17.0,0.7019927536231885,8,4.444444444444445,0.14154551979038477,0.373134328358209,0.2537313432835821,0.746268656716418,0,,,,10,78.59859223300973,-4.909854368932024,0.8377409733560013,1.8446558603377792,193.27
1l8d_A,1l8d,mainly_alpha,103,67,2,rosetta_hbond_off,,False,-8,-6,10,1,0.1,0.9,5.0,0.7142857142857143,4,1.5777777777777777,0.04585394907025875,0.11940298507462686,0.07462686567164178,0.9253731343283582,3,-0.13754327216989806,3.0,0.0,10,78.72242718446604,-4.7860194174757,0.8411922286377322,1.9537252086731636,160.61
1l8d_A,1l8d,mainly_alpha,103,67,2,rosetta,,True,8,10,10,1,0.1,0.9,5.0,0.5555555555555556,10,4.511111111111111,0.13307895530383537,0.16417910447761194,0.07462686567164178,0.9253731343283582,3,-0.08155671233285681,4.0,1.0,10,83.54432038834952,0.035873786407769614,0.846838898006689,1.857275539939538,377.64
1l8d_A,1l8d,mainly_alpha,103,67,2,rosetta,,True,16,18,10,4,0.4,0.6,9.0,0.5625,8,4.311111111111111,0.12881812997208414,0.208955223880597,0.13432835820895522,0.8656716417910447,3,-0.06915513134431223,0.0,1.0,10,84.00038834951454,0.4919417475728025,0.8448176986765659,1.9224626393122293,330.54
1l8d_A,1l8d,mainly_alpha,103,67,2,rosetta,,True,24,27,10,5,0.5,0.5,16.0,0.6153846153846154,9,7.044444444444444,0.21371370137107915,0.29850746268656714,0.23880597014925373,0.7611940298507462,0,,,,10,83.09844660194179,-0.40999999999995396,0.8354164744338525,1.9232979082248702,451.38
1l8d_A,1l8d,mainly_alpha,103,67,2,rosetta,,True,4,6,10,7,0.7,0.3,2.0,0.5,5,2.2888888888888888,0.06691211000307395,0.08955223880597014,0.029850746268656716,0.9701492537313433,0,,,,10,79.35582524271844,-4.152621359223303,0.8293326360942007,1.7014627220242677,383.02
1l8d_A,1l8d,mainly_alpha,103,67,2,rosetta,,True,-16,-14,10,4,0.4,0.6,11.0,0.6875,7,4.6,0.13527914088205123,0.2537313432835821,0.16417910447761194,0.835820895522388,3,-0.13694691258787609,6.0,0.0,10,79.10747572815534,-4.400970873786406,0.8323607127299977,2.009608523382963,160.53
1l8d_A,1l8d,mainly_alpha,103,67,2,rosetta,,True,-4,-2,10,3,0.3,0.7,2.0,0.6666666666666666,3,0.9333333333333333,0.028491668382585537,0.05970149253731343,0.029850746268656716,0.9701492537313433,0,,,,10,79.20223300970872,-4.306213592233014,0.836378847478059,1.8676471342062386,119.67
1l8d_A,1l8d,mainly_alpha,103,67,2,rosetta,,True,-24,-23,10,1,0.1,4.1,14.5,0.6830143540669856,10,4.4,0.1279229889204889,0.29850746268656714,0.2164179104477612,0.7835820895522387,0,,,,10,78.82082524271843,-4.687621359223307,0.8284587744379993,2.0266081222788004,140.6
1l8d_A,1l8d,mainly_alpha,103,67,2,rosetta,,True,-8,-6,10,8,0.8,0.2,5.0,0.625,4,1.7333333333333334,0.04962906102993161,0.1044776119402985,0.07462686567164178,0.9253731343283582,3,-0.10729501912536546,4.0,0.0,10,80.30669902912624,-3.2017475728155134,0.8386795262546668,1.7142794629541909,158.71
1li1_B,1li1,mainly_beta,227,88,2,avnapsa,,,4,11,10,10,1.0,0.0,6.0,0.6666666666666666,2,0.6,0.01598848614508913,0.09090909090909091,0.06818181818181818,0.9318181818181818,0,,,,10,89.74933920704851,1.8029074889867616,0.9816441689513131,0.7931177523363926,132.23
1li1_B,1li1,mainly_beta,227,88,2,avnapsa,,,8,20,10,10,1.0,0.0,13.0,0.7222222222222222,1,0.0,0.0,0.14772727272727273,0.14772727272727273,0.8522727272727273,3,0.01532300864103877,-4.0,-1.0,10,90.11475770925105,2.168325991189306,0.9811851245323007,0.8082962632623194,134.45
1li1_B,1li1,mainly_beta,227,88,2,avnapsa,,,16,38,10,10,1.0,0.0,24.0,0.6666666666666666,1,0.0,0.0,0.2159090909090909,0.2159090909090909,0.7840909090909091,3,0.02373670127913492,-10.0,-1.0,10,92.2082378854626,4.261806167400849,0.9762716477387449,0.9198348630595639,139.45
1li1_B,1li1,mainly_beta,227,88,2,avnapsa,,,24,56,10,0,0.0,5.0,33.0,0.673469387755102,1,0.0,0.0,0.23863636363636365,0.23863636363636365,0.7613636363636364,0,,,,10,86.68685022026435,-1.2595814977973987,0.9657763225177747,1.1287438108139876,142.74
1li1_B,1li1,mainly_beta,227,88,2,avnapsa,,,-8,-16,10,1,0.1,0.9,11.0,0.5789473684210527,3,0.9555555555555556,0.024192214496081887,0.13636363636363635,0.125,0.875,3,0.0027468140125643304,-2.0,2.0,10,89.63081497797359,1.68438325991184,0.979439387202226,0.8553599447422073,128.18
1li1_B,1li1,mainly_beta,227,88,2,avnapsa,,,-16,-34,10,7,0.7,0.3,22.0,0.6111111111111112,2,0.4666666666666667,0.01001466930943969,0.25,0.23863636363636365,0.7613636363636364,3,-0.015196395102871987,-1.0,1.0,10,87.52425110132157,-0.42218061674017093,0.9788174098102884,0.8728422287547549,133.03
1li1_B,1li1,mainly_beta,227,88,2,avnapsa,,,-24,-52,10,0,0.0,1.0,35.0,0.660377358490566,1,0.0,0.0,0.2840909090909091,0.2840909090909091,0.7159090909090909,0,,,,10,84.5774008810573,-3.369030837004445,0.9745051607396089,0.9658582070026607,120.88
1li1_B,1li1,mainly_beta,227,88,2,avnapsa,,,-4,-7,10,0,0.0,1.0,6.0,0.6,2,0.4,0.010658990763392755,0.07954545454545454,0.06818181818181818,0.9318181818181818,0,,,,10,88.48841409691627,0.5419823788545202,0.9784811590849047,0.8877710516305517,129.0
1li1_B,1li1,mainly_beta,227,88,2,mpnn_halo,halo,False,4,11,10,10,1.0,0.0,8.0,0.8888888888888888,10,6.133333333333334,0.14347576847968144,0.19318181818181818,0.09090909090909091,0.9090909090909091,0,,,,10,89.21524229074888,1.26881057268713,0.9758699799132319,0.9239974887164536,20.83
1li1_B,1li1,mainly_beta,227,88,2,mpnn_halo,halo,False,8,20,10,10,1.0,0.0,17.0,0.9444444444444444,10,6.377777777777778,0.14670946236308716,0.29545454545454547,0.19318181818181818,0.8068181818181818,3,0.003271849667592481,7.0,3.0,10,90.15191629955947,2.2054845814977213,0.9737278649740209,0.9645844951371375,32.97
1li1_B,1li1,mainly_beta,227,88,2,mpnn_halo,halo,False,16,38,10,10,1.0,0.0,31.5,0.875,10,11.755555555555556,0.2840804221294512,0.5227272727272727,0.35795454545454547,0.6420454545454546,3,0.054008717296104534,15.0,-1.0,10,90.30372246696035,2.357290748898606,0.9688781737090659,1.0874192927917772,99.46
1li1_B,1li1,mainly_beta,227,88,2,mpnn_halo,halo,False,24,56,10,10,1.0,0.0,48.0,0.8888888888888888,10,27.6,0.6556575652193805,0.8068181818181818,0.5454545454545454,0.45454545454545453,0,,,,10,89.47180616740091,1.5253744493391679,0.9674413045354788,1.1344134107371677,114.34
1li1_B,1li1,mainly_beta,227,88,2,mpnn_halo,halo,False,-8,-16,10,10,1.0,0.0,16.0,0.8888888888888888,10,4.111111111111111,0.09725600504674992,0.23863636363636365,0.18181818181818182,0.8181818181818182,3,-0.10533603015529772,0.0,5.0,10,87.35213656387663,-0.5942951541851258,0.9767286202316701,0.91001870122117,32.15
1li1_B,1li1,mainly_beta,227,88,2,mpnn_halo,halo,False,-16,-34,10,10,1.0,0.0,30.5,0.8472222222222223,10,15.555555555555555,0.37119518783346855,0.5795454545454546,0.34659090909090906,0.6534090909090908,3,-0.0790020495519016,1.0,0.0,10,86.79409691629954,-1.1523348017622013,0.9694364741310556,1.05622283421431,82.38
1li1_B,1li1,mainly_beta,227,88,2,mpnn_halo,halo,False,-24,-52,10,10,1.0,0.0,45.5,0.8425925925925926,10,29.933333333333334,0.7308792850850654,0.8522727272727273,0.5170454545454546,0.48295454545454547,0,,,,10,86.10808370044052,-1.8383480176212217,0.9671135994880373,1.1134091470145213,86.68
1li1_B,1li1,mainly_beta,227,88,2,mpnn_halo,halo,False,-4,-7,10,10,1.0,0.0,8.0,0.8888888888888888,10,5.911111111111111,0.13295176287872684,0.18181818181818182,0.09090909090909091,0.9090909090909091,0,,,,10,87.8316960352423,-0.11473568281944324,0.977314335012493,0.9076649959467915,21.22
1li1_B,1li1,mainly_beta,227,88,2,mpnn_hyper,hyper,False,4,11,10,10,1.0,0.0,8.0,0.8888888888888888,10,11.688888888888888,0.273361046577886,0.2840909090909091,0.09090909090909091,0.9090909090909091,0,,,,10,90.16667400881056,2.2202422907488213,0.9786320122508887,0.8653076511764337,13.95
1li1_B,1li1,mainly_beta,227,88,2,mpnn_hyper,hyper,False,8,20,10,10,1.0,0.0,17.0,0.9444444444444444,10,13.244444444444444,0.319940083334957,0.3068181818181818,0.19318181818181818,0.8068181818181818,3,0.03099143279252374,3.0,-1.0,10,91.07378854625549,3.127356828193747,0.9749348181843347,0.9428032915603533,22.45
1li1_B,1li1,mainly_beta,227,88,2,mpnn_hyper,hyper,False,16,38,10,10,1.0,0.0,33.0,0.9166666666666666,10,18.177777777777777,0.4206372994712457,0.5454545454545454,0.375,0.625,3,0.0067476028058028195,9.0,-1.0,10,91.07713656387669,3.1307048458149467,0.9726814383573293,1.0171795376893868,51.63
1li1_B,1li1,mainly_beta,227,88,2,mpnn_hyper,hyper,False,24,56,10,10,1.0,0.0,49.0,0.9074074074074074,10,32.0,0.7589158659893065,0.7954545454545454,0.5568181818181818,0.4431818181818182,0,,,,10,88.6923788546255,0.7459471365637498,0.9642976750947261,1.193110425091191,74.82
1li1_B,1li1,mainly_beta,227,88,2,mpnn_hyper,hyper,False,-8,-16,10,10,1.0,0.0,15.0,0.8333333333333334,9,3.533333333333333,0.08619954540013773,0.25,0.17045454545454544,0.8295454545454546,3,-0.09186916596469712,2.0,1.0,10,88.4539647577093,0.507533039647555,0.9770576651491607,0.9089057320819605,22.81
1li1_B,1li1,mainly_beta,227,88,2,mpnn_hyper,hyper,False,-16,-34,10,10,1.0,0.0,30.0,0.8333333333333334,10,13.044444444444444,0.3090640298555648,0.5340909090909091,0.3409090909090909,0.6590909090909091,3,-0.10529606384494052,1.0,1.0,10,86.4229074889868,-1.523524229074944,0.9719025692764143,1.0148111191506637,43.78
1li1_B,1li1,mainly_beta,227,88,2,mpnn_hyper,hyper,False,-24,-52,10,10,1.0,0.0,46.0,0.8518518518518519,10,28.711111111111112,0.683521702835442,0.875,0.5227272727272727,0.4772727272727273,0,,,,10,85.35667400881057,-2.589757709251174,0.9653845601421243,1.147824783018455,68.49
1li1_B,1li1,mainly_beta,227,88,2,mpnn_hyper,hyper,False,-4,-7,10,10,1.0,0.0,7.0,0.7777777777777778,10,5.044444444444444,0.11190356408684776,0.14772727272727273,0.07954545454545454,0.9204545454545454,0,,,,10,87.69660792951542,-0.2498237885463226,0.9773325616148607,0.9034365891603959,13.71
1li1_B,1li1,mainly_beta,227,88,2,mpnn_soluble,soluble,False,4,11,10,10,1.0,0.0,9.0,1.0,10,10.11111111111111,0.23970114127784906,0.3068181818181818,0.10227272727272728,0.8977272727272727,0,,,,10,89.9611894273128,2.0147577092510502,0.9803735803216632,0.8324327451535842,14.41
1li1_B,1li1,mainly_beta,227,88,2,mpnn_soluble,soluble,False,8,20,10,10,1.0,0.0,17.0,0.9444444444444444,10,14.044444444444444,0.3367364156258463,0.4431818181818182,0.19318181818181818,0.8068181818181818,3,-0.010900577726920047,2.0,1.0,10,90.79143171806167,2.844999999999928,0.9803516884627068,0.8439253271650701,21.63
1li1_B,1li1,mainly_beta,227,88,2,mpnn_soluble,soluble,False,16,38,10,10,1.0,0.0,33.0,0.9166666666666666,10,12.822222222222223,0.30914865927685925,0.5340909090909091,0.375,0.625,3,0.0005181252673794952,3.0,0.0,10,89.1878193832599,1.241387665198161,0.9729313906376662,1.0064554997159696,32.16
1li1_B,1li1,mainly_beta,227,88,2,mpnn_soluble,soluble,False,24,56,10,10,1.0,0.0,49.0,0.9074074074074074,10,24.11111111111111,0.575150530076255,0.7272727272727273,0.5568181818181818,0.4431818181818182,0,,,,10,88.26748898678412,0.3210572687223774,0.961715851850057,1.2463585387485727,58.28
1li1_B,1li1,mainly_beta,227,88,2,mpnn_soluble,soluble,False,-8,-16,10,10,1.0,0.0,16.0,0.8888888888888888,10,13.4,0.3052079555154466,0.36363636363636365,0.18181818181818182,0.8181818181818182,3,-0.08036662124415253,1.0,3.0,10,87.64019823788544,-0.3062334801762958,0.9787799440172882,0.8655956959618198,20.51
1li1_B,1li1,mainly_beta,227,88,2,mpnn_soluble,soluble,False,-16,-34,10,10,1.0,0.0,31.0,0.8611111111111112,10,12.2,0.2760949332513601,0.5340909090909091,0.3522727272727273,0.6477272727272727,3,-0.11931309716781337,2.0,0.0,10,87.53647577092511,-0.40995594713664474,0.9727542977496051,0.9890610655224761,32.31
1li1_B,1li1,mainly_beta,227,88,2,mpnn_soluble,soluble,False,-24,-52,10,10,1.0,0.0,45.0,0.8333333333333334,10,13.88888888888889,0.3210329776105707,0.6818181818181818,0.5113636363636364,0.48863636363636365,0,,,,10,87.63396475770926,-0.3124669603524879,0.9756154792824292,0.9242711213426817,59.88
1li1_B,1li1,mainly_beta,227,88,2,mpnn_soluble,soluble,False,-4,-7,10,10,1.0,0.0,8.5,0.9444444444444444,10,11.733333333333333,0.2727324904842858,0.32954545454545453,0.09659090909090909,0.9034090909090908,0,,,,10,87.7822466960352,-0.16418502202654395,0.9797361648944392,0.8555461009425764,14.29
1li1_B,1li1,mainly_beta,227,88,2,mpnn_vanilla_weights,original,False,4,11,10,10,1.0,0.0,8.0,0.8888888888888888,10,9.866666666666667,0.23730377242777034,0.3181818181818182,0.09090909090909091,0.9090909090909091,0,,,,10,89.8875550660793,1.9411233480175554,0.979731390081872,0.8320182354456161,12.15
1li1_B,1li1,mainly_beta,227,88,2,mpnn_vanilla_weights,original,False,8,20,10,10,1.0,0.0,16.0,0.8888888888888888,10,11.533333333333333,0.2751314754148303,0.36363636363636365,0.18181818181818182,0.8181818181818182,3,-0.022309467682745214,2.0,-1.0,10,90.26720264317184,2.3207709251100965,0.9790613174366466,0.8821523597355988,19.63
1li1_B,1li1,mainly_beta,227,88,2,mpnn_vanilla_weights,original,False,16,38,10,10,1.0,0.0,33.0,0.9166666666666666,10,14.644444444444444,0.3341953341087083,0.5113636363636364,0.375,0.625,3,-0.0013242232432169893,12.0,1.0,10,90.3518281938326,2.405396475770857,0.9761954433614749,0.9320863262624617,35.08
1li1_B,1li1,mainly_beta,227,88,2,mpnn_vanilla_weights,original,False,24,56,10,10,1.0,0.0,49.0,0.9074074074074074,10,25.2,0.5800128685854877,0.7159090909090909,0.5568181818181818,0.4431818181818182,0,,,,10,88.3236123348018,0.37718061674005554,0.9607485508430399,1.2663998684534783,76.48
1li1_B,1li1,mainly_beta,227,88,2,mpnn_vanilla_weights,original,False,-8,-16,10,10,1.0,0.0,16.0,0.8888888888888888,10,10.266666666666667,0.2366150191359675,0.3522727272727273,0.18181818181818182,0.8181818181818182,3,-0.11267047343357721,4.0,3.0,10,88.31132158590309,0.3648898678413417,0.9779732609786969,0.8799941020837707,20.29
1li1_B,1li1,mainly_beta,227,88,2,mpnn_vanilla_weights,original,False,-16,-34,10,10,1.0,0.0,31.0,0.8611111111111112,10,11.577777777777778,0.2682006852532728,0.5113636363636364,0.3522727272727273,0.6477272727272727,3,-0.09782018999450257,2.0,1.0,10,87.80068281938327,-0.14574889867847673,0.975709612123868,0.934262390171478,38.14
1li1_B,1li1,mainly_beta,227,88,2,mpnn_vanilla_weights,original,False,-24,-52,10,10,1.0,0.0,45.0,0.8333333333333334,10,20.377777777777776,0.48800017406055574,0.75,0.5113636363636364,0.48863636363636365,0,,,,10,87.6961674008811,-0.2502643171806511,0.9692073913050674,1.0592038786534448,52.22
1li1_B,1li1,mainly_beta,227,88,2,mpnn_vanilla_weights,original,False,-4,-7,10,10,1.0,0.0,9.0,1.0,10,7.0,0.16255841671585744,0.22727272727272727,0.10227272727272728,0.8977272727272727,0,,,,10,87.53226872246697,-0.4141629955947792,0.9818105425626873,0.7992608229130349,13.54
1li1_B,1li1,mainly_beta,227,88,2,random_control,,,4,11,10,10,1.0,0.0,8.0,0.8888888888888888,10,14.644444444444444,0.37180510649660087,0.5681818181818182,0.09090909090909091,0.9090909090909091,0,,,,10,89.79962555066083,1.8531938325990822,0.9786386336559287,0.8698146422848978,0.0005
1li1_B,1li1,mainly_beta,227,88,2,random_control,,,8,20,10,10,1.0,0.0,16.5,0.9166666666666666,10,27.288888888888888,0.6847240873150465,0.7954545454545454,0.1875,0.8125,3,0.03830785761299377,4.0,0.0,10,89.49482378854626,1.5483920704845033,0.9759487159037717,0.9094410502173522,0.0005
1li1_B,1li1,mainly_beta,227,88,2,random_control,,,16,38,10,10,1.0,0.0,32.5,0.9027777777777777,10,43.422222222222224,1.0557577616470988,0.8409090909090909,0.3693181818181818,0.6306818181818181,3,0.052601076235243696,1.0,2.0,10,88.48453744493395,0.538105726872196,0.9665405100966847,1.1238787335539537,0.0006
1li1_B,1li1,mainly_beta,227,88,2,random_control,,,24,56,10,10,1.0,0.0,46.0,0.8518518518518519,10,48.84444444444444,1.1781907566119099,0.8522727272727273,0.5227272727272727,0.4772727272727273,0,,,,10,87.91011013215856,-0.036321585903174025,0.9518946893580251,1.3771829199865757,0.0006
1li1_B,1li1,mainly_beta,227,88,2,random_control,,,-8,-16,10,10,1.0,0.0,16.0,0.8888888888888888,10,26.31111111111111,0.6602681994147402,0.8068181818181818,0.18181818181818182,0.8181818181818182,3,-0.014137239721330262,-3.0,1.0,10,88.86235682819391,0.9159251101321644,0.9769400849917844,0.905612182408818,0.0005
1li1_B,1li1,mainly_beta,227,88,2,random_control,,,-16,-34,10,10,1.0,0.0,31.0,0.8611111111111112,10,43.355555555555554,1.0597458906002404,0.8977272727272727,0.3522727272727273,0.6477272727272727,3,0.07088084113560386,-1.0,1.0,10,86.6304625550661,-1.3159691629956427,0.9757024168431894,0.9329746023503583,0.0006
1li1_B,1li1,mainly_beta,227,88,2,random_control,,,-24,-52,10,10,1.0,0.0,47.0,0.8703703703703703,10,51.62222222222222,1.2533383283534336,0.8977272727272727,0.5340909090909091,0.4659090909090909,0,,,,10,85.12460352422907,-2.8218281938326726,0.9635360471248133,1.172953583108548,0.0007
1li1_B,1li1,mainly_beta,227,88,2,random_control,,,-4,-7,10,10,1.0,0.0,7.5,0.8333333333333333,10,14.2,0.3708569876234016,0.5909090909090909,0.08522727272727273,0.9147727272727273,0,,,,10,88.55588105726869,0.6094493392069467,0.9814501697841671,0.8012165670305132,0.0004
1li1_B,1li1,mainly_beta,227,88,2,rosetta,,True,4,11,10,5,0.5,0.5,5.5,0.5777777777777777,7,1.0444444444444445,0.02582062031485609,0.06818181818181818,0.045454545454545456,0.9545454545454546,0,,,,10,89.91643171806169,1.969999999999942,0.9789355171483337,0.8698149379473112,610.21
1li1_B,1li1,mainly_beta,227,88,2,rosetta,,True,8,20,10,3,0.3,0.7,12.0,0.6491228070175439,9,4.2,0.09549610738486224,0.19318181818181818,0.11363636363636363,0.8863636363636364,3,-0.005402588899144251,3.0,0.0,10,91.10268722466958,3.1562555066078346,0.9802132119643325,0.8391414267856898,475.46
1li1_B,1li1,mainly_beta,227,88,2,rosetta,,True,16,38,10,4,0.4,0.6,29.0,0.8081831831831832,8,7.511111111111111,0.1749733724982495,0.4090909090909091,0.3181818181818182,0.6818181818181818,3,-0.0632485553528618,5.0,2.0,10,91.72828193832603,3.781850220264282,0.9724395121264027,1.013498142239585,572.05
1li1_B,1li1,mainly_beta,227,88,2,rosetta,,True,24,56,10,0,0.0,3.1,44.0,0.8666545718432511,10,7.288888888888889,0.1703096396023012,0.5227272727272727,0.4659090909090909,0.5340909090909091,0,,,,10,90.99171806167402,3.0452863436122755,0.9684890548898446,1.0818149015907101,534.24
1li1_B,1li1,mainly_beta,227,88,2,rosetta,,True,-8,-16,10,2,0.2,0.8,15.0,0.8235294117647058,10,5.088888888888889,0.11500457644369662,0.26136363636363635,0.17045454545454544,0.8295454545454546,3,-0.09770203937905024,-2.0,1.0,10,89.47061674008812,1.5241850220263728,0.9780106826726263,0.8659391607990687,353.59
1li1_B,1li1,mainly_beta,227,88,2,rosetta,,True,-16,-34,10,0,0.0,1.9,27.0,0.7941176470588235,10,3.8666666666666667,0.08842141696627565,0.3522727272727273,0.3068181818181818,0.6931818181818182,3,-0.17349369629223704,6.0,1.0,10,89.89116740088105,1.9447356828192923,0.9801352853713812,0.8330487496556418,340.81
1li1_B,1li1,mainly_beta,227,88,2,rosetta,,True,-24,-52,10,0,0.0,18.7,28.0,0.7858312858312858,10,3.2888888888888888,0.07186077915752982,0.3522727272727273,0.3181818181818182,0.6818181818181818,0,,,,10,89.93770925110132,1.9912775330395718,0.9792023474665068,0.8544233195312532,286.07
1li1_B,1li1,mainly_beta,227,88,2,rosetta,,True,-4,-7,10,3,0.3,0.7,6.5,0.7638888888888888,8,3.2,0.07268139947238592,0.13636363636363635,0.07386363636363635,0.9261363636363635,0,,,,10,88.99550660792951,1.049074889867768,0.9823091558917687,0.7804330443638192,366.5
1lom_A,1lom,mainly_beta,101,84,-3,avnapsa,,,4,1,10,0,0.0,1.0,3.0,0.6,1,0.0,0.0,0.03571428571428571,0.03571428571428571,0.9642857142857143,0,,,,10,86.61559405940594,-0.5363861386138566,0.4903240822110979,0.8179460184752925,67.52
1lom_A,1lom,mainly_beta,101,84,-3,avnapsa,,,16,13,10,10,1.0,0.0,12.0,0.75,1,0.0,0.0,0.14285714285714285,0.14285714285714285,0.8571428571428571,3,0.008412328419503505,-4.0,0.0,10,73.28306930693068,-13.868910891089108,0.48876005818064805,0.8867648791498617,69.95
1lom_A,1lom,mainly_beta,101,84,-3,avnapsa,,,24,21,10,10,1.0,0.0,18.0,0.75,1,0.0,0.0,0.21428571428571427,0.21428571428571427,0.7857142857142857,0,,,,10,70.00519801980198,-17.146782178217812,0.4894302070197857,1.9266841345730383,72.27
1lom_A,1lom,mainly_beta,101,84,-3,avnapsa,,,8,5,10,0,0.0,1.0,6.0,0.6666666666666666,1,0.0,0.0,0.07142857142857142,0.07142857142857142,0.9285714285714286,3,-0.0921550280664787,4.0,1.0,10,86.4140099009901,-0.7379702970297046,0.48935156614150976,0.8395200445479629,68.13
1lom_A,1lom,mainly_beta,101,84,-3,avnapsa,,,-8,-11,10,10,1.0,0.0,6.0,0.75,1,0.0,0.0,0.07142857142857142,0.07142857142857142,0.9285714285714286,3,-0.19295927103395333,4.0,0.0,10,86.50975247524752,-0.642227722772283,0.49052886853219924,2.0680901848414903,66.87
1lom_A,1lom,mainly_beta,101,84,-3,avnapsa,,,-16,-19,10,10,1.0,0.0,13.0,0.8125,1,0.0,0.0,0.15476190476190477,0.15476190476190477,0.8452380952380952,3,-0.1775016170621484,-2.0,0.0,10,84.22089108910887,-2.9310891089109177,0.49116196325861616,2.0404712350815526,66.73
1lom_A,1lom,mainly_beta,101,84,-3,avnapsa,,,-24,-27,10,0,0.0,1.0,19.0,0.76,1,0.0,0.0,0.2261904761904762,0.2261904761904762,0.7738095238095238,0,,,,10,83.34455445544552,-3.8074257425742744,0.4912547383652712,2.0335151525428965,66.72
1lom_A,1lom,mainly_beta,101,84,-3,avnapsa,,,-4,-7,10,0,0.0,1.0,3.0,0.6,1,0.0,0.0,0.03571428571428571,0.03571428571428571,0.9642857142857143,0,,,,10,87.13034653465348,-0.02163366336630901,0.4904068063025492,2.0740687381242884,67.03
1lom_A,1lom,mainly_beta,101,84,-3,mpnn_halo,halo,False,4,1,10,10,1.0,0.0,3.0,0.75,10,4.733333333333333,0.11466665880813257,0.15476190476190477,0.03571428571428571,0.9642857142857143,0,,,,10,86.65742574257428,-0.4945544554455168,0.4905435346229561,2.0642083868938546,9.4
1lom_A,1lom,mainly_beta,101,84,-3,mpnn_halo,halo,False,16,13,10,10,1.0,0.0,13.0,0.8125,10,7.133333333333334,0.1743021657853742,0.25,0.15476190476190477,0.8452380952380952,3,-0.1768773192771985,9.0,1.0,10,83.90519801980197,-3.2467821782178277,0.4895315123164509,2.062671807813676,23.31
1lom_A,1lom,mainly_beta,101,84,-3,mpnn_halo,halo,False,24,21,10,10,1.0,0.0,20.0,0.8333333333333334,10,8.244444444444444,0.19837179356380508,0.34523809523809523,0.23809523809523808,0.7619047619047619,0,,,,10,73.09069306930694,-14.061287128712863,0.49106209971921755,1.851982963079424,33.0
1lom_A,1lom,mainly_beta,101,84,-3,mpnn_halo,halo,False,8,5,10,10,1.0,0.0,6.0,0.75,10,5.088888888888889,0.12364257864951159,0.15476190476190477,0.07142857142857142,0.9285714285714286,3,-0.11673555399626746,6.0,0.0,10,85.44460396039602,-1.7073762376237696,0.4904289075869206,1.98302020060722,13.67
1lom_A,1lom,mainly_beta,101,84,-3,mpnn_halo,halo,False,-8,-11,10,10,1.0,0.0,7.0,0.875,9,3.688888888888889,0.09392647327033252,0.13095238095238096,0.08333333333333333,0.9166666666666666,3,-0.22478335149247755,5.0,0.0,10,85.14430693069308,-2.007673267326723,0.4905336931207851,2.0056934248404543,14.78
1lom_A,1lom,mainly_beta,101,84,-3,mpnn_halo,halo,False,-16,-19,10,10,1.0,0.0,14.0,0.875,10,7.644444444444445,0.19544713494161015,0.30952380952380953,0.16666666666666666,0.8333333333333334,3,-0.2744941766962699,4.0,1.0,10,83.29792079207921,-3.854059405940589,0.48992765352898554,1.528400378176853,28.65
1lom_A,1lom,mainly_beta,101,84,-3,mpnn_halo,halo,False,-24,-27,10,10,1.0,0.0,22.0,0.9166666666666666,10,13.666666666666666,0.3479722931862671,0.47619047619047616,0.2619047619047619,0.7380952380952381,0,,,,10,81.2627227722772,-5.889257425742599,0.48769331882527,1.550015625091621,43.95
1lom_A,1lom,mainly_beta,101,84,-3,mpnn_halo,halo,False,-4,-7,10,10,1.0,0.0,3.5,0.875,9,3.4,0.07850169860231783,0.08333333333333333,0.041666666666666664,0.9583333333333333,0,,,,10,87.35257425742573,0.20059405940592967,0.49032121098561376,2.0824725457687294,9.48
1lom_A,1lom,mainly_beta,101,84,-3,mpnn_hyper,hyper,False,4,1,10,10,1.0,0.0,4.0,1.0,10,6.266666666666667,0.16178958409570915,0.21428571428571427,0.047619047619047616,0.9523809523809523,0,,,,10,87.09039603960399,-0.061584158415811885,0.4910929210109227,2.0175794497169055,6.76
1lom_A,1lom,mainly_beta,101,84,-3,mpnn_hyper,hyper,False,16,13,10,10,1.0,0.0,14.0,0.875,10,8.88888888888889,0.22127441549441143,0.27380952380952384,0.16666666666666666,0.8333333333333334,3,-0.19877302401392785,13.0,1.0,10,81.6378712871287,-5.514108910891096,0.4905806580289863,1.9617724471136044,16.44
1lom_A,1lom,mainly_beta,101,84,-3,mpnn_hyper,hyper,False,24,21,10,10,1.0,0.0,20.0,0.8333333333333334,10,10.311111111111112,0.2509324803306218,0.34523809523809523,0.23809523809523808,0.7619047619047619,0,,,,10,83.27688118811881,-3.8750990099009996,0.4895878049285691,1.9696869467679239,23.6
1lom_A,1lom,mainly_beta,101,84,-3,mpnn_hyper,hyper,False,8,5,10,10,1.0,0.0,6.0,0.75,10,8.377777777777778,0.20616798186109803,0.21428571428571427,0.07142857142857142,0.9285714285714286,3,-0.09490460151562077,7.0,1.0,10,86.35217821782177,-0.7998019801980192,0.4895059136519683,1.9908538006307517,9.48
1lom_A,1lom,mainly_beta,101,84,-3,mpnn_hyper,hyper,False,-8,-11,10,10,1.0,0.0,7.0,0.875,10,4.066666666666666,0.09600057751990011,0.14285714285714285,0.08333333333333333,0.9166666666666666,3,-0.13097226157716876,3.0,1.0,10,85.44861386138612,-1.7033663366336782,0.48986782825187664,1.4150066131360652,9.91
1lom_A,1lom,mainly_beta,101,84,-3,mpnn_hyper,hyper,False,-16,-19,10,10,1.0,0.0,15.0,0.9375,10,5.733333333333333,0.13380756965788138,0.2619047619047619,0.17857142857142858,0.8214285714285714,3,-0.22183173927491387,4.0,0.0,10,84.0332178217822,-3.1187623762375978,0.48957308935094956,2.020063297903492,27.81
1lom_A,1lom,mainly_beta,101,84,-3,mpnn_hyper,hyper,False,-24,-27,10,10,1.0,0.0,21.5,0.8958333333333333,10,11.911111111111111,0.30158267192202615,0.5119047619047619,0.25595238095238093,0.7440476190476191,0,,,,10,80.23103960396037,-6.920940594059431,0.4875556130129379,1.5696024318025517,32.14
1lom_A,1lom,mainly_beta,101,84,-3,mpnn_hyper,hyper,False,-4,-7,10,10,1.0,0.0,3.5,0.875,9,3.911111111111111,0.09121288057288301,0.10714285714285714,0.041666666666666664,0.9583333333333333,0,,,,10,87.0259405940594,-0.12603960396039326,0.4904083739738403,2.053987982021366,6.46
1lom_A,1lom,mainly_beta,101,84,-3,mpnn_soluble,soluble,False,4,1,10,10,1.0,0.0,3.0,0.75,10,5.444444444444445,0.14144334603958753,0.19047619047619047,0.03571428571428571,0.9642857142857143,0,,,,10,86.58297029702973,-0.5690099009900678,0.48981650519749287,1.7927968797428044,5.66
1lom_A,1lom,mainly_beta,101,84,-3,mpnn_soluble,soluble,False,16,13,10,10,1.0,0.0,13.0,0.8125,10,13.511111111111111,0.32786448682553754,0.40476190476190477,0.15476190476190477,0.8452380952380952,3,-0.09737304209444898,3.0,2.0,10,84.43683168316835,-2.7151485148514496,0.48793932152055497,1.5466293327674605,15.23
1lom_A,1lom,mainly_beta,101,84,-3,mpnn_soluble,soluble,False,24,21,10,10,1.0,0.0,20.0,0.8333333333333334,10,15.066666666666666,0.3759157262131304,0.42857142857142855,0.23809523809523808,0.7619047619047619,0,,,,10,77.24381188118812,-9.908168316831684,0.4837379813588739,1.6634054724936005,20.92
1lom_A,1lom,mainly_beta,101,84,-3,mpnn_soluble,soluble,False,8,5,10,10,1.0,0.0,7.0,0.875,10,9.511111111111111,0.23043849252558432,0.2619047619047619,0.08333333333333333,0.9166666666666666,3,-0.07918751675597412,2.0,0.0,10,86.17544554455445,-0.9765346534653503,0.4899656254399293,1.970217826008643,9.28
1lom_A,1lom,mainly_beta,101,84,-3,mpnn_soluble,soluble,False,-8,-11,10,10,1.0,0.0,8.0,1.0,10,9.11111111111111,0.22221637210966447,0.2619047619047619,0.09523809523809523,0.9047619047619048,3,-0.2226194381664352,5.0,0.0,10,85.51881188118813,-1.6331683168316715,0.49013398431523847,2.065797009583955,9.82
1lom_A,1lom,mainly_beta,101,84,-3,mpnn_soluble,soluble,False,-16,-19,10,10,1.0,0.0,15.0,0.9375,10,9.666666666666666,0.2383367226794349,0.2857142857142857,0.17857142857142858,0.8214285714285714,3,-0.27729497391285496,4.0,0.0,10,82.9558415841584,-4.196138613861393,0.4894808158552156,1.7661632828979092,16.24
1lom_A,1lom,mainly_beta,101,84,-3,mpnn_soluble,soluble,False,-24,-27,10,10,1.0,0.0,22.0,0.9166666666666666,10,9.28888888888889,0.22815788896451114,0.4166666666666667,0.2619047619047619,0.7380952380952381,0,,,,10,81.36173267326734,-5.790247524752466,0.48775690433228075,1.6258204209487688,21.62
1lom_A,1lom,mainly_beta,101,84,-3,mpnn_soluble,soluble,False,-4,-7,10,10,1.0,0.0,4.0,1.0,10,5.733333333333333,0.13921699262594622,0.17857142857142858,0.047619047619047616,0.9523809523809523,0,,,,10,86.92599009900988,-0.22599009900992684,0.4903408632394147,2.038530411475388,5.98
1lom_A,1lom,mainly_beta,101,84,-3,mpnn_vanilla_weights,original,False,4,1,10,10,1.0,0.0,4.0,1.0,10,4.977777777777778,0.12558910890982553,0.16666666666666666,0.047619047619047616,0.9523809523809523,0,,,,10,86.63648514851485,-0.5154950495049491,0.4902636012495297,2.0737299027597746,5.84
1lom_A,1lom,mainly_beta,101,84,-3,mpnn_vanilla_weights,original,False,16,13,10,10,1.0,0.0,14.0,0.875,10,10.8,0.26861259014792144,0.35714285714285715,0.16666666666666666,0.8333333333333334,3,-0.18595553926720645,9.0,0.0,10,83.46891089108911,-3.6830693069306832,0.48861747705224484,1.5271516468908741,16.25
1lom_A,1lom,mainly_beta,101,84,-3,mpnn_vanilla_weights,original,False,24,21,10,10,1.0,0.0,21.0,0.875,10,13.377777777777778,0.3295524096307972,0.44047619047619047,0.25,0.75,0,,,,10,78.41618811881189,-8.735792079207911,0.4871714554536592,1.616679203592161,22.42
1lom_A,1lom,mainly_beta,101,84,-3,mpnn_vanilla_weights,original,False,8,5,10,10,1.0,0.0,7.0,0.875,10,6.355555555555555,0.15858229594170756,0.21428571428571427,0.08333333333333333,0.9166666666666666,3,-0.15993781795494988,8.0,0.0,10,84.9139603960396,-2.238019801980201,0.48889748945393147,1.9919366861175964,9.46
1lom_A,1lom,mainly_beta,101,84,-3,mpnn_vanilla_weights,original,False,-8,-11,10,10,1.0,0.0,7.5,0.9375,10,4.933333333333334,0.12359864086551321,0.20238095238095238,0.08928571428571427,0.9107142857142857,3,-0.1371549789631278,4.0,0.0,10,85.57257425742574,-1.5794059405940573,0.4895155517850327,2.0310468804562554,9.94
1lom_A,1lom,mainly_beta,101,84,-3,mpnn_vanilla_weights,original,False,-16,-19,10,10,1.0,0.0,15.0,0.9375,10,9.333333333333334,0.2305762458850365,0.2976190476190476,0.17857142857142858,0.8214285714285714,3,-0.26167361488796137,6.0,0.0,10,83.66757425742573,-3.4844059405940726,0.48954521346182617,1.731272963192131,16.97
1lom_A,1lom,mainly_beta,101,84,-3,mpnn_vanilla_weights,original,False,-24,-27,10,10,1.0,0.0,23.0,0.9583333333333334,10,7.6,0.1810526490320872,0.34523809523809523,0.27380952380952384,0.7261904761904762,0,,,,10,82.4157920792079,-4.736188118811903,0.48764505289890836,1.6323311950235533,25.67
1lom_A,1lom,mainly_beta,101,84,-3,mpnn_vanilla_weights,original,False,-4,-7,10,10,1.0,0.0,4.0,1.0,9,4.733333333333333,0.11345310532065597,0.16666666666666666,0.047619047619047616,0.9523809523809523,0,,,,10,86.85247524752475,-0.29950495049504156,0.49003591798492274,2.0692805242922008,6.5
1lom_A,1lom,mainly_beta,101,84,-3,random_control,,,4,1,10,10,1.0,0.0,4.0,1.0,10,7.177777777777778,0.19809994424720231,0.35714285714285715,0.047619047619047616,0.9523809523809523,0,,,,10,81.77173267326734,-5.38024752475247,0.4903781787496446,2.0151342215014836,0.0004
1lom_A,1lom,mainly_beta,101,84,-3,random_control,,,16,13,10,10,1.0,0.0,15.0,0.9375,10,25.4,0.6739566323582161,0.8452380952380952,0.17857142857142858,0.8214285714285714,3,-0.030882878614769065,6.0,1.0,10,62.7368811881188,-24.415099009901,0.47446244200061277,1.5571110358137776,0.0004
1lom_A,1lom,mainly_beta,101,84,-3,random_control,,,24,21,10,10,1.0,0.0,22.0,0.9166666666666666,10,34.022222222222226,0.8971263269272691,0.8809523809523809,0.2619047619047619,0.7380952380952381,0,,,,10,55.15945544554456,-31.99252475247524,0.46788755589323705,1.599191740066784,0.0005
1lom_A,1lom,mainly_beta,101,84,-3,random_control,,,8,5,10,10,1.0,0.0,7.0,0.875,10,13.022222222222222,0.3501695318710298,0.5714285714285714,0.08333333333333333,0.9166666666666666,3,-0.037296764046302125,3.0,0.0,10,73.90801980198019,-13.243960396039611,0.4857457174866673,1.7279987858089778,0.0004
1lom_A,1lom,mainly_beta,101,84,-3,random_control,,,-8,-11,10,10,1.0,0.0,7.0,0.875,10,13.866666666666667,0.3792996862616465,0.6309523809523809,0.08333333333333333,0.9166666666666666,3,-0.026057372199986304,-1.0,0.0,10,82.06252475247527,-5.089455445544523,0.4897774057729465,1.932715355038821,0.0004
1lom_A,1lom,mainly_beta,101,84,-3,random_control,,,-16,-19,10,10,1.0,0.0,15.0,0.9375,10,24.8,0.664278160337505,0.7619047619047619,0.17857142857142858,0.8214285714285714,3,-0.035939196508165044,0.0,0.0,10,74.77772277227726,-12.374257425742542,0.4880321429381419,1.7908344027651009,0.0004
1lom_A,1lom,mainly_beta,101,84,-3,random_control,,,-24,-27,10,10,1.0,0.0,21.0,0.875,10,33.4,0.856675404862867,0.8214285714285714,0.25,0.75,0,,,,10,62.703415841584146,-24.44856435643565,0.4800327292044054,1.804661758578285,0.0005
1lom_A,1lom,mainly_beta,101,84,-3,random_control,,,-4,-7,10,10,1.0,0.0,3.0,0.75,10,6.466666666666667,0.17810122548425114,0.30952380952380953,0.03571428571428571,0.9642857142857143,0,,,,10,86.11554455445543,-1.0364356435643671,0.4901484290247988,2.062409014098738,0.0004
1lom_A,1lom,mainly_beta,101,84,-3,rosetta,,True,4,1,10,2,0.2,0.8,4.0,0.9,7,2.688888888888889,0.06516447417628199,0.08333333333333333,0.047619047619047616,0.9523809523809523,0,,,,10,83.35341584158417,-3.7985643564356337,0.4908773276469319,1.9339448692725165,672.62
1lom_A,1lom,mainly_beta,101,84,-3,rosetta,,True,16,13,10,2,0.2,0.8,13.0,0.80625,8,6.377777777777778,0.14705385208502486,0.21428571428571427,0.1488095238095238,0.8511904761904762,3,-0.1786849802938425,8.0,2.0,10,75.21163366336631,-11.940346534653479,0.4882963318231791,1.9369942477632263,290.52
1lom_A,1lom,mainly_beta,101,84,-3,rosetta,,True,24,21,10,0,0.0,3.5,17.0,0.85,9,3.3333333333333335,0.08556986611717314,0.27380952380952384,0.20238095238095238,0.7976190476190477,0,,,,10,80.13118811881185,-7.020792079207951,0.4875496150631582,1.620113836906473,1291.36
1lom_A,1lom,mainly_beta,101,84,-3,rosetta,,True,8,5,10,3,0.3,0.7,7.0,0.8263888888888888,4,3.0444444444444443,0.06905845518437656,0.10714285714285714,0.08333333333333333,0.9166666666666666,3,-0.15680132768429922,7.0,0.0,10,79.33559405940596,-7.816386138613844,0.4904892045349018,1.9233736228429457,444.87
1lom_A,1lom,mainly_beta,101,84,-3,rosetta,,True,-8,-11,10,3,0.3,0.7,6.5,0.8660714285714286,6,2.466666666666667,0.060458456676934044,0.11904761904761904,0.07142857142857142,0.9285714285714286,3,-0.2389522203644536,0.0,1.0,10,83.79019801980198,-3.3617821782178297,0.4914426472511487,2.0110921803480903,116.14
1lom_A,1lom,mainly_beta,101,84,-3,rosetta,,True,-16,-19,10,4,0.4,0.6,14.5,0.8823529411764706,8,3.533333333333333,0.08523226614178492,0.20238095238095238,0.16666666666666666,0.8333333333333334,3,-0.2570901734216163,7.0,0.0,10,80.7329207920792,-6.419059405940608,0.49003029815316534,1.9627481795813169,105.74
1lom_A,1lom,mainly_beta,101,84,-3,rosetta,,True,-24,-27,10,1,0.1,1.1,20.0,0.8695652173913043,10,7.355555555555555,0.1696208271293377,0.3333333333333333,0.23809523809523808,0.7619047619047619,0,,,,10,78.82311881188119,-8.32886138613862,0.4883479405004285,1.9140760285479763,106.88
1lom_A,1lom,mainly_beta,101,84,-3,rosetta,,True,-4,-7,10,0,0.0,1.0,2.0,0.6666666666666666,1,0.0,0.0,0.023809523809523808,0.023809523809523808,0.9761904761904762,0,,,,10,87.05935643564356,-0.0926237623762276,0.4905303065393961,2.0714965632973072,65.27
1vmg_A,1vmg,mainly_alpha,80,53,-9,avnapsa,,,24,10,10,10,1.0,0.0,11.0,0.5789473684210527,1,0.0,0.0,0.20754716981132076,0.20754716981132076,0.7924528301886793,0,,,,10,81.92862500000001,-0.0862499999999713,0.931138969928528,0.8468230590484442,62.21
1vmg_A,1vmg,mainly_alpha,80,53,-9,avnapsa,,,16,4,10,10,1.0,0.0,8.0,0.6153846153846154,1,0.0,0.0,0.1509433962264151,0.1509433962264151,0.8490566037735849,3,-0.031029498578257632,0.0,-1.0,10,81.58224999999999,-0.4326250000000016,0.9188399862154132,1.1449491622279613,61.89
1vmg_A,1vmg,mainly_alpha,80,53,-9,avnapsa,,,-4,-12,10,0,0.0,1.0,2.0,0.5,1,0.0,0.0,0.03773584905660377,0.03773584905660377,0.9622641509433962,0,,,,10,81.7729375,-0.2419374999999917,0.8981856935451104,1.4680777029882752,41.26
1vmg_A,1vmg,mainly_alpha,80,53,-9,avnapsa,,,-8,-15,10,0,0.0,1.0,4.0,0.5714285714285714,1,0.0,0.0,0.07547169811320754,0.07547169811320754,0.9245283018867925,3,0.032730093544674335,0.0,0.0,10,80.24299999999997,-1.7718750000000227,0.8988070292651724,1.4763335801551074,58.3
1vmg_A,1vmg,mainly_alpha,80,53,-9,avnapsa,,,-16,-22,10,10,1.0,0.0,8.0,0.6153846153846154,1,0.0,0.0,0.1509433962264151,0.1509433962264151,0.8490566037735849,3,0.004461185178901062,1.0,-1.0,10,77.68343749999998,-4.331437500000007,0.9036253762311166,1.3176805869971038,58.87
1vmg_A,1vmg,mainly_alpha,80,53,-9,avnapsa,,,-24,-28,10,0,0.0,1.0,12.0,0.6,1,0.0,0.0,0.22641509433962265,0.22641509433962265,0.7735849056603774,0,,,,10,71.4896875,-10.525187499999987,0.810426332520739,1.783172421819095,60.35
1vmg_A,1vmg,mainly_alpha,80,53,-9,avnapsa,,,8,-3,10,10,1.0,0.0,3.0,0.5,1,0.0,0.0,0.05660377358490566,0.05660377358490566,0.9433962264150944,3,-0.006246337482795639,0.0,0.0,10,80.65962500000002,-1.3552499999999696,0.9338408923277,0.8187481043776055,58.84
1vmg_A,1vmg,mainly_alpha,80,53,-9,avnapsa,,,4,-6,10,0,0.0,1.0,2.0,0.5,1,0.0,0.0,0.03773584905660377,0.03773584905660377,0.9622641509433962,0,,,,10,79.72075,-2.294124999999994,0.9565806602751328,0.7613994897742085,59.25
1vmg_A,1vmg,mainly_alpha,80,53,-9,mpnn_halo,halo,False,24,10,10,10,1.0,0.0,14.0,0.7368421052631579,10,5.8,0.2306081513348502,0.4339622641509434,0.2641509433962264,0.7358490566037735,0,,,,10,75.20037500000001,-6.814499999999981,0.8758355808946288,1.5573992779160588,17.94
1vmg_A,1vmg,mainly_alpha,80,53,-9,mpnn_halo,halo,False,16,4,10,10,1.0,0.0,10.0,0.7692307692307693,8,3.1555555555555554,0.12656972840810482,0.32075471698113206,0.18867924528301888,0.8113207547169812,3,-0.0016030477950693012,5.0,0.0,10,76.166875,-5.847999999999992,0.8883972072448767,1.6708939458004024,12.69
1vmg_A,1vmg,mainly_alpha,80,53,-9,mpnn_halo,halo,False,-4,-12,10,10,1.0,0.0,2.5,0.8333333333333333,8,2.7333333333333334,0.10141660045396896,0.11320754716981132,0.04716981132075472,0.9528301886792453,0,,,,10,81.17737499999998,-0.8375000000000057,0.8930630289055428,1.5047548781694797,5.04
1vmg_A,1vmg,mainly_alpha,80,53,-9,mpnn_halo,halo,False,-8,-15,10,10,1.0,0.0,5.0,0.8333333333333334,7,3.2888888888888888,0.12015683530504569,0.1509433962264151,0.09433962264150944,0.9056603773584906,3,-0.13660038119460616,1.0,0.0,10,80.20162499999999,-1.8132499999999965,0.8901956375535064,1.494020020630498,7.24
1vmg_A,1vmg,mainly_alpha,80,53,-9,mpnn_halo,halo,False,-16,-22,10,10,1.0,0.0,10.0,0.7692307692307693,10,5.355555555555555,0.200822398679141,0.33962264150943394,0.18867924528301888,0.8113207547169812,3,-0.12517453610057389,3.0,0.0,10,76.917125,-5.097749999999991,0.8905362062790072,1.469375568208748,12.3
1vmg_A,1vmg,mainly_alpha,80,53,-9,mpnn_halo,halo,False,-24,-28,10,10,1.0,0.0,15.0,0.7894736842105263,10,6.5777777777777775,0.25698267896443355,0.39622641509433965,0.2830188679245283,0.7169811320754716,0,,,,10,73.95700000000001,-8.057874999999981,0.8786887384150428,1.4770607593372342,15.81
1vmg_A,1vmg,mainly_alpha,80,53,-9,mpnn_halo,halo,False,8,-3,10,10,1.0,0.0,5.0,0.8333333333333334,9,3.8444444444444446,0.14919788849244306,0.20754716981132076,0.09433962264150944,0.9056603773584906,3,-0.1329514191127874,7.0,0.0,10,78.2468125,-3.768062499999985,0.8940786288891709,1.531768004808805,7.44
1vmg_A,1vmg,mainly_alpha,80,53,-9,mpnn_halo,halo,False,4,-6,10,10,1.0,0.0,3.0,1.0,8,2.8,0.10591367488686705,0.1509433962264151,0.05660377358490566,0.9433962264150944,0,,,,10,79.965,-2.049874999999993,0.8969468517977981,1.5118034927778525,5.53
1vmg_A,1vmg,mainly_alpha,80,53,-9,mpnn_hyper,hyper,False,24,10,10,10,1.0,0.0,14.0,0.7368421052631579,10,7.111111111111111,0.282685969273128,0.3584905660377358,0.2641509433962264,0.7358490566037735,0,,,,10,81.96156249999999,-0.05331250000000409,0.8886079324730843,1.511125953485617,7.4
1vmg_A,1vmg,mainly_alpha,80,53,-9,mpnn_hyper,hyper,False,16,4,10,10,1.0,0.0,10.0,0.7692307692307693,10,6.4222222222222225,0.258218258120811,0.3018867924528302,0.18867924528301888,0.8113207547169812,3,-0.02592322169607577,5.0,-1.0,10,81.18312499999999,-0.8317499999999924,0.8864778582810736,1.492968120045528,5.31
1vmg_A,1vmg,mainly_alpha,80,53,-9,mpnn_hyper,hyper,False,-4,-12,10,10,1.0,0.0,3.0,1.0,3,0.9555555555555556,0.040168205201041626,0.09433962264150944,0.05660377358490566,0.9433962264150944,0,,,,10,80.80156249999999,-1.2133125000000007,0.884593355499383,1.5612837325171531,3.33
1vmg_A,1vmg,mainly_alpha,80,53,-9,mpnn_hyper,hyper,False,-8,-15,10,10,1.0,0.0,5.0,0.8333333333333334,6,2.1333333333333333,0.08403890499359666,0.18867924528301888,0.09433962264150944,0.9056603773584906,3,-0.06427306575167649,1.0,-1.0,10,79.07318749999999,-2.9416874999999933,0.8803257612142956,1.5637054079615416,7.97
1vmg_A,1vmg,mainly_alpha,80,53,-9,mpnn_hyper,hyper,False,-16,-22,10,10,1.0,0.0,10.0,0.7692307692307693,10,6.666666666666667,0.2598890520125921,0.39622641509433965,0.18867924528301888,0.8113207547169812,3,-0.1389001184808336,4.0,0.0,10,76.40937499999998,-5.605499999999999,0.8851892766298123,1.5300697776232108,9.16
1vmg_A,1vmg,mainly_alpha,80,53,-9,mpnn_hyper,hyper,False,-24,-28,10,10,1.0,0.0,16.0,0.8421052631578947,10,13.755555555555556,0.5573679475486345,0.660377358490566,0.3018867924528302,0.6981132075471698,0,,,,10,71.59281250000001,-10.422062499999981,0.8358682634025711,1.5057317952018756,16.14
1vmg_A,1vmg,mainly_alpha,80,53,-9,mpnn_hyper,hyper,False,8,-3,10,10,1.0,0.0,5.0,0.8333333333333334,10,5.933333333333334,0.23344746975545239,0.24528301886792453,0.09433962264150944,0.9056603773584906,3,-0.048539527618190095,3.0,0.0,10,79.81306249999997,-2.2018125000000097,0.8929732242597039,1.474921867083903,3.58
1vmg_A,1vmg,mainly_alpha,80,53,-9,mpnn_hyper,hyper,False,4,-6,10,10,1.0,0.0,2.0,0.6666666666666666,10,3.933333333333333,0.15741598415451385,0.18867924528301888,0.03773584905660377,0.9622641509433962,0,,,,10,81.9566875,-0.05818749999998829,0.8963672144009897,1.4634200862587619,2.51
1vmg_A,1vmg,mainly_alpha,80,45,-9,mpnn_soluble_hbond_protected,soluble,True,24,10,10,10,1.0,0.0,15.0,0.7894736842105263,10,7.355555555555555,0.3524916231200011,0.6,0.3333333333333333,0.6666666666666666,0,,,,10,69.27612500000001,-12.738749999999989,0.8188790746377225,1.8029135976030868,8.79
1vmg_A,1vmg,mainly_alpha,80,45,-9,mpnn_soluble_hbond_protected,soluble,True,16,4,10,10,1.0,0.0,10.0,0.7692307692307693,10,8.911111111111111,0.4042018947532247,0.4888888888888889,0.2222222222222222,0.7777777777777778,3,-0.07180661863580298,4.0,0.0,10,73.32406249999998,-8.690812500000007,0.8284582880221454,1.692349378730924,7.04
1vmg_A,1vmg,mainly_alpha,80,45,-9,mpnn_soluble_hbond_protected,soluble,True,-4,-12,10,10,1.0,0.0,2.0,0.6666666666666666,9,3.6444444444444444,0.16028297247536075,0.2222222222222222,0.044444444444444446,0.9555555555555556,0,,,,10,80.6579375,-1.3569374999999795,0.9035542407755911,1.4735967702458228,2.89
1vmg_A,1vmg,mainly_alpha,80,45,-9,mpnn_soluble_hbond_protected,soluble,True,-8,-15,10,10,1.0,0.0,5.0,0.8333333333333334,10,3.7333333333333334,0.1681540056875996,0.24444444444444444,0.1111111111111111,0.8888888888888888,3,-0.0581067099452536,0.0,0.0,10,79.4404375,-2.5744374999999877,0.9058468717253225,1.3809481720499208,3.94
1vmg_A,1vmg,mainly_alpha,80,45,-9,mpnn_soluble_hbond_protected,soluble,True,-16,-22,10,10,1.0,0.0,10.0,0.7692307692307693,10,6.644444444444445,0.2877506140643393,0.4444444444444444,0.2222222222222222,0.7777777777777778,3,-0.039378198131496234,2.0,0.0,10,73.58300000000001,-8.431874999999977,0.8347853878492525,1.562727169875716,6.35
1vmg_A,1vmg,mainly_alpha,80,45,-9,mpnn_soluble_hbond_protected,soluble,True,-24,-28,10,10,1.0,0.0,16.0,0.8421052631578947,10,6.333333333333333,0.27451952538308366,0.5333333333333333,0.35555555555555557,0.6444444444444445,0,,,,10,71.848,-10.16687499999999,0.8246491519537654,1.5738894929756735,8.76
1vmg_A,1vmg,mainly_alpha,80,45,-9,mpnn_soluble_hbond_protected,soluble,True,8,-3,10,10,1.0,0.0,5.0,0.8333333333333334,10,5.355555555555555,0.23907877671180772,0.28888888888888886,0.1111111111111111,0.8888888888888888,3,-0.037511014394535636,2.0,-1.0,10,78.6405625,-3.374312499999988,0.8861196356138272,1.5072488378214002,4.41
1vmg_A,1vmg,mainly_alpha,80,45,-9,mpnn_soluble_hbond_protected,soluble,True,4,-6,10,10,1.0,0.0,2.0,0.6666666666666666,9,4.044444444444444,0.19254854113096387,0.24444444444444444,0.044444444444444446,0.9555555555555556,0,,,,10,80.27624999999999,-1.738624999999999,0.898690861275542,1.3624504876212367,3.11
1vmg_A,1vmg,mainly_alpha,80,53,-9,mpnn_soluble,soluble,False,24,10,10,10,1.0,0.0,15.0,0.7894736842105263,10,7.822222222222222,0.3070693629130184,0.5094339622641509,0.2830188679245283,0.7169811320754716,0,,,,10,69.37062500000002,-12.644249999999971,0.8209719573914758,1.7167265806407461,9.71
1vmg_A,1vmg,mainly_alpha,80,53,-9,mpnn_soluble,soluble,False,16,4,10,10,1.0,0.0,10.0,0.7692307692307693,10,8.71111111111111,0.3429673032920213,0.4528301886792453,0.18867924528301888,0.8113207547169812,3,-0.1002639412345264,4.0,-1.0,10,73.4149375,-8.599937499999996,0.8579100725675819,1.3848880858921673,7.54
1vmg_A,1vmg,mainly_alpha,80,53,-9,mpnn_soluble,soluble,False,-4,-12,10,10,1.0,0.0,2.0,0.6666666666666666,8,3.6444444444444444,0.1360893162526648,0.18867924528301888,0.03773584905660377,0.9622641509433962,0,,,,10,79.6955,-2.3193749999999937,0.902331799235786,1.358071827275512,3.16
1vmg_A,1vmg,mainly_alpha,80,53,-9,mpnn_soluble,soluble,False,-8,-15,10,10,1.0,0.0,4.5,0.75,10,5.444444444444445,0.20575292330572054,0.2641509433962264,0.0849056603773585,0.9150943396226415,3,-0.10732401536873226,2.0,0.0,10,78.968875,-3.045999999999985,0.8855204451164307,1.5004431612799698,4.36
1vmg_A,1vmg,mainly_alpha,80,53,-9,mpnn_soluble,soluble,False,-16,-22,10,10,1.0,0.0,10.0,0.7692307692307693,10,7.266666666666667,0.27208084349193457,0.41509433962264153,0.18867924528301888,0.8113207547169812,3,-0.11262206175016942,1.0,-1.0,10,74.41318749999999,-7.60168749999999,0.8719264437405781,1.4620657357875606,6.85
1vmg_A,1vmg,mainly_alpha,80,53,-9,mpnn_soluble,soluble,False,-24,-28,10,10,1.0,0.0,15.0,0.7894736842105263,10,7.7555555555555555,0.283343545774254,0.49056603773584906,0.2830188679245283,0.7169811320754716,0,,,,10,72.1170625,-9.89781249999998,0.8190366273138912,1.5501405866620304,8.94
1vmg_A,1vmg,mainly_alpha,80,53,-9,mpnn_soluble,soluble,False,8,-3,10,10,1.0,0.0,4.0,0.6666666666666666,10,6.288888888888889,0.24530742495936786,0.32075471698113206,0.07547169811320754,0.9245283018867925,3,-0.016339890759130428,1.0,0.0,10,78.63100000000003,-3.3838749999999678,0.8906253496649428,1.449166631947414,4.62
1vmg_A,1vmg,mainly_alpha,80,53,-9,mpnn_soluble,soluble,False,4,-6,10,10,1.0,0.0,2.5,0.8333333333333333,10,4.333333333333333,0.17725624789329286,0.24528301886792453,0.04716981132075472,0.9528301886792453,0,,,,10,79.7370625,-2.277812499999996,0.8966794068529418,1.4024745786029376,3.16
1vmg_A,1vmg,mainly_alpha,80,53,-9,mpnn_vanilla_weights,original,False,24,10,10,10,1.0,0.0,13.0,0.6842105263157895,10,11.666666666666666,0.45103623218084743,0.4716981132075472,0.24528301886792453,0.7547169811320755,0,,,,10,80.24931249999997,-1.7655625000000086,0.8871723036796406,1.4755933407106132,9.05
1vmg_A,1vmg,mainly_alpha,80,53,-9,mpnn_vanilla_weights,original,False,16,4,10,10,1.0,0.0,9.0,0.6923076923076923,10,7.555555555555555,0.3040889047771593,0.37735849056603776,0.16981132075471697,0.8301886792452831,3,-0.04711024739295091,2.0,-1.0,10,79.49362500000001,-2.5212499999999807,0.9069109141790791,1.2452739113181943,6.86
1vmg_A,1vmg,mainly_alpha,80,53,-9,mpnn_vanilla_weights,original,False,-4,-12,10,10,1.0,0.0,3.0,1.0,9,3.1555555555555554,0.11593262595122023,0.1509433962264151,0.05660377358490566,0.9433962264150944,0,,,,10,80.3081875,-1.706687499999994,0.8827832343140416,1.5430795771967478,3.3
1vmg_A,1vmg,mainly_alpha,80,53,-9,mpnn_vanilla_weights,original,False,-8,-15,10,10,1.0,0.0,4.0,0.6666666666666666,9,3.7333333333333334,0.1436745587894045,0.18867924528301888,0.07547169811320754,0.9245283018867925,3,-0.13918647267381026,4.0,-1.0,10,79.33425,-2.680624999999992,0.8854847362673572,1.5032561913346596,4.28
1vmg_A,1vmg,mainly_alpha,80,53,-9,mpnn_vanilla_weights,original,False,-16,-22,10,10,1.0,0.0,10.0,0.7692307692307693,7,2.977777777777778,0.11107618641234118,0.22641509433962265,0.18867924528301888,0.8113207547169812,3,-0.20951584273290713,5.0,-1.0,10,77.6830625,-4.331812499999991,0.8923215434705508,1.4965089423706797,6.76
1vmg_A,1vmg,mainly_alpha,80,53,-9,mpnn_vanilla_weights,original,False,-24,-28,10,10,1.0,0.0,14.0,0.7368421052631579,10,7.644444444444445,0.28992769003813124,0.4716981132075472,0.2641509433962264,0.7358490566037735,0,,,,10,74.64306249999998,-7.371812499999997,0.8723291216188478,1.4681235019336665,10.24
1vmg_A,1vmg,mainly_alpha,80,53,-9,mpnn_vanilla_weights,original,False,8,-3,10,10,1.0,0.0,4.0,0.6666666666666666,10,6.111111111111111,0.24334804480561392,0.3018867924528302,0.07547169811320754,0.9245283018867925,3,-0.13361501408226104,2.0,-1.0,10,80.3636875,-1.6511874999999847,0.8986774465509926,1.4366416845547914,4.38
1vmg_A,1vmg,mainly_alpha,80,53,-9,mpnn_vanilla_weights,original,False,4,-6,10,10,1.0,0.0,2.0,0.6666666666666666,8,3.6222222222222222,0.14004583781545285,0.16981132075471697,0.03773584905660377,0.9622641509433962,0,,,,10,81.535125,-0.4797499999999957,0.8955755316479248,1.4973602607514533,3.16
1vmg_A,1vmg,mainly_alpha,80,53,-9,random_control,,,24,10,10,10,1.0,0.0,14.0,0.7368421052631579,10,21.2,0.8719562278137346,0.8113207547169812,0.2641509433962264,0.7358490566037735,0,,,,10,63.89162500000001,-18.123249999999977,0.7129758043232619,1.7421104855693557,0.0004
1vmg_A,1vmg,mainly_alpha,80,53,-9,random_control,,,16,4,10,10,1.0,0.0,10.5,0.8076923076923077,10,17.488888888888887,0.7297477761938055,0.7547169811320755,0.19811320754716982,0.8018867924528302,3,0.008345609404075915,0.0,0.0,10,68.7143125,-13.300562499999984,0.7815510767421079,1.6696112944905905,0.0003
1vmg_A,1vmg,mainly_alpha,80,53,-9,random_control,,,-4,-12,10,10,1.0,0.0,2.5,0.8333333333333333,10,4.6,0.19366139336145705,0.32075471698113206,0.04716981132075472,0.9528301886792453,0,,,,10,80.376125,-1.6387499999999946,0.9001070579307178,1.4606967256881398,0.0003
1vmg_A,1vmg,mainly_alpha,80,53,-9,random_control,,,-8,-15,10,10,1.0,0.0,5.0,0.8333333333333334,10,8.933333333333334,0.38813194614575414,0.5471698113207547,0.09433962264150944,0.9056603773584906,3,0.12474886951150843,1.0,-1.0,10,78.01937500000001,-3.9954999999999785,0.8970732656951198,1.4736559955375252,0.0003
1vmg_A,1vmg,mainly_alpha,80,53,-9,random_control,,,-16,-22,10,10,1.0,0.0,10.5,0.8076923076923077,10,16.733333333333334,0.6844902101445745,0.6792452830188679,0.19811320754716982,0.8018867924528302,3,0.023463671008585863,2.0,0.0,10,69.6878125,-12.327062499999982,0.8446229072471247,1.715537886118832,0.0004
1vmg_A,1vmg,mainly_alpha,80,53,-9,random_control,,,-24,-28,10,10,1.0,0.0,16.0,0.8421052631578947,10,22.31111111111111,0.9028899179974678,0.7547169811320755,0.3018867924528302,0.6981132075471698,0,,,,10,60.17962500000001,-21.83524999999998,0.6930293873415752,1.9288656883411623,0.0005
1vmg_A,1vmg,mainly_alpha,80,53,-9,random_control,,,8,-3,10,10,1.0,0.0,5.0,0.8333333333333334,10,8.88888888888889,0.3803397515560535,0.5849056603773585,0.09433962264150944,0.9056603773584906,3,-0.05554569647582745,2.0,-1.0,10,79.20350000000002,-2.811374999999977,0.889745028940456,1.491936352495797,0.0003
1vmg_A,1vmg,mainly_alpha,80,53,-9,random_control,,,4,-6,10,10,1.0,0.0,3.0,1.0,10,4.977777777777778,0.211018190350894,0.3584905660377358,0.05660377358490566,0.9433962264150944,0,,,,10,79.18493749999999,-2.8299374999999927,0.8944700513273851,1.4852396454558043,0.0003
1vmg_A,1vmg,mainly_alpha,80,53,-9,rosetta_hbond_off,,False,24,10,10,0,0.0,1.0,12.0,0.6,6,1.3111111111111111,0.05378949001023713,0.20754716981132076,0.18867924528301888,0.8113207547169812,0,,,,10,81.16387499999999,-0.850999999999992,0.8963890399136838,1.2640952801342569,607.43
1vmg_A,1vmg,mainly_alpha,80,53,-9,rosetta_hbond_off,,False,16,4,10,4,0.4,0.6,8.0,0.6153846153846154,6,1.1111111111111112,0.04494051654628843,0.1509433962264151,0.11320754716981132,0.8867924528301887,3,-0.18793875392453643,5.0,0.0,10,81.41093749999997,-0.6039375000000149,0.9068514297484351,1.1786732330128795,687.5
1vmg_A,1vmg,mainly_alpha,80,53,-9,rosetta_hbond_off,,False,-4,-12,10,0,0.0,1.0,2.0,1.0,1,0.0,0.0,0.03773584905660377,0.03773584905660377,0.9622641509433962,0,,,,10,77.279,-4.735874999999986,0.895958145779515,0.8566950954927924,72.12
1vmg_A,1vmg,mainly_alpha,80,53,-9,rosetta_hbond_off,,False,-8,-15,10,8,0.8,0.2,4.0,0.6666666666666666,4,0.6,0.026546920391846106,0.09433962264150944,0.07547169811320754,0.9245283018867925,3,-0.13421371924933645,2.0,-1.0,10,76.89249999999998,-5.122374999999998,0.8864487149199601,0.9585037246507973,122.13
1vmg_A,1vmg,mainly_alpha,80,53,-9,rosetta_hbond_off,,False,-16,-22,10,1,0.1,0.9,9.0,0.75,4,0.4666666666666667,0.016628130174164014,0.1509433962264151,0.1509433962264151,0.8490566037735849,3,-0.1100300854599432,3.0,0.0,10,73.58518749999996,-8.429687500000021,0.8296123602558079,1.5679926147354064,142.31
1vmg_A,1vmg,mainly_alpha,80,53,-9,rosetta_hbond_off,,False,-24,-28,10,0,0.0,5.2,11.0,0.7774725274725275,7,0.8666666666666667,0.03432607710206142,0.20754716981132076,0.16981132075471697,0.8301886792452831,0,,,,10,78.04124999999999,-3.9736249999999984,0.9132634968704139,1.3270659308448134,103.24
1vmg_A,1vmg,mainly_alpha,80,53,-9,rosetta_hbond_off,,False,8,-3,10,8,0.8,0.2,3.0,0.5,3,0.35555555555555557,0.013621284809195515,0.05660377358490566,0.03773584905660377,0.9622641509433962,3,-0.0950863854235866,1.0,0.0,10,82.55056249999998,0.5356874999999874,0.9083800595184042,1.4390895133095567,468.03
1vmg_A,1vmg,mainly_alpha,80,53,-9,rosetta_hbond_off,,False,4,-6,10,0,0.0,1.0,2.0,0.5,2,0.0,0.0,0.018867924528301886,0.018867924528301886,0.9811320754716981,0,,,,10,82.71225000000001,0.6973750000000152,0.9060498034753088,1.4555158968265163,587.03
1vmg_A,1vmg,mainly_alpha,80,53,-9,rosetta,,True,24,10,10,3,0.3,0.7,12.0,0.6,7,2.3777777777777778,0.09696454057624726,0.24528301886792453,0.18867924528301888,0.8113207547169812,0,,,,10,80.8168125,-1.1980624999999847,0.9010782607427928,1.2282652333242274,454.12
1vmg_A,1vmg,mainly_alpha,80,53,-9,rosetta,,True,16,4,10,2,0.2,0.8,7.5,0.5993589743589745,4,0.6666666666666666,0.025477103638112713,0.1320754716981132,0.11320754716981132,0.8867924528301887,3,-0.21777831408192688,5.0,1.0,10,81.76068750000002,-0.25418749999997203,0.9072368561038933,1.181625154582112,486.87
1vmg_A,1vmg,mainly_alpha,80,53,-9,rosetta,,True,-4,-12,10,1,0.1,0.9,2.0,1.0,4,0.4,0.017697946927897404,0.05660377358490566,0.018867924528301886,0.9811320754716981,0,,,,10,81.02268750000002,-0.9921874999999716,0.8826583788384902,1.5769659465759784,99.08
1vmg_A,1vmg,mainly_alpha,80,53,-9,rosetta,,True,-8,-15,10,4,0.4,1.0,4.0,0.6666666666666666,9,1.5555555555555556,0.05381587723934644,0.07547169811320754,0.05660377358490566,0.9433962264150944,3,-0.07974685061015804,1.0,0.0,10,80.12118749999999,-1.8936874999999915,0.885110415191465,1.5489220765922442,142.58
1vmg_A,1vmg,mainly_alpha,80,53,-9,rosetta,,True,-16,-22,10,1,0.1,0.9,9.0,0.75,4,0.7777777777777778,0.0350928166427533,0.1509433962264151,0.1320754716981132,0.8679245283018868,3,-0.14139268220585494,1.0,-1.0,10,78.0555625,-3.959312499999996,0.9178119522764264,1.4484417117771198,111.91
1vmg_A,1vmg,mainly_alpha,80,53,-9,rosetta,,True,-24,-28,10,0,0.0,5.1,11.0,0.7857142857142857,6,0.4666666666666667,0.016628130174164014,0.16981132075471697,0.1509433962264151,0.8490566037735849,0,,,,10,77.71012500000002,-4.30474999999997,0.8885074031745479,1.3294190802384636,108.2
1vmg_A,1vmg,mainly_alpha,80,53,-9,rosetta,,True,8,-3,10,8,0.8,0.2,3.0,0.5,2,0.35555555555555557,0.013621284809195515,0.05660377358490566,0.03773584905660377,0.9622641509433962,3,-0.10092906040627732,2.0,0.0,10,82.55775,0.5428750000000164,0.9084076698636243,1.438689408487965,331.37
1vmg_A,1vmg,mainly_alpha,80,53,-9,rosetta,,True,4,-6,10,0,0.0,1.0,2.0,0.5,2,0.0,0.0,0.018867924528301886,0.018867924528301886,0.9811320754716981,0,,,,10,82.71681249999999,0.7019374999999997,0.9056922950021215,1.45560222552865,416.74
2gux_A,2gux,mainly_beta,124,55,-2,avnapsa,,,16,18,10,10,1.0,0.0,13.0,0.65,1,0.0,0.0,0.23636363636363636,0.23636363636363636,0.7636363636363637,3,0.0729144684887019,-2.0,0.0,10,83.68512096774194,3.6245564516129107,0.777122336564365,1.8828098304739889,78.66
2gux_A,2gux,mainly_beta,124,55,-2,avnapsa,,,24,28,10,0,0.0,1.0,19.0,0.6551724137931034,1,0.0,0.0,0.2727272727272727,0.2727272727272727,0.7272727272727273,0,,,,10,76.2667741935484,-3.7937903225806338,0.7818749421891291,2.3486982154542466,81.64
2gux_A,2gux,mainly_beta,124,55,-2,avnapsa,,,4,3,10,10,1.0,0.0,3.0,0.6,1,0.0,0.0,0.05454545454545454,0.05454545454545454,0.9454545454545454,0,,,,10,81.3727016129032,1.3121370967741726,0.7725365235765543,1.72645645356504,74.52
2gux_A,2gux,mainly_beta,124,55,-2,avnapsa,,,8,8,10,10,1.0,0.0,7.0,0.7,2,1.1111111111111112,0.03636363636363636,0.14545454545454545,0.12727272727272726,0.8727272727272727,3,-0.023535571324297355,-1.0,-1.0,10,79.57935483870969,-0.4812096774193435,0.7852397891320584,2.121782458781942,77.32
2gux_A,2gux,mainly_beta,124,55,-2,avnapsa,,,-8,-12,10,10,1.0,0.0,6.0,0.6,1,0.0,0.0,0.10909090909090909,0.10909090909090909,0.8909090909090909,3,-0.04107057940089155,-1.0,-1.0,10,77.31685483870967,-2.7437096774193677,0.7835697407218589,1.9715217625685695,73.59
2gux_A,2gux,mainly_beta,124,55,-2,avnapsa,,,-16,-22,10,0,0.0,1.0,14.0,0.6666666666666666,1,0.0,0.0,0.2,0.2,0.8,3,0.13899958666306408,-8.0,-2.0,10,74.98104838709676,-5.079516129032264,0.783398478990184,2.2249514186941073,71.03
2gux_A,2gux,mainly_beta,124,55,-2,avnapsa,,,-24,-32,10,0,0.0,5.0,17.0,0.68,1,0.0,0.0,0.23636363636363636,0.23636363636363636,0.7636363636363637,0,,,,10,73.81169354838711,-6.248870967741922,0.7801079422984509,2.2283218722748215,69.99
2gux_A,2gux,mainly_beta,124,55,-2,avnapsa,,,-4,-7,10,0,0.0,1.0,3.0,0.5,1,0.0,0.0,0.05454545454545454,0.05454545454545454,0.9454545454545454,0,,,,10,77.10495967741934,-2.9556048387096965,0.7788889876218332,2.2303176874009987,73.09
2gux_A,2gux,mainly_beta,124,55,-2,mpnn_halo,halo,False,16,18,10,10,1.0,0.0,19.0,0.95,10,13.066666666666666,0.5134356878283471,0.6181818181818182,0.34545454545454546,0.6545454545454545,3,0.18691259745374983,1.0,1.0,10,80.99846774193546,0.9379032258064228,0.7774363651294982,1.935628215709492,30.68
2gux_A,2gux,mainly_beta,124,55,-2,mpnn_halo,halo,False,24,28,10,10,1.0,0.0,27.0,0.9,10,19.666666666666668,0.7678300618528499,0.8545454545454545,0.4909090909090909,0.509090909090909,0,,,,10,67.45749999999998,-12.603064516129045,0.7877192174695017,1.9828801810955898,37.07
2gux_A,2gux,mainly_beta,124,55,-2,mpnn_halo,halo,False,4,3,10,10,1.0,0.0,5.0,1.0,4,1.4666666666666666,0.052361679565234534,0.14545454545454545,0.09090909090909091,0.9090909090909091,0,,,,10,80.80225806451618,0.741693548387147,0.782755205263244,1.7021662547182097,9.6
2gux_A,2gux,mainly_beta,124,55,-2,mpnn_halo,halo,False,8,8,10,10,1.0,0.0,10.0,1.0,10,5.933333333333334,0.2161481970054413,0.38181818181818183,0.18181818181818182,0.8181818181818182,3,0.08814232943630884,3.0,1.0,10,80.20903225806454,0.14846774193550516,0.7875219956933931,2.003446561262114,18.93
2gux_A,2gux,mainly_beta,124,55,-2,mpnn_halo,halo,False,-8,-12,10,10,1.0,0.0,9.5,0.95,10,6.7555555555555555,0.2664226202245207,0.38181818181818183,0.17272727272727273,0.8272727272727273,3,0.014922326368454078,0.0,-2.0,10,76.89818548387099,-3.1623790322580447,0.7844637377439534,2.1320588626414017,17.13
2gux_A,2gux,mainly_beta,124,55,-2,mpnn_halo,halo,False,-16,-22,10,10,1.0,0.0,18.0,0.9,10,16.6,0.6293002666929839,0.7090909090909091,0.32727272727272727,0.6727272727272727,3,0.0661539134481092,2.0,-1.0,10,73.81931451612903,-6.241250000000015,0.791281175216813,2.0391593433434014,32.26
2gux_A,2gux,mainly_beta,124,55,-2,mpnn_halo,halo,False,-24,-32,10,10,1.0,0.0,27.0,0.9,10,23.022222222222222,0.889131493643497,0.8545454545454545,0.4909090909090909,0.509090909090909,0,,,,10,72.01536290322579,-8.045201612903234,0.7838280177460593,2.075918713538677,38.2
2gux_A,2gux,mainly_beta,124,55,-2,mpnn_halo,halo,False,-4,-7,10,10,1.0,0.0,5.0,1.0,6,1.6666666666666667,0.06935254859786437,0.14545454545454545,0.09090909090909091,0.9090909090909091,0,,,,10,78.43516129032255,-1.6254032258064726,0.7805359050384559,2.001915949106465,9.45
2gux_A,2gux,mainly_beta,124,55,-2,mpnn_hyper,hyper,False,16,18,10,10,1.0,0.0,17.0,0.85,10,9.733333333333333,0.37056347025759445,0.43636363636363634,0.3090909090909091,0.6909090909090909,3,0.12707656339784484,-4.0,1.0,10,68.46141129032257,-11.599153225806461,0.796332359170361,2.394383266690488,12.5
2gux_A,2gux,mainly_beta,124,55,-2,mpnn_hyper,hyper,False,24,28,10,10,1.0,0.0,26.0,0.8666666666666667,10,17.133333333333333,0.6455152892161367,0.6909090909090909,0.4727272727272727,0.5272727272727272,0,,,,10,68.76165322580647,-11.298911290322565,0.7922471904393387,2.338600907829906,19.38
2gux_A,2gux,mainly_beta,124,55,-2,mpnn_hyper,hyper,False,4,3,10,10,1.0,0.0,5.0,1.0,10,5.622222222222222,0.22116964714778795,0.23636363636363636,0.09090909090909091,0.9090909090909091,0,,,,10,68.0744758064516,-11.98608870967744,0.7927118482950255,2.0218344344011854,4.23
2gux_A,2gux,mainly_beta,124,55,-2,mpnn_hyper,hyper,False,8,8,10,10,1.0,0.0,8.5,0.8500000000000001,10,6.044444444444444,0.23299189513393626,0.2909090909090909,0.15454545454545454,0.8454545454545455,3,0.062015876729997525,-3.0,-1.0,10,65.96858870967742,-14.091975806451622,0.8018994885861499,1.854449001201079,6.08
2gux_A,2gux,mainly_beta,124,55,-2,mpnn_hyper,hyper,False,-8,-12,10,10,1.0,0.0,9.0,0.9,10,8.644444444444444,0.3259825504484646,0.4,0.16363636363636364,0.8363636363636363,3,0.02806999132879872,-1.0,-1.0,10,75.95088709677418,-4.1096774193548455,0.7858629137058033,2.0187012607405577,6.7
2gux_A,2gux,mainly_beta,124,55,-2,mpnn_hyper,hyper,False,-16,-22,10,10,1.0,0.0,18.0,0.9,10,18.31111111111111,0.7095681777460947,0.7636363636363637,0.32727272727272727,0.6727272727272727,3,0.0342528935211167,0.0,-1.0,10,76.15104838709678,-3.909516129032255,0.7878695886266995,1.998954920444297,14.45
2gux_A,2gux,mainly_beta,124,55,-2,mpnn_hyper,hyper,False,-24,-32,10,10,1.0,0.0,26.5,0.8833333333333333,10,23.822222222222223,0.9186720904864751,0.8545454545454545,0.4818181818181818,0.5181818181818181,0,,,,10,73.79798387096773,-6.262580645161314,0.7844933087458701,1.9877055690721321,26.4
2gux_A,2gux,mainly_beta,124,55,-2,mpnn_hyper,hyper,False,-4,-7,10,10,1.0,0.0,5.0,1.0,10,5.133333333333334,0.19189487889006762,0.2545454545454545,0.09090909090909091,0.9090909090909091,0,,,,10,78.96826612903226,-1.0922983870967684,0.781890680487026,1.708523576140645,4.52
2gux_A,2gux,mainly_beta,124,55,-2,mpnn_soluble,soluble,False,16,18,10,10,1.0,0.0,18.5,0.925,10,12.311111111111112,0.46918351250537005,0.6,0.33636363636363636,0.6636363636363636,3,0.07968658562063112,-1.0,0.0,10,67.89927419354838,-12.161290322580655,0.800449962771618,2.032448376789609,13.71
2gux_A,2gux,mainly_beta,124,55,-2,mpnn_soluble,soluble,False,24,28,10,10,1.0,0.0,27.0,0.9,10,13.866666666666667,0.5283317257630609,0.6909090909090909,0.4909090909090909,0.509090909090909,0,,,,10,68.9375,-11.123064516129027,0.7949319796630991,2.1322056869701895,23.22
2gux_A,2gux,mainly_beta,124,55,-2,mpnn_soluble,soluble,False,4,3,10,10,1.0,0.0,5.0,1.0,10,7.2444444444444445,0.27888711065244143,0.2909090909090909,0.09090909090909091,0.9090909090909091,0,,,,10,77.1324193548387,-2.928145161290324,0.7789289907282033,1.8109365637780024,5.79
2gux_A,2gux,mainly_beta,124,55,-2,mpnn_soluble,soluble,False,8,8,10,10,1.0,0.0,10.0,1.0,10,9.88888888888889,0.37324579947592157,0.4727272727272727,0.18181818181818182,0.8181818181818182,3,0.07356727582879788,0.0,2.0,10,64.98995967741934,-15.070604838709698,0.7998944826369199,1.8559231683482067,8.94
2gux_A,2gux,mainly_beta,124,55,-2,mpnn_soluble,soluble,False,-8,-12,10,10,1.0,0.0,9.0,0.9,10,10.822222222222223,0.3949917902648789,0.41818181818181815,0.16363636363636364,0.8363636363636363,3,0.0011984331512978439,-2.0,-1.0,10,78.00854838709678,-2.0520161290322534,0.7819685529738174,2.0967451459638857,8.03
2gux_A,2gux,mainly_beta,124,55,-2,mpnn_soluble,soluble,False,-16,-22,10,10,1.0,0.0,17.0,0.85,10,12.244444444444444,0.4542064055840653,0.5272727272727272,0.3090909090909091,0.6909090909090909,3,0.06629864761662972,-1.0,0.0,10,78.84604838709674,-1.2145161290322903,0.7847780838497156,2.1164578336009985,12.7
2gux_A,2gux,mainly_beta,124,55,-2,mpnn_soluble,soluble,False,-24,-32,10,10,1.0,0.0,26.0,0.8666666666666667,10,11.2,0.4045958605929241,0.6363636363636364,0.4727272727272727,0.5272727272727272,0,,,,10,75.62681451612904,-4.433749999999989,0.7826726332270897,2.0123601984418835,15.88
2gux_A,2gux,mainly_beta,124,55,-2,mpnn_soluble,soluble,False,-4,-7,10,10,1.0,0.0,5.0,1.0,10,6.555555555555555,0.23721495694599784,0.2909090909090909,0.09090909090909091,0.9090909090909091,0,,,,10,80.06633064516132,0.0057661290322741365,0.7797101704040499,1.8737651516379419,5.41
2gux_A,2gux,mainly_beta,124,55,-2,mpnn_vanilla_weights,original,False,16,18,10,10,1.0,0.0,18.0,0.9,10,14.955555555555556,0.5816022763000389,0.6909090909090909,0.32727272727272727,0.6727272727272727,3,0.12286780514381464,1.0,2.0,10,70.9814112903226,-9.079153225806436,0.7945807035099295,2.082129404708564,14.31
2gux_A,2gux,mainly_beta,124,55,-2,mpnn_vanilla_weights,original,False,24,28,10,10,1.0,0.0,26.0,0.8666666666666667,10,18.77777777777778,0.7169427128198543,0.7090909090909091,0.4727272727272727,0.5272727272727272,0,,,,10,71.78306451612903,-8.277499999999996,0.7832363042936217,1.8964119746350434,18.97
2gux_A,2gux,mainly_beta,124,55,-2,mpnn_vanilla_weights,original,False,4,3,10,10,1.0,0.0,4.0,0.8,10,3.8,0.14412169388572388,0.16363636363636364,0.07272727272727272,0.9272727272727272,0,,,,10,79.58411290322582,-0.4764516129032259,0.7838907171865266,2.017691342217465,7.02
2gux_A,2gux,mainly_beta,124,55,-2,mpnn_vanilla_weights,original,False,8,8,10,10,1.0,0.0,9.0,0.9,10,5.133333333333334,0.19528983857302482,0.32727272727272727,0.16363636363636364,0.8363636363636363,3,0.1254367399913567,-2.0,0.0,10,69.27596774193547,-10.78459677419356,0.7939411021713627,1.8240224691347677,8.43
2gux_A,2gux,mainly_beta,124,55,-2,mpnn_vanilla_weights,original,False,-8,-12,10,10,1.0,0.0,9.0,0.9,10,5.377777777777778,0.20987228152510776,0.2909090909090909,0.16363636363636364,0.8363636363636363,3,0.0013951681027170862,-2.0,-1.0,10,76.01298387096776,-4.047580645161283,0.7874520194094388,2.008453433721907,8.12
2gux_A,2gux,mainly_beta,124,55,-2,mpnn_vanilla_weights,original,False,-16,-22,10,10,1.0,0.0,17.0,0.85,10,14.088888888888889,0.5400723044747144,0.6727272727272727,0.3090909090909091,0.6909090909090909,3,0.013940905627649616,-1.0,-2.0,10,70.14536290322582,-9.915201612903218,0.786008439993897,2.0103808529969522,14.3
2gux_A,2gux,mainly_beta,124,55,-2,mpnn_vanilla_weights,original,False,-24,-32,10,10,1.0,0.0,26.5,0.8833333333333333,10,17.066666666666666,0.6548682776886959,0.7636363636363637,0.4818181818181818,0.5181818181818181,0,,,,10,65.9800806451613,-14.08048387096774,0.8012657172044089,1.7293130916177581,21.7
2gux_A,2gux,mainly_beta,124,55,-2,mpnn_vanilla_weights,original,False,-4,-7,10,10,1.0,0.0,5.0,1.0,10,4.8,0.17583730546103288,0.23636363636363636,0.09090909090909091,0.9090909090909091,0,,,,10,79.72455645161288,-0.3360080645161503,0.779140448546388,1.727158375563251,7.32
2gux_A,2gux,mainly_beta,124,55,-2,random_control,,,16,18,10,10,1.0,0.0,17.0,0.85,10,25.31111111111111,0.9913821105599073,0.9090909090909091,0.3090909090909091,0.6909090909090909,3,0.14269422187978048,-1.0,0.0,10,76.49116935483873,-3.569395161290302,0.7831286066966725,2.0211451020394993,0.0004
2gux_A,2gux,mainly_beta,124,55,-2,random_control,,,24,28,10,10,1.0,0.0,27.0,0.9,10,31.22222222222222,1.2114749826201625,0.9090909090909091,0.4909090909090909,0.509090909090909,0,,,,10,70.1800806451613,-9.88048387096773,0.7790316045455226,1.9197674405715266,0.0004
2gux_A,2gux,mainly_beta,124,55,-2,random_control,,,4,3,10,10,1.0,0.0,4.5,0.9,10,8.244444444444444,0.34655473865214464,0.5454545454545454,0.08181818181818182,0.9181818181818182,0,,,,10,77.8525806451613,-2.2079838709677375,0.7811984676104108,1.791287016525995,0.0003
2gux_A,2gux,mainly_beta,124,55,-2,random_control,,,8,8,10,10,1.0,0.0,9.0,0.9,10,15.577777777777778,0.6235297772848164,0.7636363636363637,0.16363636363636364,0.8363636363636363,3,0.042767454312611114,0.0,-1.0,10,71.93354838709675,-8.127016129032278,0.7891435385052405,1.8841873501637227,0.0004
2gux_A,2gux,mainly_beta,124,55,-2,random_control,,,-8,-12,10,10,1.0,0.0,9.0,0.9,10,15.422222222222222,0.6191098746777378,0.7454545454545455,0.16363636363636364,0.8363636363636363,3,0.06061437373103542,2.0,-1.0,10,75.49209677419356,-4.568467741935478,0.7855121204522033,1.8795465284250468,0.0004
2gux_A,2gux,mainly_beta,124,55,-2,random_control,,,-16,-22,10,10,1.0,0.0,18.5,0.925,10,27.11111111111111,1.0657736620979112,0.8727272727272727,0.33636363636363636,0.6636363636363636,3,0.08998869836477935,-1.0,0.0,10,70.11955645161291,-9.941008064516126,0.7870289019204895,2.2567433135879646,0.0004
2gux_A,2gux,mainly_beta,124,55,-2,random_control,,,-24,-32,10,10,1.0,0.0,27.0,0.9,10,31.822222222222223,1.237704092061045,0.8727272727272727,0.4909090909090909,0.509090909090909,0,,,,10,69.49229838709678,-10.568266129032253,0.7904241336398075,1.9197595090793902,0.0005
2gux_A,2gux,mainly_beta,124,55,-2,random_control,,,-4,-7,10,10,1.0,0.0,4.5,0.9,10,8.088888888888889,0.33336026807874203,0.509090909090909,0.08181818181818182,0.9181818181818182,0,,,,10,78.65987903225809,-1.4006854838709444,0.7826666434521697,1.8053076080394355,0.0003
2gux_A,2gux,mainly_beta,124,55,-2,rosetta,,True,16,18,10,0,0.0,1.0,18.0,0.8571428571428571,9,5.933333333333334,0.20809094838281125,0.4,0.32727272727272727,0.6727272727272727,3,0.029541959700240233,4.0,-1.0,10,71.4936290322581,-8.566935483870942,0.7936050468188454,2.0841778990721895,187.93
2gux_A,2gux,mainly_beta,124,55,-2,rosetta,,True,24,28,10,0,0.0,3.6,22.5,0.8518518518518519,10,5.288888888888889,0.19338046999147754,0.4727272727272727,0.40909090909090906,0.5909090909090908,0,,,,10,71.00850806451615,-9.052056451612884,0.7881853832421426,2.2880303029766162,216.77
2gux_A,2gux,mainly_beta,124,55,-2,rosetta,,True,4,3,10,1,0.1,0.9,5.0,0.8333333333333334,6,2.111111111111111,0.08604378665525687,0.12727272727272726,0.09090909090909091,0.9090909090909091,0,,,,10,76.3942741935484,-3.666290322580636,0.7848153282925425,2.171489996955014,250.1
2gux_A,2gux,mainly_beta,124,55,-2,rosetta,,True,8,8,10,2,0.2,0.9,8.0,0.788888888888889,6,3.511111111111111,0.12158250690643786,0.2,0.14545454545454545,0.8545454545454545,3,0.030412635395447387,3.0,-1.0,10,80.55592741935482,0.49536290322577514,0.7836450512224391,2.298943328087053,375.38
2gux_A,2gux,mainly_beta,124,55,-2,rosetta,,True,-8,-12,10,6,0.6,0.4,9.0,0.9,2,0.5333333333333333,0.017653647171903066,0.16363636363636364,0.16363636363636364,0.8363636363636363,3,-0.09720614859545017,4.0,-1.0,10,78.85907258064516,-1.2014919354838725,0.7857109815200428,2.160239623961137,165.58
2gux_A,2gux,mainly_beta,124,55,-2,rosetta,,True,-16,-22,10,0,0.0,2.3,15.0,0.8421052631578947,4,1.2,0.04220431067772078,0.2909090909090909,0.2727272727272727,0.7272727272727273,3,-0.10177069781680588,5.0,-1.0,10,79.18092741935484,-0.8796370967741822,0.7818747686981647,1.8035477917732048,128.07
2gux_A,2gux,mainly_beta,124,55,-2,rosetta,,True,-24,-32,10,0,0.0,12.3,15.0,0.8625,9,2.311111111111111,0.08203928683184157,0.3090909090909091,0.2727272727272727,0.7272727272727273,0,,,,10,78.2666129032258,-1.7939516129032285,0.7817569790098651,1.9956074761490228,111.18
2gux_A,2gux,mainly_beta,124,55,-2,rosetta,,True,-4,-7,10,0,0.0,1.0,3.0,0.75,1,0.0,0.0,0.05454545454545454,0.05454545454545454,0.9454545454545454,0,,,,10,78.88653225806453,-1.1740322580644929,0.7805538689652359,2.235807565330596,113.56
2i7r_A,2i7r,alpha_beta,112,59,-8,avnapsa,,,8,1,10,0,0.0,1.0,6.0,0.6,1,0.0,0.0,0.1016949152542373,0.1016949152542373,0.8983050847457628,3,0.002264031864280623,-1.0,0.0,10,72.72352678571428,-0.3944196428571587,0.8889684951276975,1.4404159954598899,62.99
2i7r_A,2i7r,alpha_beta,112,59,-8,avnapsa,,,16,10,10,10,1.0,0.0,12.0,0.6666666666666666,1,0.0,0.0,0.2033898305084746,0.2033898305084746,0.7966101694915254,3,-0.0028271075043494625,-5.0,1.0,10,72.65687500000001,-0.46107142857142946,0.8867797327846697,1.478227560241384,64.34
2i7r_A,2i7r,alpha_beta,112,59,-8,avnapsa,,,24,19,10,0,0.0,1.0,19.0,0.6785714285714286,1,0.0,0.0,0.3220338983050847,0.3220338983050847,0.6779661016949152,0,,,,10,73.85772321428573,0.7397767857142838,0.4661950433078283,2.455009339778618,62.02
2i7r_A,2i7r,alpha_beta,112,59,-8,avnapsa,,,-4,-12,10,10,1.0,0.0,3.0,0.75,1,0.0,0.0,0.05084745762711865,0.05084745762711865,0.9491525423728814,0,,,,10,71.30540178571428,-1.8125446428571692,0.9025479295385952,1.3406103057206198,61.83
2i7r_A,2i7r,alpha_beta,112,59,-8,avnapsa,,,-8,-17,10,10,1.0,0.0,7.0,0.7777777777777778,1,0.0,0.0,0.11864406779661017,0.11864406779661017,0.8813559322033898,3,0.03495402183107643,-2.0,0.0,10,71.45013392857142,-1.667812500000025,0.8986574171102428,1.511472736600508,61.41
2i7r_A,2i7r,alpha_beta,112,59,-8,avnapsa,,,-16,-26,10,0,0.0,1.0,14.0,0.7368421052631579,1,0.0,0.0,0.22033898305084745,0.22033898305084745,0.7796610169491526,3,0.15600503208583913,-7.0,1.0,10,68.31562499999998,-4.80232142857146,0.4614557874922604,2.49151943382575,61.62
2i7r_A,2i7r,alpha_beta,112,59,-8,avnapsa,,,-24,-35,10,0,0.0,1.0,21.0,0.75,1,0.0,0.0,0.288135593220339,0.288135593220339,0.711864406779661,0,,,,10,64.03401785714284,-9.0839285714286,0.4680721915716688,2.7006017605932304,60.46
2i7r_A,2i7r,alpha_beta,112,59,-8,avnapsa,,,4,-4,10,0,0.0,1.0,3.0,0.6,1,0.0,0.0,0.05084745762711865,0.05084745762711865,0.9491525423728814,0,,,,10,73.3522767857143,0.2343303571428521,0.8855530630872932,1.5371830463451457,62.33
2i7r_A,2i7r,alpha_beta,112,59,-8,mpnn_halo,halo,False,8,1,10,10,1.0,0.0,8.0,0.8888888888888888,9,5.844444444444444,0.19870332227118184,0.3220338983050847,0.13559322033898305,0.864406779661017,3,0.07588931118702849,-1.0,0.0,10,74.75982142857143,1.6418749999999918,0.8841961132196225,1.5492284854348688,13.06
2i7r_A,2i7r,alpha_beta,112,59,-8,mpnn_halo,halo,False,16,10,10,10,1.0,0.0,16.0,0.8888888888888888,10,5.666666666666667,0.1924064426965419,0.423728813559322,0.2711864406779661,0.7288135593220338,3,0.11199432668387997,1.0,1.0,10,72.01785714285714,-1.1000892857143114,0.674411948612598,2.029287310716572,23.99
2i7r_A,2i7r,alpha_beta,112,59,-8,mpnn_halo,halo,False,24,19,10,10,1.0,0.0,22.5,0.8333333333333333,10,7.466666666666667,0.2618969028053247,0.4915254237288136,0.3813559322033898,0.6186440677966102,0,,,,10,72.19026785714289,-0.9276785714285651,0.8759406685892823,1.813952190347342,35.16
2i7r_A,2i7r,alpha_beta,112,59,-8,mpnn_halo,halo,False,-4,-12,10,10,1.0,0.0,4.0,1.0,5,1.3777777777777778,0.047358350552452515,0.1016949152542373,0.06779661016949153,0.9322033898305084,0,,,,10,72.30647321428573,-0.8114732142857122,0.9167640232858025,1.4027193123240274,7.87
2i7r_A,2i7r,alpha_beta,112,59,-8,mpnn_halo,halo,False,-8,-17,10,10,1.0,0.0,8.0,0.8888888888888888,9,4.733333333333333,0.1617891294708002,0.2542372881355932,0.13559322033898305,0.864406779661017,3,0.007310306783255933,0.0,1.0,10,71.91026785714287,-1.2076785714285734,0.8820692350142572,1.8768549921677744,15.95
2i7r_A,2i7r,alpha_beta,112,59,-8,mpnn_halo,halo,False,-16,-26,10,10,1.0,0.0,16.0,0.8888888888888888,10,9.311111111111112,0.3259155075257918,0.4915254237288136,0.2711864406779661,0.7288135593220338,3,0.08913451542387005,-5.0,1.0,10,70.63004464285711,-2.4879017857143353,0.8740492450531294,1.763798857634913,25.94
2i7r_A,2i7r,alpha_beta,112,59,-8,mpnn_halo,halo,False,-24,-35,10,10,1.0,0.0,24.0,0.8888888888888888,10,14.177777777777777,0.5162458102596079,0.6271186440677966,0.4067796610169492,0.5932203389830508,0,,,,10,68.89455357142859,-4.223392857142855,0.8621022332253154,1.8961362077295045,30.21
2i7r_A,2i7r,alpha_beta,112,59,-8,mpnn_halo,halo,False,4,-4,10,10,1.0,0.0,4.0,1.0,10,3.6444444444444444,0.1279663971701648,0.2033898305084746,0.06779661016949153,0.9322033898305084,0,,,,10,74.46044642857143,1.3424999999999798,0.8929492314839369,1.5014412374565786,8.15
2i7r_A,2i7r,alpha_beta,112,59,-8,mpnn_hyper,hyper,False,8,1,10,10,1.0,0.0,7.5,0.8333333333333333,10,9.4,0.33060972701168073,0.3050847457627119,0.1271186440677966,0.8728813559322034,3,0.03538762799367997,-1.0,1.0,10,74.30044642857143,1.1824999999999832,0.8886774095543495,1.5252557049769502,5.71
2i7r_A,2i7r,alpha_beta,112,59,-8,mpnn_hyper,hyper,False,16,10,10,10,1.0,0.0,14.5,0.8055555555555556,10,8.71111111111111,0.31192053181853724,0.3559322033898305,0.2457627118644068,0.7542372881355932,3,0.020355382665876727,-1.0,0.0,10,74.65754464285715,1.5395982142857108,0.8856992103250755,1.485457727756552,8.78
2i7r_A,2i7r,alpha_beta,112,59,-8,mpnn_hyper,hyper,False,24,19,10,10,1.0,0.0,21.0,0.7777777777777778,10,9.11111111111111,0.31371856962313177,0.4745762711864407,0.3559322033898305,0.6440677966101694,0,,,,10,74.43415178571428,1.3162053571428345,0.8808734110066657,1.4265766544133016,18.09
2i7r_A,2i7r,alpha_beta,112,59,-8,mpnn_hyper,hyper,False,-4,-12,10,10,1.0,0.0,4.0,1.0,9,3.511111111111111,0.12217387219002325,0.15254237288135594,0.06779661016949153,0.9322033898305084,0,,,,10,72.8255357142857,-0.2924107142857437,0.465645532811061,2.3761513324587478,3.64
2i7r_A,2i7r,alpha_beta,112,59,-8,mpnn_hyper,hyper,False,-8,-17,10,10,1.0,0.0,8.0,0.8888888888888888,10,4.466666666666667,0.1467881347948599,0.22033898305084745,0.13559322033898305,0.864406779661017,3,0.05313559206452772,-3.0,0.0,10,70.79866071428569,-2.3192857142857477,0.871802851356482,1.929273276760385,5.7
2i7r_A,2i7r,alpha_beta,112,59,-8,mpnn_hyper,hyper,False,-16,-26,10,10,1.0,0.0,16.0,0.8888888888888888,10,9.266666666666667,0.3391764595509615,0.5084745762711864,0.2711864406779661,0.7288135593220338,3,0.08991319205154776,-4.0,1.0,10,68.67433035714286,-4.443616071428579,0.8448155078924244,2.062933688758376,12.2
2i7r_A,2i7r,alpha_beta,112,59,-8,mpnn_hyper,hyper,False,-24,-35,10,10,1.0,0.0,24.5,0.9074074074074074,10,20.177777777777777,0.7167812808093094,0.7796610169491526,0.4152542372881356,0.5847457627118644,0,,,,10,68.01316964285712,-5.104776785714321,0.8396594819091773,2.0220608797756716,16.99
2i7r_A,2i7r,alpha_beta,112,59,-8,mpnn_hyper,hyper,False,4,-4,10,10,1.0,0.0,3.0,0.75,10,5.444444444444445,0.1956541494099209,0.2711864406779661,0.05084745762711865,0.9491525423728814,0,,,,10,73.66888392857143,0.5509374999999892,0.8853395087963416,1.5080578291500748,3.53
2i7r_A,2i7r,alpha_beta,112,33,-8,mpnn_soluble_hbond_protected,soluble,True,8,1,10,10,1.0,0.0,8.0,0.8888888888888888,10,8.466666666666667,0.5407047747072015,0.5757575757575758,0.24242424242424243,0.7575757575757576,3,0.007125029374502593,1.0,0.0,10,72.4041517857143,-0.7137946428571382,0.8683397538930233,1.8491986020753384,5.34
2i7r_A,2i7r,alpha_beta,112,33,-8,mpnn_soluble_hbond_protected,soluble,True,16,10,10,10,1.0,0.0,15.0,0.8333333333333334,10,10.4,0.656051380411326,0.7575757575757576,0.45454545454545453,0.5454545454545454,3,0.01735337953495884,5.0,0.0,10,70.78767857142857,-2.3302678571428714,0.8403014917270535,1.9371560127230154,8.69
2i7r_A,2i7r,alpha_beta,112,33,-8,mpnn_soluble_hbond_protected,soluble,True,24,19,10,10,1.0,0.0,21.0,0.7777777777777778,10,10.688888888888888,0.6778095044463742,0.8181818181818182,0.6363636363636364,0.36363636363636365,0,,,,10,69.33964285714288,-3.778303571428566,0.8329790790525615,2.099354110642535,11.06
2i7r_A,2i7r,alpha_beta,112,33,-8,mpnn_soluble_hbond_protected,soluble,True,-4,-12,10,10,1.0,0.0,4.0,1.0,9,5.266666666666667,0.31926807539491187,0.42424242424242425,0.12121212121212122,0.8787878787878788,0,,,,10,72.83450892857144,-0.2834375000000051,0.882961692228362,1.4563743711538413,3.62
2i7r_A,2i7r,alpha_beta,112,33,-8,mpnn_soluble_hbond_protected,soluble,True,-8,-17,10,10,1.0,0.0,8.0,0.8888888888888888,9,5.022222222222222,0.2945432003279357,0.36363636363636365,0.24242424242424243,0.7575757575757576,3,-0.01404082326859779,1.0,0.0,10,72.40933035714286,-0.7086160714285796,0.8575153019612505,2.0336020687392735,4.98
2i7r_A,2i7r,alpha_beta,112,33,-8,mpnn_soluble_hbond_protected,soluble,True,-16,-26,10,10,1.0,0.0,16.5,0.9166666666666666,9,5.111111111111111,0.31556496960238983,0.6363636363636364,0.5,0.5,3,0.06635089114450109,-2.0,0.0,10,69.0299107142857,-4.088035714285738,0.8254303045759631,2.124585031773104,6.8
2i7r_A,2i7r,alpha_beta,112,33,-8,mpnn_soluble_hbond_protected,soluble,True,-24,-35,10,10,1.0,0.0,25.0,0.9259259259259259,10,7.955555555555556,0.48883390113390396,0.7878787878787878,0.7575757575757576,0.24242424242424243,0,,,,10,68.96419642857143,-4.1537500000000165,0.783592095218878,2.4113503645519065,14.08
2i7r_A,2i7r,alpha_beta,112,33,-8,mpnn_soluble_hbond_protected,soluble,True,4,-4,10,10,1.0,0.0,4.0,1.0,10,5.044444444444444,0.32149827548378396,0.36363636363636365,0.12121212121212122,0.8787878787878788,0,,,,10,72.66839285714286,-0.44955357142858077,0.871147399088944,1.6873309924901365,4.1
2i7r_A,2i7r,alpha_beta,112,59,-8,mpnn_soluble,soluble,False,8,1,10,10,1.0,0.0,8.0,0.8888888888888888,10,7.6,0.2686602010446706,0.3559322033898305,0.13559322033898305,0.864406779661017,3,0.04744669092543928,-1.0,0.0,10,74.19879464285714,1.0808482142856874,0.8892956638047622,1.6004379114447183,8.16
2i7r_A,2i7r,alpha_beta,112,59,-8,mpnn_soluble,soluble,False,16,10,10,10,1.0,0.0,16.5,0.9166666666666666,10,11.244444444444444,0.4039176750355516,0.5254237288135594,0.2796610169491526,0.7203389830508474,3,-0.05807156810731432,1.0,1.0,10,71.18374999999999,-1.934196428571454,0.8398947333309394,2.0008488711178147,13.28
2i7r_A,2i7r,alpha_beta,112,59,-8,mpnn_soluble,soluble,False,24,19,10,10,1.0,0.0,24.0,0.8888888888888888,10,13.755555555555556,0.4833497891365895,0.576271186440678,0.4067796610169492,0.5932203389830508,0,,,,10,69.99138392857142,-3.126562500000013,0.8288571748886879,2.0525925103051135,17.38
2i7r_A,2i7r,alpha_beta,112,59,-8,mpnn_soluble,soluble,False,-4,-12,10,10,1.0,0.0,4.0,1.0,10,6.4222222222222225,0.22404548240630814,0.3220338983050847,0.06779661016949153,0.9322033898305084,0,,,,10,72.54741071428569,-0.5705357142857537,0.8941177812567527,1.4536627728075089,4.66
2i7r_A,2i7r,alpha_beta,112,59,-8,mpnn_soluble,soluble,False,-8,-17,10,10,1.0,0.0,8.0,0.8888888888888888,10,9.666666666666666,0.3153257900471412,0.3559322033898305,0.13559322033898305,0.864406779661017,3,0.04018040453918711,-1.0,0.0,10,72.05357142857144,-1.0643749999999912,0.8825427582657253,1.6235988219750834,7.19
2i7r_A,2i7r,alpha_beta,112,59,-8,mpnn_soluble,soluble,False,-16,-26,10,10,1.0,0.0,16.0,0.8888888888888888,10,7.666666666666667,0.2596280560668013,0.423728813559322,0.2711864406779661,0.7288135593220338,3,0.021620074901664715,-1.0,1.0,10,70.80357142857144,-2.3143750000000054,0.8763646154930125,1.7235180532846193,11.3
2i7r_A,2i7r,alpha_beta,112,59,-8,mpnn_soluble,soluble,False,-24,-35,10,10,1.0,0.0,24.0,0.8888888888888888,10,7.333333333333333,0.25676265865712167,0.576271186440678,0.4067796610169492,0.5932203389830508,0,,,,10,68.53714285714284,-4.580803571428611,0.849124371116164,2.0089912317932206,14.32
2i7r_A,2i7r,alpha_beta,112,59,-8,mpnn_soluble,soluble,False,4,-4,10,10,1.0,0.0,4.0,1.0,10,5.311111111111111,0.1863001199875425,0.23728813559322035,0.06779661016949153,0.9322033898305084,0,,,,10,74.12830357142857,1.0103571428571243,0.8883010822374644,1.5012427878599366,4.78
2i7r_A,2i7r,alpha_beta,112,59,-8,mpnn_vanilla_weights,original,False,8,1,10,10,1.0,0.0,8.0,0.8888888888888888,10,8.488888888888889,0.29991665165552805,0.3728813559322034,0.13559322033898305,0.864406779661017,3,0.033243801993826594,-2.0,0.0,10,70.94526785714285,-2.172678571428584,0.8691944480020295,1.7133272241124062,8.37
2i7r_A,2i7r,alpha_beta,112,59,-8,mpnn_vanilla_weights,original,False,16,10,10,10,1.0,0.0,15.0,0.8333333333333334,10,11.066666666666666,0.4033655426327726,0.5254237288135594,0.2542372881355932,0.7457627118644068,3,0.08060152087678014,1.0,1.0,10,69.08763392857145,-4.030312500000001,0.8656587765715973,1.6979438041670165,12.73
2i7r_A,2i7r,alpha_beta,112,59,-8,mpnn_vanilla_weights,original,False,24,19,10,10,1.0,0.0,22.0,0.8148148148148148,10,13.88888888888889,0.5002650205513379,0.6440677966101694,0.3728813559322034,0.6271186440677966,0,,,,10,70.98924107142858,-2.12870535714287,0.8555645952362334,1.7550355255737435,17.95
2i7r_A,2i7r,alpha_beta,112,59,-8,mpnn_vanilla_weights,original,False,-4,-12,10,10,1.0,0.0,3.5,0.875,10,3.511111111111111,0.12704915762691768,0.1694915254237288,0.059322033898305086,0.9406779661016949,0,,,,10,72.75031250000002,-0.3676339285714221,0.8965343252475413,1.462915888234996,4.7
2i7r_A,2i7r,alpha_beta,112,59,-8,mpnn_vanilla_weights,original,False,-8,-17,10,10,1.0,0.0,7.0,0.7777777777777778,10,6.022222222222222,0.2121442242920658,0.2711864406779661,0.11864406779661017,0.8813559322033898,3,0.06705937886270316,-3.0,0.0,10,71.69151785714286,-1.4264285714285805,0.8937140936711714,1.612459583182829,14.91
2i7r_A,2i7r,alpha_beta,112,59,-8,mpnn_vanilla_weights,original,False,-16,-26,10,10,1.0,0.0,15.0,0.8333333333333334,10,9.333333333333334,0.3353975383247282,0.5084745762711864,0.2542372881355932,0.7457627118644068,3,0.06451349142772907,-3.0,1.0,10,67.70352678571427,-5.414419642857162,0.8610377800590003,2.1452816893654285,12.63
2i7r_A,2i7r,alpha_beta,112,59,-8,mpnn_vanilla_weights,original,False,-24,-35,10,10,1.0,0.0,23.5,0.8703703703703703,10,16.333333333333332,0.5900839472899506,0.6949152542372882,0.39830508474576276,0.6016949152542372,0,,,,10,67.61183035714286,-5.506116071428579,0.8421027864497794,2.1710060568730016,16.44
2i7r_A,2i7r,alpha_beta,112,59,-8,mpnn_vanilla_weights,original,False,4,-4,10,10,1.0,0.0,4.0,1.0,10,5.266666666666667,0.1838737217337943,0.23728813559322035,0.06779661016949153,0.9322033898305084,0,,,,10,71.45446428571424,-1.6634821428572053,0.8851965933991939,1.5394251181715297,5.22
2i7r_A,2i7r,alpha_beta,112,59,-8,random_control,,,8,1,10,10,1.0,0.0,7.0,0.7777777777777778,10,13.622222222222222,0.5192524868558179,0.7457627118644068,0.11864406779661017,0.8813559322033898,3,0.058325211073541335,-1.0,1.0,10,70.58017857142858,-2.5377678571428675,0.8588064784507706,1.8127596954930958,0.0003
2i7r_A,2i7r,alpha_beta,112,59,-8,random_control,,,16,10,10,10,1.0,0.0,15.0,0.8333333333333334,10,23.6,0.8714666244595856,0.8983050847457628,0.2542372881355932,0.7457627118644068,3,0.13130894572635096,1.0,1.0,10,71.90227678571429,-1.2156696428571507,0.8738723183557756,1.641386247139741,0.0004
2i7r_A,2i7r,alpha_beta,112,59,-8,random_control,,,24,19,10,10,1.0,0.0,22.0,0.8148148148148148,10,31.377777777777776,1.1473411391913808,0.9322033898305084,0.3728813559322034,0.6271186440677966,0,,,,10,69.5075892857143,-3.61035714285714,0.8406632874776871,2.0086632960590998,0.0004
2i7r_A,2i7r,alpha_beta,112,59,-8,random_control,,,-4,-12,10,10,1.0,0.0,4.0,1.0,10,7.066666666666666,0.2725979790877207,0.423728813559322,0.06779661016949153,0.9322033898305084,0,,,,10,72.13754464285714,-0.9804017857143066,0.893028885690489,1.5478906402020969,0.0003
2i7r_A,2i7r,alpha_beta,112,59,-8,random_control,,,-8,-17,10,10,1.0,0.0,9.0,1.0,10,14.311111111111112,0.5365674954753783,0.6271186440677966,0.15254237288135594,0.847457627118644,3,0.1168447912114112,-4.0,0.0,10,70.52575892857143,-2.5921875000000085,0.8879858375323675,1.5912304201201017,0.0004
2i7r_A,2i7r,alpha_beta,112,59,-8,random_control,,,-16,-26,10,10,1.0,0.0,16.5,0.9166666666666666,10,25.377777777777776,0.9154017881892945,0.7796610169491526,0.2796610169491526,0.7203389830508474,3,0.2686301534708032,-5.0,1.0,10,67.25660714285715,-5.861339285714301,0.8649134359284834,1.7916961150804003,0.0004
2i7r_A,2i7r,alpha_beta,112,59,-8,random_control,,,-24,-35,10,10,1.0,0.0,25.0,0.9259259259259259,10,29.57777777777778,1.0708845716740218,0.7796610169491526,0.423728813559322,0.576271186440678,0,,,,10,66.16379464285713,-6.954151785714316,0.853157230554279,2.0914734119381104,0.0005
2i7r_A,2i7r,alpha_beta,112,59,-8,random_control,,,4,-4,10,10,1.0,0.0,3.0,0.75,10,6.2,0.2425674651035558,0.4406779661016949,0.05084745762711865,0.9491525423728814,0,,,,10,73.42638392857143,0.3084374999999753,0.8818325278225903,1.6264955102734144,0.0003
2i7r_A,2i7r,alpha_beta,112,59,-8,rosetta_hbond_off,,False,8,1,10,3,0.3,0.7,8.0,0.8,9,4.7555555555555555,0.1559963246954493,0.2033898305084746,0.13559322033898305,0.864406779661017,3,-0.05489954249760588,-2.0,1.0,10,72.805,-0.3129464285714292,0.6782184179350482,2.1293379843023383,464.89
2i7r_A,2i7r,alpha_beta,112,59,-8,rosetta_hbond_off,,False,16,10,10,7,0.7,0.3,14.0,0.7777777777777778,4,0.7555555555555555,0.028134225119761436,0.2542372881355932,0.23728813559322035,0.7627118644067796,3,-0.0794456173526749,-1.0,1.0,10,70.05330357142859,-3.0646428571428643,0.4667802493515628,2.5918594443055376,471.81
2i7r_A,2i7r,alpha_beta,112,59,-8,rosetta_hbond_off,,False,24,19,10,0,0.0,1.0,21.0,0.75,4,1.1555555555555554,0.04403238083465233,0.3728813559322034,0.3559322033898305,0.6440677966101694,0,,,,10,71.2320535714286,-1.8858928571428493,0.4688015507856078,2.648668983907694,637.94
2i7r_A,2i7r,alpha_beta,112,59,-8,rosetta_hbond_off,,False,-4,-12,10,0,0.0,1.0,3.0,1.0,2,0.4,0.01589815571489089,0.06779661016949153,0.05084745762711865,0.9491525423728814,0,,,,10,71.480625,-1.6373214285714468,0.908940203087486,1.2292212462403982,93.66
2i7r_A,2i7r,alpha_beta,112,59,-8,rosetta_hbond_off,,False,-8,-17,10,1,0.1,0.9,8.0,1.0,3,0.9555555555555556,0.03608330297720688,0.1864406779661017,0.13559322033898305,0.864406779661017,3,-0.0060315387704196356,-3.0,0.0,10,73.33531250000001,0.21736607142857167,0.912699694668377,1.2192222590936068,152.57
2i7r_A,2i7r,alpha_beta,112,59,-8,rosetta_hbond_off,,False,-16,-26,10,3,0.3,0.7,15.0,0.8823529411764706,6,1.8888888888888888,0.06388141150474816,0.3050847457627119,0.2542372881355932,0.7457627118644068,3,-0.003783660826011876,-5.0,0.0,10,68.99624999999999,-4.121696428571454,0.9080973136722865,1.281158606718983,149.73
2i7r_A,2i7r,alpha_beta,112,59,-8,rosetta_hbond_off,,False,-24,-35,10,0,0.0,6.4,17.0,0.85,4,1.6888888888888889,0.05800849289029338,0.3389830508474576,0.288135593220339,0.711864406779661,0,,,,10,68.96031249999999,-4.15763392857145,0.909860929581278,1.2181013184742033,149.92
2i7r_A,2i7r,alpha_beta,112,59,-8,rosetta_hbond_off,,False,4,-4,10,3,0.3,0.7,4.0,0.8,8,2.2444444444444445,0.08321783079865869,0.13559322033898305,0.06779661016949153,0.9322033898305084,0,,,,10,72.09933035714286,-1.018616071428589,0.8833601713958346,1.578653360368996,533.96
2i7r_A,2i7r,alpha_beta,112,59,-8,rosetta,,True,8,1,10,5,0.5,0.5,7.0,0.7777777777777778,9,4.355555555555555,0.1430714892624996,0.1864406779661017,0.11864406779661017,0.8813559322033898,3,0.012698764234377689,0.0,2.0,10,72.20776785714287,-0.910178571428574,0.47695228984650984,2.7024597892854607,271.63
2i7r_A,2i7r,alpha_beta,112,59,-8,rosetta,,True,16,10,10,2,0.2,0.8,13.0,0.7647058823529411,5,1.0222222222222221,0.035122281147581966,0.2542372881355932,0.22033898305084745,0.7796610169491526,3,-0.024131561209895125,1.0,1.0,10,69.925625,-3.1923214285714465,0.4740098298331159,2.4179436966954677,334.44
2i7r_A,2i7r,alpha_beta,112,59,-8,rosetta,,True,24,19,10,0,0.0,1.0,21.0,0.75,4,2.2888888888888888,0.0828629410037339,0.3898305084745763,0.3559322033898305,0.6440677966101694,0,,,,10,70.16714285714286,-2.9508035714285867,0.47207061894072355,2.3304983990188894,152.34
2i7r_A,2i7r,alpha_beta,112,59,-8,rosetta,,True,-4,-12,10,0,0.0,1.0,3.0,1.0,2,0.7111111111111111,0.024472138809741095,0.06779661016949153,0.05084745762711865,0.9491525423728814,0,,,,10,73.97401785714287,0.8560714285714255,0.897940804866248,1.3549086804422399,81.06
2i7r_A,2i7r,alpha_beta,112,59,-8,rosetta,,True,-8,-17,10,0,0.0,1.0,8.0,1.0,5,2.466666666666667,0.08400028755128831,0.1864406779661017,0.13559322033898305,0.864406779661017,3,-0.007234313501295934,-1.0,0.0,10,71.89584821428573,-1.2220982142857082,0.8992274922769954,1.3229324618010028,123.9
2i7r_A,2i7r,alpha_beta,112,59,-8,rosetta,,True,-16,-26,10,1,0.1,0.9,15.0,0.8823529411764706,4,1.8222222222222222,0.06484243333437306,0.288135593220339,0.2542372881355932,0.7457627118644068,3,-0.03211598140690697,-5.0,1.0,10,69.7038392857143,-3.414107142857148,0.9113203322780847,1.2805781407418215,111.0
2i7r_A,2i7r,alpha_beta,112,59,-8,rosetta,,True,-24,-35,10,0,0.0,9.7,15.0,0.8823529411764706,3,0.7555555555555555,0.028134225119761436,0.288135593220339,0.2542372881355932,0.7457627118644068,0,,,,10,69.78026785714286,-3.337678571428583,0.9105051316277198,1.2911993308271055,89.94
2i7r_A,2i7r,alpha_beta,112,59,-8,rosetta,,True,4,-4,10,0,0.0,1.0,4.0,0.8,5,2.0,0.0702609250727671,0.11864406779661017,0.06779661016949153,0.9322033898305084,0,,,,10,72.551875,-0.5660714285714405,0.465240444270701,2.8307256710564466,247.18
2rfr_A,2rfr,alpha_beta,152,80,-2,avnapsa,,,8,10,10,0,0.0,1.0,7.0,0.5384615384615384,1,0.0,0.0,0.0875,0.0875,0.9125,3,0.014416600301036385,-2.0,-1.0,10,89.20148026315792,-1.5851644736841521,0.9603795555160568,1.0611219672575014,101.8
2rfr_A,2rfr,alpha_beta,152,80,-2,avnapsa,,,16,22,10,0,0.0,1.0,14.0,0.56,1,0.0,0.0,0.175,0.175,0.825,3,0.04223439395555766,-7.0,0.0,10,90.45197368421056,-0.33467105263152064,0.9643426528160147,0.8429516170924582,104.55
2rfr_A,2rfr,alpha_beta,152,80,-2,avnapsa,,,24,34,10,0,0.0,1.0,20.0,0.5405405405405406,1,0.0,0.0,0.225,0.225,0.775,0,,,,10,91.67154605263154,0.8849013157894632,0.9544519023056857,0.998393098284039,107.63
2rfr_A,2rfr,alpha_beta,152,80,-2,avnapsa,,,4,4,10,0,0.0,1.0,4.0,0.5714285714285714,1,0.0,0.0,0.05,0.05,0.95,0,,,,10,89.84634868421055,-0.940296052631524,0.961801416424742,1.0642242983455417,101.54
2rfr_A,2rfr,alpha_beta,152,80,-2,avnapsa,,,-8,-14,10,0,0.0,1.0,8.0,0.6153846153846154,1,0.0,0.0,0.1,0.1,0.9,3,0.031272427632907135,-5.0,2.0,10,89.13457236842108,-1.6520723684210026,0.9609903807474776,1.0075147835891254,97.96
2rfr_A,2rfr,alpha_beta,152,80,-2,avnapsa,,,-16,-26,10,0,0.0,1.0,14.0,0.56,1,0.0,0.0,0.1625,0.1625,0.8375,3,0.09853680408925444,-11.0,-2.0,10,87.40023026315791,-3.3864144736841766,0.9568717558785655,1.0470856405735578,91.58
2rfr_A,2rfr,alpha_beta,152,80,-2,avnapsa,,,-24,-38,10,0,0.0,1.0,20.0,0.5405405405405406,1,0.0,0.0,0.2,0.2,0.8,0,,,,10,84.20292763157897,-6.583717105263098,0.9540142420660782,1.0678731040150482,82.93
2rfr_A,2rfr,alpha_beta,152,80,-2,avnapsa,,,-4,-8,10,10,1.0,0.0,4.0,0.6666666666666666,1,0.0,0.0,0.05,0.05,0.95,0,,,,10,88.29039473684213,-2.4962499999999537,0.9674413382989802,1.0525541529615636,100.09
2rfr_A,2rfr,alpha_beta,152,80,-2,mpnn_halo,halo,False,8,10,10,10,1.0,0.0,10.0,0.8333333333333334,10,10.755555555555556,0.2644474536495273,0.35,0.125,0.875,3,0.05386078299140033,4.0,-4.0,10,85.31427631578947,-5.4723684210526,0.9519765122673304,1.1519742292986415,18.56
2rfr_A,2rfr,alpha_beta,152,80,-2,mpnn_halo,halo,False,16,22,10,10,1.0,0.0,20.5,0.8541666666666667,10,7.822222222222222,0.20774835117157098,0.3875,0.25625,0.74375,3,0.07303049613178073,3.0,-2.0,10,84.56773026315787,-6.218914473684208,0.948725814097491,1.0334649012670096,31.91
2rfr_A,2rfr,alpha_beta,152,80,-2,mpnn_halo,halo,False,24,34,10,10,1.0,0.0,30.0,0.8333333333333334,10,8.644444444444444,0.21753275462101226,0.525,0.375,0.625,0,,,,10,85.93194078947371,-4.854703947368371,0.9521496051076918,1.0521428617613704,60.54
2rfr_A,2rfr,alpha_beta,152,80,-2,mpnn_halo,halo,False,4,4,10,10,1.0,0.0,5.0,0.8333333333333334,10,7.4,0.1805204976789993,0.2375,0.0625,0.9375,0,,,,10,89.50595394736843,-1.2806907894736526,0.9552418497983064,1.0810961181707548,11.63
2rfr_A,2rfr,alpha_beta,152,80,-2,mpnn_halo,halo,False,-8,-14,10,10,1.0,0.0,11.0,0.9166666666666666,10,4.777777777777778,0.12889158019402433,0.2125,0.1375,0.8625,3,-0.04418057823734687,6.0,-2.0,10,88.85802631578946,-1.9286184210526116,0.9603914899856344,1.0687983139364114,24.27
2rfr_A,2rfr,alpha_beta,152,80,-2,mpnn_halo,halo,False,-16,-26,10,10,1.0,0.0,21.0,0.875,10,13.266666666666667,0.3470872997330502,0.4875,0.2625,0.7375,3,-0.009348976180179585,4.0,-2.0,10,86.35282894736844,-4.433815789473648,0.9493009694877266,1.0649736125589788,39.83
2rfr_A,2rfr,alpha_beta,152,80,-2,mpnn_halo,halo,False,-24,-38,10,10,1.0,0.0,31.0,0.8611111111111112,10,25.77777777777778,0.6772998505898289,0.7125,0.3875,0.6125,0,,,,10,75.99180921052628,-14.794835526315794,0.9261959648166916,1.3560153877939178,50.36
2rfr_A,2rfr,alpha_beta,152,80,-2,mpnn_halo,halo,False,-4,-8,10,10,1.0,0.0,6.0,1.0,7,2.8222222222222224,0.07579717644257179,0.1125,0.075,0.925,0,,,,10,89.60036184210526,-1.186282894736813,0.9602547641801106,1.0515182181188953,12.33
2rfr_A,2rfr,alpha_beta,152,80,-2,mpnn_hyper,hyper,False,8,10,10,10,1.0,0.0,10.0,0.8333333333333334,10,12.777777777777779,0.32386744509705967,0.3125,0.125,0.875,3,0.0129297610471659,4.0,-1.0,10,88.34381578947367,-2.4428289473684117,0.9498077422291891,1.1635690452930911,8.64
2rfr_A,2rfr,alpha_beta,152,80,-2,mpnn_hyper,hyper,False,16,22,10,10,1.0,0.0,19.0,0.7916666666666666,10,13.2,0.34979377928444605,0.4,0.2375,0.7625,3,0.06160855382503995,4.0,-3.0,10,85.8795394736842,-4.907105263157874,0.9449512402842322,1.255017984867471,13.53
2rfr_A,2rfr,alpha_beta,152,80,-2,mpnn_hyper,hyper,False,24,34,10,10,1.0,0.0,28.0,0.7777777777777778,10,12.822222222222223,0.3278742710928337,0.45,0.35,0.65,0,,,,10,85.77996710526314,-5.006677631578938,0.948966763435388,1.109851941039704,17.19
2rfr_A,2rfr,alpha_beta,152,80,-2,mpnn_hyper,hyper,False,4,4,10,10,1.0,0.0,5.0,0.8333333333333334,10,8.2,0.21469582289220973,0.2875,0.0625,0.9375,0,,,,10,90.27526315789476,-0.5113815789473293,0.9572849642604557,1.0979596374478227,5.67
2rfr_A,2rfr,alpha_beta,152,80,-2,mpnn_hyper,hyper,False,-8,-14,10,10,1.0,0.0,12.0,1.0,7,2.466666666666667,0.06208731780416173,0.175,0.15,0.85,3,-0.06217762759820139,4.0,0.0,10,87.36759868421052,-3.4190460526315647,0.9697699261885154,1.0365464786300085,9.35
2rfr_A,2rfr,alpha_beta,152,80,-2,mpnn_hyper,hyper,False,-16,-26,10,10,1.0,0.0,20.5,0.8541666666666667,10,15.444444444444445,0.4143743038880312,0.6,0.25625,0.74375,3,0.005536003755171305,0.0,-2.0,10,85.04621710526317,-5.7404276315789176,0.9481564259162603,1.1138488586381903,20.22
2rfr_A,2rfr,alpha_beta,152,80,-2,mpnn_hyper,hyper,False,-24,-38,10,10,1.0,0.0,31.0,0.8611111111111112,10,25.31111111111111,0.6743187610895216,0.725,0.3875,0.6125,0,,,,10,77.65842105263158,-13.12822368421049,0.9258338204635679,1.4870641999018135,25.77
2rfr_A,2rfr,alpha_beta,152,80,-2,mpnn_hyper,hyper,False,-4,-8,10,10,1.0,0.0,6.0,1.0,8,3.466666666666667,0.08918327320348246,0.1375,0.075,0.925,0,,,,10,89.16901315789475,-1.617631578947325,0.9604777279598155,1.0424028353316819,6.01
2rfr_A,2rfr,alpha_beta,152,80,-2,mpnn_soluble,soluble,False,8,10,10,10,1.0,0.0,11.0,0.9166666666666666,10,12.71111111111111,0.33304434164981556,0.35,0.1375,0.8625,3,0.004088438300553919,5.0,-1.0,10,84.66546052631578,-6.121184210526295,0.9427579807448029,1.1382043519599416,12.84
2rfr_A,2rfr,alpha_beta,152,80,-2,mpnn_soluble,soluble,False,16,22,10,10,1.0,0.0,21.0,0.875,10,15.022222222222222,0.3906176248234519,0.4875,0.2625,0.7375,3,-0.020858098361805178,4.0,-2.0,10,82.89105263157893,-7.895592105263148,0.9323062945417966,1.2314733763956283,20.13
2rfr_A,2rfr,alpha_beta,152,80,-2,mpnn_soluble,soluble,False,24,34,10,10,1.0,0.0,29.0,0.8055555555555556,10,14.2,0.37609028307756714,0.5625,0.3625,0.6375,0,,,,10,83.30253289473684,-7.484111842105236,0.9385667820221376,1.1680393370165145,27.82
2rfr_A,2rfr,alpha_beta,152,80,-2,mpnn_soluble,soluble,False,4,4,10,10,1.0,0.0,5.5,0.9166666666666667,10,8.622222222222222,0.23251527308172726,0.275,0.06875,0.93125,0,,,,10,85.90259868421052,-4.884046052631561,0.9543225632936523,1.1369862016818884,7.93
2rfr_A,2rfr,alpha_beta,152,80,-2,mpnn_soluble,soluble,False,-8,-14,10,10,1.0,0.0,11.0,0.9166666666666666,10,12.333333333333334,0.3051426389188342,0.3875,0.1375,0.8625,3,-0.04149518561572195,2.0,-1.0,10,88.54993421052632,-2.236710526315761,0.9558201561122646,1.0176443565149809,12.12
2rfr_A,2rfr,alpha_beta,152,80,-2,mpnn_soluble,soluble,False,-16,-26,10,10,1.0,0.0,21.0,0.875,10,10.733333333333333,0.26524423161336064,0.425,0.2625,0.7375,3,-0.02342568724538664,-1.0,-1.0,10,83.98634868421054,-6.800296052631538,0.9498224286774448,1.083891668606002,19.05
2rfr_A,2rfr,alpha_beta,152,80,-2,mpnn_soluble,soluble,False,-24,-38,10,10,1.0,0.0,31.0,0.8611111111111112,10,8.822222222222223,0.2202362836230886,0.5,0.3875,0.6125,0,,,,10,77.80200657894734,-12.984638157894736,0.9201223948177395,1.4015221756001,24.9
2rfr_A,2rfr,alpha_beta,152,80,-2,mpnn_soluble,soluble,False,-4,-8,10,10,1.0,0.0,5.0,0.8333333333333334,10,7.555555555555555,0.18954302752554592,0.275,0.0625,0.9375,0,,,,10,90.20529605263158,-0.5813486842105036,0.9582528974786084,1.0735335652105968,7.84
2rfr_A,2rfr,alpha_beta,152,80,-2,mpnn_vanilla_weights,original,False,8,10,10,10,1.0,0.0,10.0,0.8333333333333334,10,9.133333333333333,0.2340279963242239,0.2875,0.125,0.875,3,0.00926378129293457,4.0,-1.0,10,82.89483552631576,-7.8918092105263185,0.9391181587991945,1.2232149121236848,11.94
2rfr_A,2rfr,alpha_beta,152,80,-2,mpnn_vanilla_weights,original,False,16,22,10,10,1.0,0.0,20.0,0.8333333333333334,10,13.733333333333333,0.35682605176521326,0.4125,0.25,0.75,3,0.035075162091271976,6.0,-2.0,10,80.91345394736844,-9.87319078947364,0.9343822751508903,1.1991758023748242,19.66
2rfr_A,2rfr,alpha_beta,152,80,-2,mpnn_vanilla_weights,original,False,24,34,10,10,1.0,0.0,28.5,0.7916666666666667,10,12.466666666666667,0.3262681094950494,0.5,0.35624999999999996,0.64375,0,,,,10,82.77993421052636,-8.006710526315707,0.9390294403730493,1.1222837592525385,25.01
2rfr_A,2rfr,alpha_beta,152,80,-2,mpnn_vanilla_weights,original,False,4,4,10,10,1.0,0.0,5.0,0.8333333333333334,10,7.4,0.19108618159046825,0.2125,0.0625,0.9375,0,,,,10,87.11092105263157,-3.67572368421051,0.9485058623893436,1.1853465180017717,7.98
2rfr_A,2rfr,alpha_beta,152,80,-2,mpnn_vanilla_weights,original,False,-8,-14,10,10,1.0,0.0,11.0,0.9166666666666666,10,10.11111111111111,0.2548574622029993,0.35,0.1375,0.8625,3,-0.03390447812620697,0.0,-1.0,10,89.64845394736841,-1.1381907894736614,0.9474971743919369,1.015760972008544,12.43
2rfr_A,2rfr,alpha_beta,152,80,-2,mpnn_vanilla_weights,original,False,-16,-26,10,10,1.0,0.0,21.0,0.875,10,11.511111111111111,0.293992276934697,0.3875,0.2625,0.7375,3,-0.02805922558244776,3.0,-1.0,10,85.7645394736842,-5.022105263157883,0.9377759221972237,1.2254594070458515,19.65
2rfr_A,2rfr,alpha_beta,152,80,-2,mpnn_vanilla_weights,original,False,-24,-38,10,10,1.0,0.0,32.0,0.8888888888888888,10,16.555555555555557,0.43382246521355705,0.6375,0.4,0.6,0,,,,10,76.64,-14.146644736842077,0.9277080283275836,1.3180741008542176,45.43
2rfr_A,2rfr,alpha_beta,152,80,-2,mpnn_vanilla_weights,original,False,-4,-8,10,10,1.0,0.0,6.0,1.0,10,6.288888888888889,0.1613813712593199,0.25,0.075,0.925,0,,,,10,90.60894736842106,-0.1776973684210219,0.9570132476364897,1.0922593203310842,8.02
2rfr_A,2rfr,alpha_beta,152,80,-2,random_control,,,8,10,10,10,1.0,0.0,10.0,0.8333333333333334,10,17.644444444444446,0.4983750262881158,0.6375,0.125,0.875,3,0.04844579987961707,2.0,-1.0,10,87.24799342105264,-3.538651315789437,0.9470569777833872,1.18155357689326,0.0004
2rfr_A,2rfr,alpha_beta,152,80,-2,random_control,,,16,22,10,10,1.0,0.0,19.0,0.7916666666666666,10,30.155555555555555,0.8276345880802694,0.8,0.2375,0.7625,3,0.06327981789261335,5.0,0.0,10,85.58463815789469,-5.202006578947383,0.9385017951955643,1.2896691356768797,0.0005
2rfr_A,2rfr,alpha_beta,152,80,-2,random_control,,,24,34,10,10,1.0,0.0,29.0,0.8055555555555556,10,38.733333333333334,1.0394592825587363,0.825,0.3625,0.6375,0,,,,10,82.4092763157895,-8.377368421052587,0.931194597889644,1.3543201349464251,0.0005
2rfr_A,2rfr,alpha_beta,152,80,-2,random_control,,,4,4,10,10,1.0,0.0,5.0,0.8333333333333334,10,9.733333333333333,0.27575569321846255,0.4375,0.0625,0.9375,0,,,,10,88.7964802631579,-1.9901644736841746,0.9531550131282918,1.1220793026085807,0.0004
2rfr_A,2rfr,alpha_beta,152,80,-2,random_control,,,-8,-14,10,10,1.0,0.0,10.5,0.875,10,18.133333333333333,0.504167478344772,0.6875,0.13125,0.86875,3,0.027346596929829565,4.0,-1.0,10,86.82101973684209,-3.9656249999999815,0.9503750055198126,1.155893502644017,0.0004
2rfr_A,2rfr,alpha_beta,152,80,-2,random_control,,,-16,-26,10,10,1.0,0.0,20.0,0.8333333333333334,10,29.8,0.8057864377424453,0.775,0.25,0.75,3,0.12349132373680798,-3.0,-2.0,10,80.45802631578948,-10.328618421052596,0.937977953354822,1.1430821024534092,0.0005
2rfr_A,2rfr,alpha_beta,152,80,-2,random_control,,,-24,-38,10,10,1.0,0.0,30.0,0.8333333333333334,10,38.31111111111111,1.0310206744739006,0.8,0.375,0.625,0,,,,10,74.77223684210529,-16.01440789473679,0.9152141855824965,1.6136446649079033,0.0006
2rfr_A,2rfr,alpha_beta,152,80,-2,random_control,,,-4,-8,10,10,1.0,0.0,5.0,0.8333333333333334,10,10.088888888888889,0.29511323746240253,0.525,0.0625,0.9375,0,,,,10,89.1650657894737,-1.621578947368377,0.9570999888249756,1.1019880383159462,0.0004
2rfr_A,2rfr,alpha_beta,152,80,-2,rosetta,,True,8,10,10,3,0.3,0.7,8.0,0.6153846153846154,4,1.2222222222222223,0.03176512726620771,0.1125,0.1,0.9,3,-0.057535382584558044,3.0,-3.0,10,89.7545065789474,-1.0321381578946713,0.9523336967989213,1.11851264458413,636.93
2rfr_A,2rfr,alpha_beta,152,80,-2,rosetta,,True,16,22,10,2,0.2,0.8,18.0,0.72,4,0.9111111111111111,0.023910647292050075,0.2375,0.225,0.775,3,-0.08436367833467043,4.0,-3.0,10,89.40855263157894,-1.3780921052631285,0.9481459885149269,0.997642787670199,391.82
2rfr_A,2rfr,alpha_beta,152,80,-2,rosetta,,True,24,34,10,2,0.2,0.8,28.0,0.8,5,1.488888888888889,0.036918818586725355,0.35,0.3375,0.6625,0,,,,10,87.74095394736847,-3.0456907894736176,0.9511682399207942,0.949985384436052,266.14
2rfr_A,2rfr,alpha_beta,152,80,-2,rosetta,,True,4,4,10,0,0.0,1.0,4.0,0.5714285714285714,2,0.6,0.017587334759598044,0.0625,0.05,0.95,0,,,,10,91.51782894736847,0.7311842105263935,0.9577581950499076,1.0911381228735875,662.56
2rfr_A,2rfr,alpha_beta,152,80,-2,rosetta,,True,-8,-14,10,3,0.3,0.7,11.0,1.0,6,1.6666666666666667,0.04227309221191609,0.1875,0.1375,0.8625,3,-0.11326137265658899,5.0,-1.0,10,89.71763157894738,-1.0690131578947017,0.9613373892684327,1.038310310813931,307.09
2rfr_A,2rfr,alpha_beta,152,80,-2,rosetta,,True,-16,-26,10,0,0.0,10.5,13.0,1.0,6,1.8888888888888888,0.04938652915052172,0.2,0.1625,0.8375,3,-0.11502841349279921,4.0,0.0,10,89.58888157894734,-1.1977631578947339,0.961085176237048,1.0365752947331281,189.5
2rfr_A,2rfr,alpha_beta,152,80,-2,rosetta,,True,-24,-38,10,0,0.0,23.5,13.0,1.0,4,1.3111111111111111,0.03324899102582406,0.175,0.1625,0.8375,0,,,,10,89.55713815789474,-1.2295065789473298,0.9599108544876969,1.0461815806907093,191.2
2rfr_A,2rfr,alpha_beta,152,80,-2,rosetta,,True,-4,-8,10,2,0.2,0.8,5.0,1.0,4,1.2444444444444445,0.030185084802867412,0.075,0.0625,0.9375,0,,,,10,90.33249999999998,-0.454144736842089,0.9577055954309989,1.0908042340132358,216.63
2waw_A,2waw,alpha_beta,197,59,-7,avnapsa,,,4,1,10,10,1.0,0.0,4.0,0.5,1,0.0,0.0,0.06779661016949153,0.06779661016949153,0.9322033898305084,0,,,,10,96.4112436548223,0.2231725888324405,0.9532971181814002,1.528767209565298,100.4
2waw_A,2waw,alpha_beta,197,59,-7,avnapsa,,,16,25,10,0,0.0,1.0,17.0,0.5151515151515151,1,0.0,0.0,0.2542372881355932,0.2542372881355932,0.7457627118644068,3,0.07208434996155905,-13.0,1.0,10,96.38703045685284,0.19895939086298142,0.9589147414978083,1.3983136822579785,107.91
2waw_A,2waw,alpha_beta,197,59,-7,avnapsa,,,24,40,10,10,1.0,0.0,24.0,0.5106382978723404,1,0.0,0.0,0.3050847457627119,0.3050847457627119,0.6949152542372882,0,,,,10,95.94662436548228,-0.24144670050757355,0.9583173941707819,1.4062632624921383,111.17
2waw_A,2waw,alpha_beta,197,59,-7,avnapsa,,,8,9,10,10,1.0,0.0,8.0,0.5,1,0.0,0.0,0.13559322033898305,0.13559322033898305,0.864406779661017,3,-0.022149908761948355,-4.0,0.0,10,96.46743654822325,0.27936548223338775,0.9549140825772728,1.5064739611648361,102.54
2waw_A,2waw,alpha_beta,197,59,-7,avnapsa,,,-4,-15,10,10,1.0,0.0,4.0,0.5,1,0.0,0.0,0.06779661016949153,0.06779661016949153,0.9322033898305084,0,,,,10,96.27494923857867,0.08687817258880415,0.954543588483519,1.5317229116108093,98.03
2waw_A,2waw,alpha_beta,197,59,-7,avnapsa,,,-8,-23,10,10,1.0,0.0,8.0,0.5,1,0.0,0.0,0.11864406779661017,0.11864406779661017,0.8813559322033898,3,-0.050042058097711,-10.0,0.0,10,96.01748730964468,-0.17058375634518086,0.9530966670519938,1.5420231309673134,97.99
2waw_A,2waw,alpha_beta,197,59,-7,avnapsa,,,-16,-39,10,0,0.0,1.0,17.0,0.5151515151515151,1,0.0,0.0,0.22033898305084745,0.22033898305084745,0.7796610169491526,3,0.060153513773000176,-19.0,-1.0,10,93.42890862944161,-2.7591624365482517,0.9524305866018741,1.3914005325989782,92.85
2waw_A,2waw,alpha_beta,197,59,-7,avnapsa,,,-24,-54,10,0,0.0,5.0,23.0,0.5476190476190477,1,0.0,0.0,0.2542372881355932,0.2542372881355932,0.7457627118644068,0,,,,10,94.24446700507617,-1.9436040609136853,0.9546104964279676,1.5285651719347881,91.46
2waw_A,2waw,alpha_beta,197,59,-7,mpnn_halo,halo,False,4,1,10,10,1.0,0.0,5.5,0.6875,9,4.288888888888889,0.142588428024981,0.1864406779661017,0.09322033898305085,0.9067796610169492,0,,,,10,95.70129441624366,-0.48677664974619717,0.956922996189909,1.5034431584412373,10.52
2waw_A,2waw,alpha_beta,197,59,-7,mpnn_halo,halo,False,16,25,10,10,1.0,0.0,23.0,0.71875,10,11.622222222222222,0.41457218836235027,0.5932203389830508,0.3898305084745763,0.6101694915254238,3,-0.006496855911646072,1.0,0.0,10,95.86241116751273,-0.3256598984771344,0.957514628363652,1.5241597257852502,31.01
2waw_A,2waw,alpha_beta,197,59,-7,mpnn_halo,halo,False,24,40,10,10,1.0,0.0,32.5,0.6914893617021276,10,19.77777777777778,0.693847850848736,0.7457627118644068,0.5508474576271186,0.4491525423728814,0,,,,10,95.92164974619291,-0.2664213197969545,0.9576572464347262,1.4713884900363525,41.23
2waw_A,2waw,alpha_beta,197,59,-7,mpnn_halo,halo,False,8,9,10,10,1.0,0.0,11.0,0.6875,9,3.533333333333333,0.1237918695499948,0.288135593220339,0.1864406779661017,0.8135593220338984,3,-0.006189425947164858,-3.0,1.0,10,95.53553299492386,-0.6525380710660045,0.9576105702006792,1.5120385014695668,15.1
2waw_A,2waw,alpha_beta,197,59,-7,mpnn_halo,halo,False,-4,-15,10,10,1.0,0.0,6.0,0.75,9,3.2666666666666666,0.11432313584129553,0.15254237288135594,0.1016949152542373,0.8983050847457628,0,,,,10,96.62789340101526,0.43982233502540424,0.9526866003250327,1.565629190873655,10.49
2waw_A,2waw,alpha_beta,197,59,-7,mpnn_halo,halo,False,-8,-23,10,10,1.0,0.0,12.0,0.75,9,3.933333333333333,0.14198629151218364,0.3220338983050847,0.2033898305084746,0.7966101694915254,3,-0.024612318558523593,-6.0,4.0,10,96.5345685279188,0.3464974619289407,0.952711979160428,1.5697903749420306,21.37
2waw_A,2waw,alpha_beta,197,59,-7,mpnn_halo,halo,False,-16,-39,10,10,1.0,0.0,24.0,0.75,10,15.066666666666666,0.5511232551144187,0.6949152542372882,0.4067796610169492,0.5932203389830508,3,0.05585512529275691,-11.0,0.0,10,95.76170050761426,-0.426370558375595,0.9597898750059983,1.3738381281104481,49.7
2waw_A,2waw,alpha_beta,197,59,-7,mpnn_halo,halo,False,-24,-54,10,10,1.0,0.0,35.0,0.7446808510638298,10,19.488888888888887,0.6981993584491,0.6949152542372882,0.5932203389830508,0.4067796610169492,0,,,,10,91.27144670050765,-4.916624365482207,0.9531879460775396,1.5109096907357444,178.09
2waw_A,2waw,alpha_beta,197,59,-7,mpnn_hyper,hyper,False,4,1,10,10,1.0,0.0,5.5,0.6875,10,8.28888888888889,0.29928113954819696,0.3220338983050847,0.09322033898305085,0.9067796610169492,0,,,,10,96.08461928934011,-0.1034517766497487,0.9549483180883038,1.531892213707001,5.59
2waw_A,2waw,alpha_beta,197,59,-7,mpnn_hyper,hyper,False,16,25,10,10,1.0,0.0,22.0,0.6875,10,8.644444444444444,0.2947349094942539,0.4576271186440678,0.3728813559322034,0.6271186440677966,3,-0.00877144894736068,-4.0,2.0,10,96.10875634517765,-0.07931472081221358,0.956387910265716,1.5047189017287637,11.5
2waw_A,2waw,alpha_beta,197,59,-7,mpnn_hyper,hyper,False,24,40,10,10,1.0,0.0,33.0,0.7021276595744681,10,20.822222222222223,0.7036895922928,0.7457627118644068,0.559322033898305,0.4406779661016949,0,,,,10,95.90256345177664,-0.28550761421322335,0.9567990643434718,1.5042076714790529,21.33
2waw_A,2waw,alpha_beta,197,59,-7,mpnn_hyper,hyper,False,8,9,10,10,1.0,0.0,12.0,0.75,10,10.444444444444445,0.3740584647410309,0.3559322033898305,0.2033898305084746,0.7966101694915254,3,-0.021928176282733546,-8.0,3.0,10,96.06281725888326,-0.12525380710660272,0.9555178110807121,1.5284087839841032,7.6
2waw_A,2waw,alpha_beta,197,59,-7,mpnn_hyper,hyper,False,-4,-15,10,10,1.0,0.0,6.0,0.75,3,0.7555555555555555,0.028134225119761436,0.11864406779661017,0.1016949152542373,0.8983050847457628,0,,,,10,96.32502538071068,0.13695431472082475,0.9538467989063406,1.532640718801244,5.39
2waw_A,2waw,alpha_beta,197,59,-7,mpnn_hyper,hyper,False,-8,-23,10,10,1.0,0.0,12.0,0.75,10,7.222222222222222,0.2631717223638073,0.3898305084745763,0.2033898305084746,0.7966101694915254,3,-0.0500336010822269,-8.0,-1.0,10,96.55553299492385,0.36746192893399154,0.95344871159839,1.5364342315203237,12.19
2waw_A,2waw,alpha_beta,197,59,-7,mpnn_hyper,hyper,False,-16,-39,10,10,1.0,0.0,24.0,0.75,10,19.177777777777777,0.6867269725941544,0.6949152542372882,0.4067796610169492,0.5932203389830508,3,0.08987074665227228,-10.0,-1.0,10,95.93324873096446,-0.25482233502539486,0.9520428619720853,1.549818538756797,15.69
2waw_A,2waw,alpha_beta,197,59,-7,mpnn_hyper,hyper,False,-24,-54,10,10,1.0,0.0,34.5,0.7340425531914894,10,20.6,0.7381225671021495,0.6949152542372882,0.5847457627118644,0.4152542372881356,0,,,,10,88.93027918781729,-7.257791878172561,0.9530432629884846,1.5158180109048067,95.28
2waw_A,2waw,alpha_beta,197,59,-7,mpnn_soluble,soluble,False,4,1,10,10,1.0,0.0,6.0,0.75,10,6.444444444444445,0.23120373700026328,0.2542372881355932,0.1016949152542373,0.8983050847457628,0,,,,10,95.93076142131979,-0.2573096446700731,0.9578014626873252,1.476297860798269,7.36
2waw_A,2waw,alpha_beta,197,59,-7,mpnn_soluble,soluble,False,16,25,10,10,1.0,0.0,24.0,0.75,10,14.444444444444445,0.5099301574822633,0.576271186440678,0.4067796610169492,0.5932203389830508,3,-0.024929146782795463,-2.0,2.0,10,96.20261421319799,0.014543147208122775,0.9589595539709092,1.4444651509046622,16.65
2waw_A,2waw,alpha_beta,197,59,-7,mpnn_soluble,soluble,False,24,40,10,10,1.0,0.0,34.0,0.723404255319149,10,21.733333333333334,0.7603684266070618,0.7288135593220338,0.576271186440678,0.423728813559322,0,,,,10,95.91185279187823,-0.2762182741116348,0.9577774115811988,1.4667428502103688,27.96
2waw_A,2waw,alpha_beta,197,59,-7,mpnn_soluble,soluble,False,8,9,10,10,1.0,0.0,12.0,0.75,10,9.444444444444445,0.3517914023280475,0.4067796610169492,0.2033898305084746,0.7966101694915254,3,-0.030380941847855114,-5.0,0.0,10,95.85771573604062,-0.3303553299492421,0.9589134142139475,1.4538963619808996,10.67
2waw_A,2waw,alpha_beta,197,59,-7,mpnn_soluble,soluble,False,-4,-15,10,10,1.0,0.0,6.0,0.75,9,6.222222222222222,0.2152581737212099,0.3050847457627119,0.1016949152542373,0.8983050847457628,0,,,,10,96.43911167512695,0.2510406091370996,0.9532103696394041,1.5454561711188957,7.05
2waw_A,2waw,alpha_beta,197,59,-7,mpnn_soluble,soluble,False,-8,-23,10,10,1.0,0.0,12.0,0.75,10,6.044444444444444,0.2019429422689096,0.3220338983050847,0.2033898305084746,0.7966101694915254,3,-0.023116706815211,-3.0,1.0,10,96.42276649746195,0.23469543147209038,0.9538547777768034,1.5261865174024543,10.13
2waw_A,2waw,alpha_beta,197,59,-7,mpnn_soluble,soluble,False,-16,-39,10,10,1.0,0.0,24.0,0.75,10,6.688888888888889,0.24308835254169306,0.5423728813559322,0.4067796610169492,0.5932203389830508,3,-0.004375459851142268,-10.0,0.0,10,92.95322335025381,-3.234847715736059,0.9538809542630975,1.5113282604541718,19.61
2waw_A,2waw,alpha_beta,197,59,-7,mpnn_soluble,soluble,False,-24,-54,10,10,1.0,0.0,35.0,0.7446808510638298,10,16.8,0.6038406076035486,0.6949152542372882,0.5932203389830508,0.4067796610169492,0,,,,10,88.63218274111676,-7.555888324873095,0.952037004108141,1.525585499198808,28.71
2waw_A,2waw,alpha_beta,197,59,-7,mpnn_vanilla_weights,original,False,4,1,10,10,1.0,0.0,6.0,0.75,10,7.533333333333333,0.2538355310866598,0.288135593220339,0.1016949152542373,0.8983050847457628,0,,,,10,95.90875634517762,-0.27931472081223774,0.954436895206209,1.530170907611482,7.36
2waw_A,2waw,alpha_beta,197,59,-7,mpnn_vanilla_weights,original,False,16,25,10,10,1.0,0.0,24.0,0.75,10,10.777777777777779,0.3716888660686884,0.5254237288135594,0.4067796610169492,0.5932203389830508,3,0.005305667745329019,-1.0,2.0,10,95.97972081218273,-0.2083502538071187,0.9577072592789897,1.487802839077581,27.19
2waw_A,2waw,alpha_beta,197,59,-7,mpnn_vanilla_weights,original,False,24,40,10,10,1.0,0.0,34.0,0.723404255319149,10,19.91111111111111,0.6938688644105068,0.7288135593220338,0.576271186440678,0.423728813559322,0,,,,10,96.13456852791882,-0.05350253807104366,0.9572390786728864,1.4947974992412942,28.75
2waw_A,2waw,alpha_beta,197,59,-7,mpnn_vanilla_weights,original,False,8,9,10,10,1.0,0.0,13.0,0.8125,10,7.222222222222222,0.2581793222154905,0.3728813559322034,0.22033898305084745,0.7796610169491526,3,-0.0011441550997671795,-4.0,2.0,10,95.57845177664974,-0.6096192893401167,0.9560766278742647,1.5243650581710058,10.93
2waw_A,2waw,alpha_beta,197,59,-7,mpnn_vanilla_weights,original,False,-4,-15,10,10,1.0,0.0,6.5,0.8125,10,5.022222222222222,0.16925877136851175,0.23728813559322035,0.11016949152542374,0.8898305084745763,0,,,,10,96.31185279187821,0.12378172588834246,0.9537770110942835,1.5174226077831887,7.33
2waw_A,2waw,alpha_beta,197,59,-7,mpnn_vanilla_weights,original,False,-8,-23,10,10,1.0,0.0,12.0,0.75,10,5.022222222222222,0.17592744382583342,0.3220338983050847,0.2033898305084746,0.7966101694915254,3,-0.041875093090982723,-5.0,2.0,10,95.78058375634518,-0.4074873096446723,0.9534191853020055,1.5127573947519022,11.97
2waw_A,2waw,alpha_beta,197,59,-7,mpnn_vanilla_weights,original,False,-16,-39,10,10,1.0,0.0,24.0,0.75,10,15.88888888888889,0.5584683315670561,0.6440677966101694,0.4067796610169492,0.5932203389830508,3,0.032879828054025347,-7.0,-1.0,10,92.25774111675128,-3.9303299492385904,0.9529998480853921,1.5089198981190433,19.69
2waw_A,2waw,alpha_beta,197,59,-7,mpnn_vanilla_weights,original,False,-24,-54,10,10,1.0,0.0,34.5,0.7340425531914894,10,18.68888888888889,0.6488079756777703,0.6949152542372882,0.5847457627118644,0.4152542372881356,0,,,,10,87.87532994923859,-8.312741116751276,0.9510175624391168,1.5475266026149312,50.71
2waw_A,2waw,alpha_beta,197,59,-7,random_control,,,4,1,10,10,1.0,0.0,6.0,0.75,10,10.666666666666666,0.4104896867528027,0.559322033898305,0.1016949152542373,0.8983050847457628,0,,,,10,95.87596446700502,-0.3121065989848475,0.9558456718493137,1.5089497689429665,0.0004
2waw_A,2waw,alpha_beta,197,59,-7,random_control,,,16,25,10,10,1.0,0.0,22.0,0.6875,10,28.444444444444443,1.032322831375002,0.7627118644067796,0.3728813559322034,0.6271186440677966,3,0.06742405723064063,-5.0,-1.0,10,95.58111675126904,-0.6069543147208236,0.9550960855270839,1.5219065035185193,0.0005
2waw_A,2waw,alpha_beta,197,59,-7,random_control,,,24,40,10,10,1.0,0.0,34.0,0.723404255319149,10,28.755555555555556,1.0258816973753744,0.7627118644067796,0.576271186440678,0.423728813559322,0,,,,10,95.44568527918776,-0.7423857868021102,0.95541370214539,1.5045090475153327,0.0005
2waw_A,2waw,alpha_beta,197,59,-7,random_control,,,8,9,10,10,1.0,0.0,12.0,0.75,10,18.11111111111111,0.6736045190862956,0.6779661016949152,0.2033898305084746,0.7966101694915254,3,0.008240876119927593,-3.0,2.0,10,95.58299492385788,-0.6050761421319777,0.9554261246595829,1.5147202725650415,0.0004
2waw_A,2waw,alpha_beta,197,59,-7,random_control,,,-4,-15,10,10,1.0,0.0,6.0,0.75,10,10.422222222222222,0.3924792103082308,0.5084745762711864,0.1016949152542373,0.8983050847457628,0,,,,10,95.92472081218273,-0.2633502538071326,0.9529603372951211,1.5341357225884757,0.0004
2waw_A,2waw,alpha_beta,197,59,-7,random_control,,,-8,-23,10,10,1.0,0.0,12.0,0.75,10,18.755555555555556,0.6954856469177949,0.6949152542372882,0.2033898305084746,0.7966101694915254,3,0.04826218194904503,-1.0,1.0,10,95.32829949238577,-0.8597715736040925,0.9523030991745876,1.5214618150808537,0.0004
2waw_A,2waw,alpha_beta,197,59,-7,random_control,,,-16,-39,10,10,1.0,0.0,24.0,0.75,10,27.155555555555555,0.9866177046117378,0.6949152542372882,0.4067796610169492,0.5932203389830508,3,0.08632577424587483,-12.0,0.0,10,94.8820304568528,-1.3060406091370567,0.9528523858752629,1.547155875517971,0.0005
2waw_A,2waw,alpha_beta,197,59,-7,random_control,,,-24,-54,10,10,1.0,0.0,35.0,0.7446808510638298,10,25.644444444444446,0.9127705458082699,0.6949152542372882,0.5932203389830508,0.4067796610169492,0,,,,10,88.2386040609137,-7.949467005076158,0.9502120853199973,1.577887304373886,0.0006
2waw_A,2waw,alpha_beta,197,59,-7,rosetta,,True,4,1,10,9,0.9,0.1,5.0,0.625,2,0.4,0.01589815571489089,0.1016949152542373,0.0847457627118644,0.9152542372881356,0,,,,10,96.23738578680204,0.049314720812176915,0.9547246503097029,1.5323975435019963,299.2
2waw_A,2waw,alpha_beta,197,59,-7,rosetta,,True,16,25,10,3,0.3,0.7,21.0,0.6451612903225806,9,3.577777777777778,0.1276398619414885,0.3728813559322034,0.3389830508474576,0.6610169491525424,3,-0.030357962673300105,-8.0,2.0,10,96.39928934010155,0.2112182741116868,0.954348891343552,1.5429593829805346,194.62
2waw_A,2waw,alpha_beta,197,59,-7,rosetta,,True,24,40,10,0,0.0,11.7,24.0,0.6666666666666666,9,3.7777777777777777,0.12604435351091497,0.3898305084745763,0.3728813559322034,0.6271186440677966,0,,,,10,96.48880710659895,0.3007360406090882,0.9544889434544046,1.5390868957055666,225.16
2waw_A,2waw,alpha_beta,197,59,-7,rosetta,,True,8,9,10,5,0.5,0.5,9.0,0.5625,6,3.2666666666666666,0.11343062558651223,0.22033898305084745,0.15254237288135594,0.847457627118644,3,-0.03225955583233427,-2.0,2.0,10,96.4784010152284,0.29032994923853295,0.9556376865811532,1.5162032539229513,385.52
2waw_A,2waw,alpha_beta,197,59,-7,rosetta,,True,-4,-15,10,4,0.4,0.6,5.0,0.6904761904761905,5,2.511111111111111,0.08179158587674597,0.11864406779661017,0.06779661016949153,0.9322033898305084,0,,,,10,95.76614213197973,-0.42192893401012554,0.9555490148455322,1.5042903078354315,301.86
2waw_A,2waw,alpha_beta,197,59,-7,rosetta,,True,-8,-23,10,0,0.0,5.2,7.0,0.6666666666666666,7,3.1333333333333333,0.097221082567865,0.15254237288135594,0.1016949152542373,0.8983050847457628,3,-0.05500411961467998,-10.0,2.0,10,95.53550761421317,-0.652563451776679,0.9550649417529558,1.500775609219869,275.12
2waw_A,2waw,alpha_beta,197,59,-7,rosetta,,True,-16,-39,10,0,0.0,19.4,8.0,0.6153846153846154,4,1.6222222222222222,0.056893355476927636,0.15254237288135594,0.11864406779661017,0.8813559322033898,3,-0.0458958022285472,-10.0,1.0,10,95.4299492385787,-0.7581218274111592,0.9552147922468863,1.4982805101991556,197.42
2waw_A,2waw,alpha_beta,197,59,-7,rosetta,,True,-24,-54,10,0,0.0,34.5,8.0,0.6153846153846154,5,1.488888888888889,0.050059415032847956,0.13559322033898305,0.11864406779661017,0.8813559322033898,0,,,,10,95.42010152284263,-0.7679695431472382,0.9551703013267772,1.4988012277290972,196.5
2yxh_A,2yxh,mainly_alpha,112,72,-8,avnapsa,,,8,1,10,10,1.0,0.0,5.0,0.5555555555555556,1,0.0,0.0,0.06944444444444445,0.06944444444444445,0.9305555555555556,3,0.056569612297032786,4.0,0.0,10,68.66504464285715,0.2561160714285933,0.919697243530154,1.2649779174178168,69.28
2yxh_A,2yxh,mainly_alpha,112,72,-8,avnapsa,,,16,10,10,5,0.5,0.5,10.0,0.5409356725146199,2,1.1111111111111112,0.027777777777777776,0.1527777777777778,0.1388888888888889,0.8611111111111112,3,-0.011696035163812521,1.0,2.0,10,68.27915178571429,-0.1297767857142702,0.9213950934361479,1.2336309546756137,71.26
2yxh_A,2yxh,mainly_alpha,112,72,-8,avnapsa,,,24,19,10,0,0.0,1.0,15.0,0.5357142857142857,3,0.7555555555555555,0.023054434473137844,0.2361111111111111,0.20833333333333334,0.7916666666666666,0,,,,10,69.96290178571428,1.553973214285719,0.9175721499845317,1.315302691230163,73.09
2yxh_A,2yxh,mainly_alpha,112,72,-8,avnapsa,,,-4,-12,10,10,1.0,0.0,2.0,0.5,1,0.0,0.0,0.027777777777777776,0.027777777777777776,0.9722222222222222,0,,,,10,68.3463392857143,-0.06258928571427447,0.9096540248090637,1.3575118222329854,67.85
2yxh_A,2yxh,mainly_alpha,112,72,-8,avnapsa,,,-8,-17,10,10,1.0,0.0,5.0,0.5555555555555556,1,0.0,0.0,0.06944444444444445,0.06944444444444445,0.9305555555555556,3,-0.024472969694202158,5.0,0.0,10,67.62361607142859,-0.7853124999999821,0.8951985641346905,1.4688267945169835,67.72
2yxh_A,2yxh,mainly_alpha,112,72,-8,avnapsa,,,-16,-26,10,0,0.0,1.0,10.0,0.5263157894736842,1,0.0,0.0,0.1388888888888889,0.1388888888888889,0.8611111111111112,3,-0.012780686789804057,4.0,1.0,10,65.96714285714287,-2.441785714285686,0.8859506965835042,1.5204713152803224,66.18
2yxh_A,2yxh,mainly_alpha,112,72,-8,avnapsa,,,-24,-35,10,0,0.0,1.0,15.0,0.5357142857142857,1,0.0,0.0,0.20833333333333334,0.20833333333333334,0.7916666666666666,0,,,,10,62.558303571428574,-5.850624999999987,0.8699800836630802,1.7838633834461926,65.36
2yxh_A,2yxh,mainly_alpha,112,72,-8,avnapsa,,,4,-4,10,10,1.0,0.0,2.0,0.5,1,0.0,0.0,0.027777777777777776,0.027777777777777776,0.9722222222222222,0,,,,10,69.1750892857143,0.7661607142857321,0.9180406451448251,1.2844889654606098,68.82
2yxh_A,2yxh,mainly_alpha,112,72,-8,mpnn_halo,halo,False,8,1,10,10,1.0,0.0,6.0,0.6666666666666666,9,6.044444444444444,0.16516751162541732,0.20833333333333334,0.08333333333333333,0.9166666666666666,3,0.28182537587814593,-1.0,2.0,10,68.06084821428573,-0.348080357142841,0.8948162797068346,1.4285016991565063,10.51
2yxh_A,2yxh,mainly_alpha,112,72,-8,mpnn_halo,halo,False,16,10,10,10,1.0,0.0,12.0,0.6666666666666666,9,6.311111111111111,0.18356457082788363,0.2916666666666667,0.16666666666666666,0.8333333333333334,3,0.24947407954792464,4.0,0.0,10,64.46392857142858,-3.944999999999979,0.8992534525979079,1.5870731201518518,17.74
2yxh_A,2yxh,mainly_alpha,112,72,-8,mpnn_halo,halo,False,24,19,10,10,1.0,0.0,18.0,0.6666666666666666,10,7.0,0.20531538584077186,0.3888888888888889,0.25,0.75,0,,,,10,64.44200892857143,-3.9669196428571354,0.8379028382575057,1.8452149438035108,24.01
2yxh_A,2yxh,mainly_alpha,112,72,-8,mpnn_halo,halo,False,-4,-12,10,10,1.0,0.0,3.5,0.875,10,3.8,0.11045476115301388,0.1388888888888889,0.048611111111111105,0.9513888888888888,0,,,,10,65.17124999999999,-3.2376785714285674,0.8687021914323427,1.6142397249267082,7.18
2yxh_A,2yxh,mainly_alpha,112,72,-8,mpnn_halo,halo,False,-8,-17,10,10,1.0,0.0,7.0,0.7777777777777778,10,6.844444444444444,0.19389373493179518,0.25,0.09722222222222222,0.9027777777777778,3,-0.08394604651819851,5.0,1.0,10,63.28754464285716,-5.121383928571397,0.861349803357012,1.8179125499927538,12.12
2yxh_A,2yxh,mainly_alpha,112,72,-8,mpnn_halo,halo,False,-16,-26,10,10,1.0,0.0,13.5,0.75,10,7.2,0.2085006679203351,0.3194444444444444,0.1875,0.8125,3,0.1520315794085307,5.0,0.0,10,58.828035714285726,-9.580892857142835,0.8009959818799588,2.2868681386396466,19.56
2yxh_A,2yxh,mainly_alpha,112,72,-8,mpnn_halo,halo,False,-24,-35,10,10,1.0,0.0,20.5,0.7592592592592593,10,14.8,0.4303729497294859,0.5277777777777778,0.2847222222222222,0.7152777777777778,0,,,,10,54.57799107142857,-13.83093749999999,0.6530460312647319,2.7335471701808576,31.8
2yxh_A,2yxh,mainly_alpha,112,72,-8,mpnn_halo,halo,False,4,-4,10,10,1.0,0.0,3.0,0.75,10,4.022222222222222,0.1137426388464291,0.1527777777777778,0.041666666666666664,0.9583333333333334,0,,,,10,67.50678571428573,-0.9021428571428345,0.9183108633551442,1.2848833170612473,6.66
2yxh_A,2yxh,mainly_alpha,112,72,-8,mpnn_hyper,hyper,False,8,1,10,10,1.0,0.0,6.0,0.6666666666666666,10,8.4,0.2429781958407922,0.2777777777777778,0.08333333333333333,0.9166666666666666,3,0.045558983898519756,7.0,1.0,10,67.73075892857142,-0.6781696428571493,0.8909553704505135,1.508286880812555,5.19
2yxh_A,2yxh,mainly_alpha,112,72,-8,mpnn_hyper,hyper,False,16,10,10,10,1.0,0.0,11.0,0.6111111111111112,10,7.644444444444445,0.2338305417337777,0.2916666666666667,0.1527777777777778,0.8472222222222222,3,0.14481093353658533,3.0,2.0,10,66.03772321428573,-2.371205357142834,0.8751983161742108,1.6154659342866569,7.85
2yxh_A,2yxh,mainly_alpha,112,72,-8,mpnn_hyper,hyper,False,24,19,10,10,1.0,0.0,18.0,0.6666666666666666,10,11.844444444444445,0.337888703980018,0.3888888888888889,0.25,0.75,0,,,,10,63.34147321428571,-5.067455357142848,0.8261800878416197,1.9556785371282408,10.53
2yxh_A,2yxh,mainly_alpha,112,72,-8,mpnn_hyper,hyper,False,-4,-12,10,10,1.0,0.0,3.0,0.75,4,1.8222222222222222,0.05002528431910087,0.06944444444444445,0.041666666666666664,0.9583333333333334,0,,,,10,66.77526785714286,-1.6336607142857034,0.9103817590738981,1.3197550960857352,3.68
2yxh_A,2yxh,mainly_alpha,112,72,-8,mpnn_hyper,hyper,False,-8,-17,10,10,1.0,0.0,7.0,0.7777777777777778,6,2.111111111111111,0.0629986341169868,0.16666666666666666,0.09722222222222222,0.9027777777777778,3,-0.06286924298057528,1.0,1.0,10,66.87946428571428,-1.5294642857142762,0.9364515753653875,1.07659847131514,5.87
2yxh_A,2yxh,mainly_alpha,112,72,-8,mpnn_hyper,hyper,False,-16,-26,10,10,1.0,0.0,13.5,0.75,10,10.822222222222223,0.3167349716233287,0.4444444444444444,0.1875,0.8125,3,-0.10001514538590328,7.0,0.0,10,60.593660714285704,-7.815267857142853,0.8534998006408774,1.9937159599486822,10.34
2yxh_A,2yxh,mainly_alpha,112,72,-8,mpnn_hyper,hyper,False,-24,-35,10,10,1.0,0.0,21.0,0.7777777777777778,10,15.977777777777778,0.48149620372787244,0.6111111111111112,0.2916666666666667,0.7083333333333334,0,,,,10,56.1444642857143,-12.264464285714261,0.7018420971244934,2.80353290134442,16.51
2yxh_A,2yxh,mainly_alpha,112,72,-8,mpnn_hyper,hyper,False,4,-4,10,10,1.0,0.0,3.0,0.75,10,4.711111111111111,0.1441102068216254,0.18055555555555555,0.041666666666666664,0.9583333333333334,0,,,,10,68.13352678571428,-0.275401785714287,0.9062800496162708,1.365163545849705,3.54
2yxh_A,2yxh,mainly_alpha,112,72,-8,mpnn_soluble,soluble,False,8,1,10,10,1.0,0.0,7.0,0.7777777777777778,10,9.6,0.27049623173553594,0.3194444444444444,0.09722222222222222,0.9027777777777778,3,0.18808272765646653,1.0,0.0,10,61.716383928571425,-6.692544642857136,0.8021967777950895,2.223043645882309,8.36
2yxh_A,2yxh,mainly_alpha,112,72,-8,mpnn_soluble,soluble,False,16,10,10,10,1.0,0.0,13.0,0.7222222222222222,10,15.022222222222222,0.42613084023876424,0.5138888888888888,0.18055555555555555,0.8194444444444444,3,0.09618241149476349,-1.0,1.0,10,57.98785714285715,-10.421071428571413,0.6718062022353248,2.6623529569367856,13.25
2yxh_A,2yxh,mainly_alpha,112,72,-8,mpnn_soluble,soluble,False,24,19,10,10,1.0,0.0,19.0,0.7037037037037037,10,15.88888888888889,0.46195876099753047,0.5416666666666666,0.2638888888888889,0.7361111111111112,0,,,,10,56.24522321428571,-12.163705357142852,0.6616409843909644,2.7376993831670555,18.58
2yxh_A,2yxh,mainly_alpha,112,72,-8,mpnn_soluble,soluble,False,-4,-12,10,10,1.0,0.0,4.0,1.0,9,5.444444444444445,0.1539905223972995,0.2361111111111111,0.05555555555555555,0.9444444444444444,0,,,,10,66.62816964285715,-1.7807589285714158,0.9053573906456854,1.415137006357115,6.06
2yxh_A,2yxh,mainly_alpha,112,72,-8,mpnn_soluble,soluble,False,-8,-17,10,10,1.0,0.0,8.0,0.8888888888888888,10,8.555555555555555,0.2269948309863895,0.2777777777777778,0.1111111111111111,0.8888888888888888,3,-0.033315424666146294,3.0,0.0,10,64.47450892857142,-3.9344196428571365,0.8843001158572201,1.4822386749125924,8.9
2yxh_A,2yxh,mainly_alpha,112,72,-8,mpnn_soluble,soluble,False,-16,-26,10,10,1.0,0.0,15.0,0.8333333333333334,10,10.266666666666667,0.2912339320846235,0.4305555555555556,0.20833333333333334,0.7916666666666666,3,-0.018678457534922494,3.0,1.0,10,58.406339285714274,-10.002589285714286,0.7681861567706303,2.434760514037521,12.51
2yxh_A,2yxh,mainly_alpha,112,72,-8,mpnn_soluble,soluble,False,-24,-35,10,10,1.0,0.0,22.0,0.8148148148148148,10,8.066666666666666,0.22280938407696815,0.4444444444444444,0.3055555555555556,0.6944444444444444,0,,,,10,53.743080357142865,-14.665848214285695,0.7498546427650794,2.5048390896997192,15.72
2yxh_A,2yxh,mainly_alpha,112,72,-8,mpnn_soluble,soluble,False,4,-4,10,10,1.0,0.0,3.0,0.75,10,5.044444444444444,0.15025644769579538,0.19444444444444445,0.041666666666666664,0.9583333333333334,0,,,,10,68.13933035714284,-0.26959821428572184,0.9142134923713288,1.4238572883270237,5.54
2yxh_A,2yxh,mainly_alpha,112,72,-8,mpnn_vanilla_weights,original,False,8,1,10,10,1.0,0.0,6.0,0.6666666666666666,10,7.711111111111111,0.226956749348964,0.3055555555555556,0.08333333333333333,0.9166666666666666,3,0.1284449746969974,6.0,0.0,10,64.70785714285716,-3.701071428571403,0.9176930211937889,1.2519340159466887,6.71
2yxh_A,2yxh,mainly_alpha,112,72,-8,mpnn_vanilla_weights,original,False,16,10,10,10,1.0,0.0,12.0,0.6666666666666666,10,12.444444444444445,0.3597297017238378,0.4027777777777778,0.16666666666666666,0.8333333333333334,3,-0.007712192431943115,1.0,2.0,10,61.46209821428572,-6.946830357142844,0.8035739496674844,2.1155264688362143,11.03
2yxh_A,2yxh,mainly_alpha,112,72,-8,mpnn_vanilla_weights,original,False,24,19,10,10,1.0,0.0,18.0,0.6666666666666666,10,15.355555555555556,0.4521706932792077,0.5,0.25,0.75,0,,,,10,60.545,-7.863928571428563,0.7935146685257679,2.3121661332554204,14.55
2yxh_A,2yxh,mainly_alpha,112,72,-8,mpnn_vanilla_weights,original,False,-4,-12,10,10,1.0,0.0,4.0,1.0,10,4.333333333333333,0.11920115578020904,0.125,0.05555555555555555,0.9444444444444444,0,,,,10,65.41910714285714,-2.9898214285714104,0.8782980358700658,1.6493335458705152,5.11
2yxh_A,2yxh,mainly_alpha,112,72,-8,mpnn_vanilla_weights,original,False,-8,-17,10,10,1.0,0.0,8.0,0.8888888888888888,10,6.311111111111111,0.18183341206443177,0.25,0.1111111111111111,0.8888888888888888,3,-0.07206650738242512,5.0,0.0,10,63.76441964285715,-4.644508928571415,0.8806152009684082,1.5029533158882278,8.32
2yxh_A,2yxh,mainly_alpha,112,72,-8,mpnn_vanilla_weights,original,False,-16,-26,10,10,1.0,0.0,15.0,0.8333333333333334,10,9.733333333333333,0.2771848678940627,0.4027777777777778,0.20833333333333334,0.7916666666666666,3,-0.01766567931516099,3.0,0.0,10,59.938080357142844,-8.470848214285716,0.8553026494988276,1.8695132964336278,13.13
2yxh_A,2yxh,mainly_alpha,112,72,-8,mpnn_vanilla_weights,original,False,-24,-35,10,10,1.0,0.0,21.0,0.7777777777777778,10,13.644444444444444,0.38751631060191793,0.4861111111111111,0.2916666666666667,0.7083333333333334,0,,,,10,56.223571428571404,-12.185357142857153,0.8313138971296381,1.9449050712011253,16.64
2yxh_A,2yxh,mainly_alpha,112,72,-8,mpnn_vanilla_weights,original,False,4,-4,10,10,1.0,0.0,3.0,0.75,10,4.711111111111111,0.14202975031219214,0.20833333333333334,0.041666666666666664,0.9583333333333334,0,,,,10,65.87491071428573,-2.5340178571428282,0.9018827969435711,1.4611122496754338,4.47
2yxh_A,2yxh,mainly_alpha,112,72,-8,random_control,,,8,1,10,10,1.0,0.0,6.5,0.7222222222222222,10,12.266666666666667,0.3939380544681241,0.5833333333333334,0.09027777777777778,0.9097222222222222,3,0.09897037835771069,1.0,1.0,10,64.31790178571427,-4.091026785714284,0.8903094092566292,1.5599057224028403,0.0004
2yxh_A,2yxh,mainly_alpha,112,72,-8,random_control,,,16,10,10,10,1.0,0.0,13.0,0.7222222222222222,10,21.555555555555557,0.6638049734205547,0.7083333333333334,0.18055555555555555,0.8194444444444444,3,0.076771650208135,4.0,0.0,10,59.561964285714296,-8.846964285714265,0.7806399232606481,2.332333367932219,0.0004
2yxh_A,2yxh,mainly_alpha,112,72,-8,random_control,,,24,19,10,10,1.0,0.0,20.0,0.7407407407407407,10,29.0,0.8748084688767597,0.7638888888888888,0.2777777777777778,0.7222222222222222,0,,,,10,56.82651785714286,-11.582410714285704,0.7516010682464473,2.542036850536641,0.0004
2yxh_A,2yxh,mainly_alpha,112,72,-8,random_control,,,-4,-12,10,10,1.0,0.0,3.0,0.75,10,5.4,0.17096171331649554,0.3194444444444444,0.041666666666666664,0.9583333333333334,0,,,,10,66.49290178571431,-1.9160267857142586,0.8804101431363929,1.5756210490282934,0.0003
2yxh_A,2yxh,mainly_alpha,112,72,-8,random_control,,,-8,-17,10,10,1.0,0.0,7.5,0.8333333333333333,10,14.022222222222222,0.44382082568615744,0.6527777777777778,0.10416666666666666,0.8958333333333333,3,0.050335517870747894,2.0,0.0,10,61.55151785714285,-6.857410714285713,0.8645937508391724,1.710614716403859,0.0004
2yxh_A,2yxh,mainly_alpha,112,72,-8,random_control,,,-16,-26,10,10,1.0,0.0,15.0,0.8333333333333334,10,22.8,0.680499373968146,0.7083333333333334,0.20833333333333334,0.7916666666666666,3,0.10247042158441998,7.0,1.0,10,56.2016964285714,-12.207232142857158,0.7363807948258865,2.1271492948147235,0.0004
2yxh_A,2yxh,mainly_alpha,112,72,-8,random_control,,,-24,-35,10,10,1.0,0.0,21.0,0.7777777777777778,10,28.955555555555556,0.8611047362141578,0.7222222222222222,0.2916666666666667,0.7083333333333334,0,,,,10,52.62816964285719,-15.780758928571377,0.6475148203655436,2.665571340599726,0.0006
2yxh_A,2yxh,mainly_alpha,112,72,-8,random_control,,,4,-4,10,10,1.0,0.0,3.0,0.75,10,5.511111111111111,0.1723739439359333,0.3194444444444444,0.041666666666666664,0.9583333333333334,0,,,,10,66.75763392857144,-1.6512946428571311,0.8941801100937032,1.4527024460569264,0.0003
2yxh_A,2yxh,mainly_alpha,112,72,-8,rosetta,,True,8,1,10,3,0.3,0.7,6.0,0.6125,9,1.8,0.05260624341621713,0.08333333333333333,0.05555555555555555,0.9444444444444444,3,-0.11566739534923443,7.0,0.0,10,69.87209821428571,1.463169642857153,0.8904300963184322,1.445379167147704,368.88
2yxh_A,2yxh,mainly_alpha,112,72,-8,rosetta,,True,16,10,10,3,0.3,1.2,11.0,0.5811403508771931,9,3.6666666666666665,0.10616771413402272,0.1388888888888889,0.11805555555555555,0.8819444444444444,3,-0.11915368165122382,5.0,2.0,10,69.37821428571428,0.9692857142857108,0.9169906710723154,1.2422106199139358,589.96
2yxh_A,2yxh,mainly_alpha,112,72,-8,rosetta,,True,24,19,10,1,0.1,0.9,16.0,0.5714285714285714,10,4.2,0.1153837542386176,0.2222222222222222,0.18055555555555555,0.8194444444444444,0,,,,10,70.11294642857143,1.7040178571428797,0.9237236107310112,1.1917464159760063,471.94
2yxh_A,2yxh,mainly_alpha,112,72,-8,rosetta,,True,-4,-12,10,4,0.4,0.6,2.0,0.6666666666666666,7,2.0,0.05659341758743497,0.09722222222222222,0.027777777777777776,0.9722222222222222,0,,,,10,67.84066964285714,-0.5682589285714243,0.9170006370503911,1.2550279788791485,128.61
2yxh_A,2yxh,mainly_alpha,112,72,-8,rosetta,,True,-8,-17,10,4,0.4,0.6,5.5,0.6458333333333333,8,3.7111111111111112,0.09972083418442723,0.1388888888888889,0.0763888888888889,0.9236111111111112,3,-0.08153560478444837,4.0,1.0,10,66.17754464285717,-2.2313839285713897,0.9102962382061913,1.306996506887466,165.14
2yxh_A,2yxh,mainly_alpha,112,72,-8,rosetta,,True,-16,-26,10,5,0.5,0.9,11.5,0.6393188854489165,8,4.622222222222222,0.13436845392810243,0.2638888888888889,0.14583333333333334,0.8541666666666667,3,-0.11580237135032233,3.0,0.0,10,64.74200892857144,-3.666919642857131,0.8770378140520576,1.5804507100160567,120.66
2yxh_A,2yxh,mainly_alpha,112,72,-8,rosetta,,True,-24,-35,10,0,0.0,4.5,15.0,0.6442687747035574,10,5.155555555555556,0.15085094407365796,0.3055555555555556,0.19444444444444445,0.8055555555555556,0,,,,10,60.86888392857142,-7.540044642857136,0.7929406517066899,1.8868030833096003,106.03
2yxh_A,2yxh,mainly_alpha,112,72,-8,rosetta,,True,4,-4,10,4,0.4,0.6,3.0,0.75,8,1.3555555555555556,0.03575235539684338,0.041666666666666664,0.020833333333333332,0.9791666666666667,0,,,,10,69.1204017857143,0.7114732142857321,0.910031502121835,1.3165978513774848,469.22
3dm8_A,3dm8,alpha_beta,135,74,1,avnapsa,,,8,12,10,0,0.0,1.0,9.0,0.75,1,0.0,0.0,0.12162162162162163,0.12162162162162163,0.8783783783783784,3,0.08368019614052181,-6.0,3.0,10,76.95685185185181,-0.4384814814815243,0.8977017370789588,2.027813068861321,95.15
3dm8_A,3dm8,alpha_beta,135,74,1,avnapsa,,,16,23,10,10,1.0,0.0,14.0,0.6363636363636364,1,0.0,0.0,0.1891891891891892,0.1891891891891892,0.8108108108108109,3,0.09160968900530995,-8.0,0.0,10,76.107,-1.2883333333333482,0.92946036482885,1.4984347412663797,96.98
3dm8_A,3dm8,alpha_beta,135,74,1,avnapsa,,,24,33,10,10,1.0,0.0,19.0,0.59375,2,0.4666666666666667,0.011909336476090443,0.25675675675675674,0.25675675675675674,0.7432432432432432,0,,,,10,73.91362962962961,-3.4817037037037366,0.9385249315873854,1.3668223932042571,101.01
3dm8_A,3dm8,alpha_beta,135,74,1,avnapsa,,,4,6,10,10,1.0,0.0,3.0,0.6,1,0.0,0.0,0.04054054054054054,0.04054054054054054,0.9594594594594594,0,,,,10,77.39318518518515,-0.0021481481481941955,0.943608225782903,1.3786757518800998,92.61
3dm8_A,3dm8,alpha_beta,135,74,1,avnapsa,,,-8,-10,10,0,0.0,1.0,9.0,0.75,1,0.0,0.0,0.12162162162162163,0.12162162162162163,0.8783783783783784,3,0.08299120566521365,-6.0,1.0,10,72.95055555555558,-4.444777777777759,0.8528893207479538,2.2390846357975795,89.5
3dm8_A,3dm8,alpha_beta,135,74,1,avnapsa,,,-16,-21,10,10,1.0,0.0,14.0,0.6363636363636364,2,0.35555555555555557,0.009755785066045436,0.16216216216216217,0.16216216216216217,0.8378378378378378,3,0.18200353383427742,-14.0,2.0,10,74.41555555555556,-2.9797777777777767,0.9431494696531173,1.2501988320226278,86.31
3dm8_A,3dm8,alpha_beta,135,74,1,avnapsa,,,-24,-31,10,10,1.0,0.0,20.0,0.625,1,0.0,0.0,0.21621621621621623,0.21621621621621623,0.7837837837837838,0,,,,10,72.5998888888889,-4.795444444444442,0.9497754521331845,1.2227657171247661,83.45
3dm8_A,3dm8,alpha_beta,135,74,1,avnapsa,,,-4,-4,10,10,1.0,0.0,4.0,0.8,1,0.0,0.0,0.05405405405405406,0.05405405405405406,0.9459459459459459,0,,,,10,75.2447037037037,-2.150629629629634,0.9162785957712781,1.547277781938426,91.37
3dm8_A,3dm8,alpha_beta,135,74,1,mpnn_halo,halo,False,8,12,10,10,1.0,0.0,9.0,0.8181818181818182,10,6.666666666666667,0.17327532751118982,0.22972972972972974,0.12162162162162163,0.8783783783783784,3,-0.04087656311390186,0.0,3.0,10,78.14629629629628,0.7509629629629444,0.9452638803607472,1.2917924103935077,16.34
3dm8_A,3dm8,alpha_beta,135,74,1,mpnn_halo,halo,False,16,23,10,10,1.0,0.0,18.0,0.8181818181818182,10,5.8,0.165761879928446,0.3918918918918919,0.24324324324324326,0.7567567567567568,3,0.02110319657636376,2.0,1.0,10,79.24614814814811,1.8508148148147612,0.9570793102512607,1.2055215414280613,27.58
3dm8_A,3dm8,alpha_beta,135,74,1,mpnn_halo,halo,False,24,33,10,10,1.0,0.0,26.5,0.828125,10,9.955555555555556,0.2787028896114691,0.527027027027027,0.3581081081081081,0.6418918918918919,0,,,,10,78.62051851851854,1.2251851851852038,0.9496943464515162,1.249691568838127,43.62
3dm8_A,3dm8,alpha_beta,135,74,1,mpnn_halo,halo,False,4,6,10,10,1.0,0.0,4.0,0.8,9,5.933333333333334,0.15591730878914395,0.20270270270270271,0.05405405405405406,0.9459459459459459,0,,,,10,77.93522222222222,0.5398888888888891,0.9599176246128892,1.1618006382060062,9.86
3dm8_A,3dm8,alpha_beta,135,74,1,mpnn_halo,halo,False,-8,-10,10,10,1.0,0.0,11.0,1.0,10,5.0,0.1465511928333152,0.24324324324324326,0.14864864864864866,0.8513513513513513,3,-0.03592848159503319,0.0,1.0,10,74.78981481481486,-2.605518518518487,0.9511155778128217,1.3451279068058426,18.41
3dm8_A,3dm8,alpha_beta,135,74,1,mpnn_halo,halo,False,-16,-21,10,10,1.0,0.0,19.0,0.8636363636363636,10,13.088888888888889,0.37014099939368333,0.5135135135135135,0.25675675675675674,0.7432432432432432,3,0.007994502809917018,-3.0,2.0,10,72.80144444444446,-4.593888888888884,0.935679265044201,1.3459708787922167,40.15
3dm8_A,3dm8,alpha_beta,135,74,1,mpnn_halo,halo,False,-24,-31,10,10,1.0,0.0,27.0,0.84375,10,20.933333333333334,0.596366225410582,0.7162162162162162,0.36486486486486486,0.6351351351351351,0,,,,10,72.53803703703704,-4.8572962962962904,0.9358222899069748,1.3977527777004384,46.19
3dm8_A,3dm8,alpha_beta,135,74,1,mpnn_halo,halo,False,-4,-4,10,10,1.0,0.0,5.0,1.0,10,4.933333333333334,0.1340946268899858,0.17567567567567569,0.06756756756756757,0.9324324324324325,0,,,,10,76.21325925925927,-1.1820740740740732,0.9347907413491583,1.4362883239202295,10.64
3dm8_A,3dm8,alpha_beta,135,74,1,mpnn_hyper,hyper,False,8,12,10,10,1.0,0.0,9.0,0.8181818181818182,10,10.266666666666667,0.29140275195945364,0.32432432432432434,0.12162162162162163,0.8783783783783784,3,-0.030810850161228025,-1.0,1.0,10,78.05125925925924,0.6559259259259065,0.9303284246394329,1.3822635623416404,7.27
3dm8_A,3dm8,alpha_beta,135,74,1,mpnn_hyper,hyper,False,16,23,10,10,1.0,0.0,17.5,0.7954545454545454,10,12.777777777777779,0.35709504413490034,0.3918918918918919,0.2364864864864865,0.7635135135135136,3,0.005667770007842895,-1.0,2.0,10,77.22262962962961,-0.1727037037037249,0.9113167333420269,1.7980872260708063,11.78
3dm8_A,3dm8,alpha_beta,135,74,1,mpnn_hyper,hyper,False,24,33,10,10,1.0,0.0,25.5,0.796875,10,15.911111111111111,0.4505453765873108,0.527027027027027,0.3445945945945946,0.6554054054054055,0,,,,10,76.76048148148145,-0.6348518518518915,0.8910640497733682,1.9924966432298792,16.86
3dm8_A,3dm8,alpha_beta,135,74,1,mpnn_hyper,hyper,False,4,6,10,10,1.0,0.0,4.0,0.8,10,6.555555555555555,0.18799756810355028,0.2702702702702703,0.05405405405405406,0.9459459459459459,0,,,,10,77.38585185185185,-0.009481481481486753,0.957926959462454,1.0521816474485413,4.71
3dm8_A,3dm8,alpha_beta,135,74,1,mpnn_hyper,hyper,False,-8,-10,10,10,1.0,0.0,10.0,0.9090909090909091,10,4.933333333333334,0.13319716150224267,0.22972972972972974,0.13513513513513514,0.8648648648648649,3,-0.027071045843422327,0.0,1.0,10,76.46025925925929,-0.935074074074052,0.9124515754530336,1.8413227922083764,8.98
3dm8_A,3dm8,alpha_beta,135,74,1,mpnn_hyper,hyper,False,-16,-21,10,10,1.0,0.0,20.0,0.9090909090909091,10,11.511111111111111,0.32975343004053076,0.5540540540540541,0.2702702702702703,0.7297297297297297,3,0.019177404223322963,-5.0,2.0,10,74.94437037037036,-2.4509629629629686,0.8970522569573582,2.0824790148488423,17.11
3dm8_A,3dm8,alpha_beta,135,74,1,mpnn_hyper,hyper,False,-24,-31,10,10,1.0,0.0,28.0,0.875,10,23.711111111111112,0.6819401911987739,0.7567567567567568,0.3783783783783784,0.6216216216216216,0,,,,10,72.08318518518516,-5.312148148148182,0.9119738391597193,1.5454051666939959,23.56
3dm8_A,3dm8,alpha_beta,135,74,1,mpnn_hyper,hyper,False,-4,-4,10,10,1.0,0.0,5.0,1.0,8,3.6444444444444444,0.09890369135477382,0.12162162162162163,0.06756756756756757,0.9324324324324325,0,,,,10,77.44907407407409,0.05374074074074997,0.925003693543643,1.5654691715533713,6.82
3dm8_A,3dm8,alpha_beta,135,74,1,mpnn_soluble,soluble,False,8,12,10,10,1.0,0.0,8.5,0.7727272727272727,10,7.644444444444445,0.2149304022542194,0.2702702702702703,0.11486486486486487,0.8851351351351351,3,0.00991161407193254,-4.0,3.0,10,77.19674074074074,-0.19859259259260398,0.9312457052506591,1.4176595787853183,12.3
3dm8_A,3dm8,alpha_beta,135,74,1,mpnn_soluble,soluble,False,16,23,10,10,1.0,0.0,18.0,0.8181818181818182,10,11.044444444444444,0.30972434300879287,0.40540540540540543,0.24324324324324326,0.7567567567567568,3,0.03997666310091922,-3.0,1.0,10,74.99555555555557,-2.3997777777777642,0.9009215698407672,1.8402865399106458,19.65
3dm8_A,3dm8,alpha_beta,135,74,1,mpnn_soluble,soluble,False,24,33,10,10,1.0,0.0,25.0,0.78125,10,16.666666666666668,0.4686364220357195,0.581081081081081,0.33783783783783783,0.6621621621621622,0,,,,10,73.75570370370369,-3.6396296296296455,0.9139097668712852,1.5815321278714718,27.8
3dm8_A,3dm8,alpha_beta,135,74,1,mpnn_soluble,soluble,False,4,6,10,10,1.0,0.0,4.0,0.8,10,6.2444444444444445,0.1803208581660482,0.24324324324324326,0.05405405405405406,0.9459459459459459,0,,,,10,77.52370370370372,0.12837037037036936,0.9479106683835395,1.1873432360386351,7.66
3dm8_A,3dm8,alpha_beta,135,74,1,mpnn_soluble,soluble,False,-8,-10,10,10,1.0,0.0,10.0,0.9090909090909091,10,12.311111111111112,0.3220223078816685,0.3783783783783784,0.13513513513513514,0.8648648648648649,3,0.03988129593223119,-1.0,1.0,10,75.45085185185188,-1.9444814814814606,0.9410903732231237,1.2834607216947636,12.58
3dm8_A,3dm8,alpha_beta,135,74,1,mpnn_soluble,soluble,False,-16,-21,10,10,1.0,0.0,20.0,0.9090909090909091,10,11.444444444444445,0.30538330128886537,0.4594594594594595,0.2702702702702703,0.7297297297297297,3,-0.010279400659763066,-4.0,0.0,10,74.28359259259258,-3.111740740740764,0.9322729484992962,1.4503367366703834,20.76
3dm8_A,3dm8,alpha_beta,135,74,1,mpnn_soluble,soluble,False,-24,-31,10,10,1.0,0.0,28.0,0.875,10,10.133333333333333,0.26938271784040585,0.527027027027027,0.3783783783783784,0.6216216216216216,0,,,,10,73.12233333333333,-4.27300000000001,0.9236678563899334,1.5445464179108563,31.04
3dm8_A,3dm8,alpha_beta,135,74,1,mpnn_soluble,soluble,False,-4,-4,10,10,1.0,0.0,4.5,0.9,10,7.622222222222222,0.21067539177655936,0.3108108108108108,0.060810810810810814,0.9391891891891893,0,,,,10,76.73355555555557,-0.6617777777777789,0.9146924762347853,1.654980823511333,7.77
3dm8_A,3dm8,alpha_beta,135,74,1,mpnn_vanilla_weights,original,False,8,12,10,10,1.0,0.0,10.0,0.9090909090909091,10,10.577777777777778,0.3088983913637013,0.2972972972972973,0.13513513513513514,0.8648648648648649,3,-0.06166249687558792,-2.0,2.0,10,78.30914814814813,0.913814814814792,0.9288904768417554,1.4418215032502335,11.27
3dm8_A,3dm8,alpha_beta,135,74,1,mpnn_vanilla_weights,original,False,16,23,10,10,1.0,0.0,19.0,0.8636363636363636,10,11.666666666666666,0.35258147423417247,0.4594594594594595,0.25675675675675674,0.7432432432432432,3,0.008535220662594788,2.0,1.0,10,78.83355555555553,1.438222222222194,0.887629423157936,1.9542917923276706,19.3
3dm8_A,3dm8,alpha_beta,135,74,1,mpnn_vanilla_weights,original,False,24,33,10,10,1.0,0.0,27.0,0.84375,10,17.0,0.4879350775706398,0.5675675675675675,0.36486486486486486,0.6351351351351351,0,,,,10,78.28125925925927,0.8859259259259318,0.8957909550525154,1.8980768460461277,40.09
3dm8_A,3dm8,alpha_beta,135,74,1,mpnn_vanilla_weights,original,False,4,6,10,10,1.0,0.0,4.5,0.9,10,6.7555555555555555,0.19420699153913762,0.22972972972972974,0.060810810810810814,0.9391891891891893,0,,,,10,78.11448148148145,0.7191481481481148,0.9382441898202282,1.2496582093254074,6.59
3dm8_A,3dm8,alpha_beta,135,74,1,mpnn_vanilla_weights,original,False,-8,-10,10,10,1.0,0.0,10.0,0.9090909090909091,10,9.488888888888889,0.27123730803890955,0.32432432432432434,0.13513513513513514,0.8648648648648649,3,-0.027308694709012746,-1.0,0.0,10,76.08040740740742,-1.3149259259259267,0.9295456971562797,1.523662713977183,11.17
3dm8_A,3dm8,alpha_beta,135,74,1,mpnn_vanilla_weights,original,False,-16,-21,10,10,1.0,0.0,19.5,0.8863636363636364,10,8.822222222222223,0.2418848748251635,0.36486486486486486,0.2635135135135135,0.7364864864864864,3,-0.07908659073640575,-3.0,1.0,10,73.90162962962964,-3.4937037037037015,0.9002621847188332,1.7214375583929629,17.26
3dm8_A,3dm8,alpha_beta,135,74,1,mpnn_vanilla_weights,original,False,-24,-31,10,10,1.0,0.0,27.0,0.84375,10,16.177777777777777,0.4518147316879364,0.5540540540540541,0.36486486486486486,0.6351351351351351,0,,,,10,72.84314814814815,-4.552185185185202,0.9308239015285751,1.46865483195382,30.92
3dm8_A,3dm8,alpha_beta,135,74,1,mpnn_vanilla_weights,original,False,-4,-4,10,10,1.0,0.0,4.5,0.9,10,6.511111111111111,0.17791629904141962,0.24324324324324326,0.060810810810810814,0.9391891891891893,0,,,,10,76.1904074074074,-1.2049259259259344,0.9310308538616447,1.5284830834015402,6.42
3dm8_A,3dm8,alpha_beta,135,74,1,random_control,,,8,12,10,10,1.0,0.0,9.5,0.8636363636363636,10,16.977777777777778,0.5146922546642617,0.6891891891891891,0.1283783783783784,0.8716216216216217,3,0.1100002062314502,-5.0,1.0,10,75.18277777777777,-2.212555555555575,0.9444081086302268,1.3157643364617133,0.0004
3dm8_A,3dm8,alpha_beta,135,74,1,random_control,,,16,23,10,10,1.0,0.0,19.0,0.8636363636363636,10,28.6,0.8432743882394186,0.8108108108108109,0.25675675675675674,0.7432432432432432,3,0.15000082835315046,-1.0,1.0,10,73.53237037037037,-3.8629629629629676,0.9262146086966849,1.4441713063382373,0.0004
3dm8_A,3dm8,alpha_beta,135,74,1,random_control,,,24,33,10,10,1.0,0.0,26.5,0.828125,10,37.266666666666666,1.072566643755548,0.8648648648648649,0.3581081081081081,0.6418918918918919,0,,,,10,70.87418518518521,-6.521148148148136,0.8659074937610199,2.008360052042428,0.0005
3dm8_A,3dm8,alpha_beta,135,74,1,random_control,,,4,6,10,10,1.0,0.0,4.0,0.8,10,8.155555555555555,0.25321475031578206,0.4189189189189189,0.05405405405405406,0.9459459459459459,0,,,,10,76.55933333333333,-0.8360000000000127,0.948587728996175,1.2607307188688277,0.0004
3dm8_A,3dm8,alpha_beta,135,74,1,random_control,,,-8,-10,10,10,1.0,0.0,10.0,0.9090909090909091,10,17.355555555555554,0.5254988503506965,0.6756756756756757,0.13513513513513514,0.8648648648648649,3,0.07584388179875953,-1.0,2.0,10,73.46074074074073,-3.9345925925926153,0.9298601207286054,1.454420574004068,0.0004
3dm8_A,3dm8,alpha_beta,135,74,1,random_control,,,-16,-21,10,10,1.0,0.0,18.5,0.8409090909090909,10,29.488888888888887,0.878496300135618,0.8243243243243243,0.25,0.75,3,0.17448080667878557,-4.0,1.0,10,70.96255555555555,-6.432777777777787,0.9215194027811129,1.6474811628596413,0.0005
3dm8_A,3dm8,alpha_beta,135,74,1,random_control,,,-24,-31,10,10,1.0,0.0,27.0,0.84375,10,35.266666666666666,1.0171925570171283,0.8243243243243243,0.36486486486486486,0.6351351351351351,0,,,,10,67.98044444444446,-9.414888888888875,0.8744381443703222,1.752851829037653,0.0006
3dm8_A,3dm8,alpha_beta,135,74,1,random_control,,,-4,-4,10,10,1.0,0.0,5.0,1.0,10,8.666666666666666,0.265585492724705,0.44594594594594594,0.06756756756756757,0.9324324324324325,0,,,,10,76.3448148148148,-1.050518518518544,0.9417481384839157,1.3503542478748995,0.0004
3dm8_A,3dm8,alpha_beta,135,74,1,rosetta,,True,8,12,10,1,0.1,0.9,7.0,0.7,8,4.133333333333334,0.12011756253825681,0.17567567567567569,0.0945945945945946,0.9054054054054054,3,-0.07044173089494818,-2.0,2.0,10,78.3394814814815,0.9441481481481517,0.9617268460453483,1.0116974843623465,386.25
3dm8_A,3dm8,alpha_beta,135,74,1,rosetta,,True,16,23,10,2,0.2,0.8,18.0,0.782608695652174,7,4.133333333333334,0.11342131457724475,0.25675675675675674,0.22297297297297297,0.777027027027027,3,-0.05481680671973579,-1.0,3.0,10,76.31129629629632,-1.084037037037028,0.9331897520695324,1.4228198860335959,354.58
3dm8_A,3dm8,alpha_beta,135,74,1,rosetta,,True,24,33,10,2,0.2,0.8,26.0,0.8387096774193549,10,6.644444444444445,0.18866025739388356,0.43243243243243246,0.33783783783783783,0.6621621621621622,0,,,,10,77.0594074074074,-0.3359259259259417,0.9255700309674153,1.4729422545644868,242.04
3dm8_A,3dm8,alpha_beta,135,74,1,rosetta,,True,4,6,10,3,0.3,0.7,5.0,0.8333333333333334,7,2.3555555555555556,0.07073093068430605,0.0945945945945946,0.06756756756756757,0.9324324324324325,0,,,,10,78.37844444444443,0.9831111111110786,0.9590127016977046,1.0191459620439653,291.06
3dm8_A,3dm8,alpha_beta,135,74,1,rosetta,,True,-8,-10,10,6,0.6,0.4,9.0,0.8181818181818182,8,3.466666666666667,0.09305851843681094,0.17567567567567569,0.12162162162162163,0.8783783783783784,3,-0.045758162822994566,-4.0,0.0,10,75.03577777777777,-2.3595555555555734,0.9499550565437312,1.3908043340557477,212.31
3dm8_A,3dm8,alpha_beta,135,74,1,rosetta,,True,-16,-21,10,0,0.0,5.8,14.0,0.875,10,3.4,0.09264802853978642,0.22972972972972974,0.18243243243243246,0.8175675675675675,3,-0.07789422386773678,-1.0,3.0,10,76.7297777777778,-0.6655555555555495,0.9260394018476926,1.575859990474301,160.58
3dm8_A,3dm8,alpha_beta,135,74,1,rosetta,,True,-24,-31,10,0,0.0,15.8,14.0,0.875,10,4.777777777777778,0.13148337760475515,0.25675675675675674,0.17567567567567569,0.8243243243243243,0,,,,10,76.58111111111111,-0.8142222222222202,0.9148877475012072,1.6235379132852423,152.37
3dm8_A,3dm8,alpha_beta,135,74,1,rosetta,,True,-4,-4,10,5,0.5,0.5,4.0,0.8,7,1.8666666666666667,0.052370724078721495,0.08108108108108109,0.05405405405405406,0.9459459459459459,0,,,,10,73.81562962962964,-3.5797037037037,0.87969944365576,1.97435890085992,170.62
3gv1_A,3gv1,alpha_beta,134,49,1,avnapsa,,,8,12,10,10,1.0,0.0,8.0,0.7272727272727273,1,0.0,0.0,0.16326530612244897,0.16326530612244897,0.8367346938775511,3,0.023540868916283566,0.0,2.0,10,71.68085820895524,1.4730223880597393,0.9321133768568401,1.313159991192802,89.12
3gv1_A,3gv1,alpha_beta,134,49,1,avnapsa,,,16,22,10,10,1.0,0.0,13.0,0.6190476190476191,2,1.1111111111111112,0.04081632653061224,0.2857142857142857,0.2653061224489796,0.7346938775510204,3,0.11474408479588123,-4.0,0.0,10,70.32854477611943,0.12070895522392533,0.9258396259588709,1.4120586452255868,91.43
3gv1_A,3gv1,alpha_beta,134,49,1,avnapsa,,,24,33,10,6,0.6,0.4,19.5,0.599905303030303,3,0.5555555555555556,0.02040816326530612,0.3469387755102041,0.336734693877551,0.6632653061224489,0,,,,10,68.35022388059701,-1.8576119402984759,0.9183910877455669,1.4259074668003868,94.38
3gv1_A,3gv1,alpha_beta,134,49,1,avnapsa,,,4,6,10,10,1.0,0.0,3.0,0.6,1,0.0,0.0,0.061224489795918366,0.061224489795918366,0.9387755102040817,0,,,,10,71.01723880597015,0.8094029850746551,0.9350762912200483,1.2477067765189118,87.69
3gv1_A,3gv1,alpha_beta,134,49,1,avnapsa,,,-8,-10,10,10,1.0,0.0,8.0,0.7272727272727273,2,1.1111111111111112,0.04081632653061224,0.1836734693877551,0.16326530612244897,0.8367346938775511,3,0.05748134875511739,-1.0,0.0,10,69.37361940298507,-0.8342164179104188,0.9328765794578242,1.2699502655074828,85.73
3gv1_A,3gv1,alpha_beta,134,49,1,avnapsa,,,-16,-20,10,10,1.0,0.0,13.0,0.6190476190476191,2,1.1111111111111112,0.04081632653061224,0.2857142857142857,0.2653061224489796,0.7346938775510204,3,0.07317696221804566,-4.0,1.0,10,69.58570895522388,-0.6221268656716248,0.9286488782597211,1.4439590268383626,84.12
3gv1_A,3gv1,alpha_beta,134,49,1,avnapsa,,,-24,-31,10,2,0.2,0.8,19.0,0.5757575757575758,2,0.0,0.0,0.3469387755102041,0.3469387755102041,0.6530612244897959,0,,,,10,69.57611940298507,-0.6317164179104253,0.9403152546940061,1.170243703857833,81.95
3gv1_A,3gv1,alpha_beta,134,49,1,avnapsa,,,-4,-4,10,8,0.8,0.2,4.0,0.8,2,0.35555555555555557,0.0147332264262727,0.10204081632653061,0.08163265306122448,0.9183673469387755,0,,,,10,69.37787313432835,-0.8299626865671357,0.9313673120115648,1.316793191853109,86.96
3gv1_A,3gv1,alpha_beta,134,49,1,mpnn_halo,halo,False,8,12,10,10,1.0,0.0,9.0,0.8181818181818182,8,3.111111111111111,0.12877986653217874,0.30612244897959184,0.1836734693877551,0.8163265306122449,3,0.06717983488898407,6.0,1.0,10,70.43399253731344,0.22615671641794677,0.9198866969153852,1.423269444776304,10.16
3gv1_A,3gv1,alpha_beta,134,49,1,mpnn_halo,halo,False,16,22,10,10,1.0,0.0,16.0,0.7619047619047619,10,5.533333333333333,0.24249131204120528,0.42857142857142855,0.32653061224489793,0.673469387755102,3,0.12286925900269383,3.0,1.0,10,70.96600746268656,0.7581716417910656,0.9197532634020797,1.4229289586640081,20.79
3gv1_A,3gv1,alpha_beta,134,49,1,mpnn_halo,halo,False,24,33,10,10,1.0,0.0,24.0,0.75,10,10.644444444444444,0.4466331474358543,0.673469387755102,0.4897959183673469,0.5102040816326531,0,,,,10,69.42055970149252,-0.7872761194029749,0.884785918445028,1.8434564561259765,28.45
3gv1_A,3gv1,alpha_beta,134,49,1,mpnn_halo,halo,False,4,6,10,10,1.0,0.0,4.0,0.8,10,4.666666666666667,0.19011392836381427,0.24489795918367346,0.08163265306122448,0.9183673469387755,0,,,,10,69.98276119402983,-0.2250746268656627,0.9308378015463834,1.2694109987930005,6.74
3gv1_A,3gv1,alpha_beta,134,49,1,mpnn_halo,halo,False,-8,-10,10,10,1.0,0.0,9.0,0.8181818181818182,10,7.533333333333333,0.3118364236584397,0.3877551020408163,0.1836734693877551,0.8163265306122449,3,0.010997263767553332,-1.0,2.0,10,69.22720149253732,-0.9806343283581853,0.9280671002223158,1.301147916656807,14.76
3gv1_A,3gv1,alpha_beta,134,49,1,mpnn_halo,halo,False,-16,-20,10,10,1.0,0.0,17.0,0.8095238095238095,10,13.355555555555556,0.5900949857292448,0.673469387755102,0.3469387755102041,0.6530612244897959,3,0.04371951996164644,-5.0,-1.0,10,67.6304104477612,-2.577425373134311,0.9185771271286929,1.3780846958254889,22.17
3gv1_A,3gv1,alpha_beta,134,49,1,mpnn_halo,halo,False,-24,-31,10,10,1.0,0.0,24.5,0.765625,10,19.155555555555555,0.8334850366044285,0.7755102040816326,0.5,0.5,0,,,,10,67.46242537313432,-2.7454104477611665,0.9052596846995047,1.4668358348274846,31.43
3gv1_A,3gv1,alpha_beta,134,49,1,mpnn_halo,halo,False,-4,-4,10,10,1.0,0.0,4.0,0.8,10,5.555555555555555,0.23996180287111207,0.2857142857142857,0.08163265306122448,0.9183673469387755,0,,,,10,69.51649253731345,-0.691343283582043,0.9286830651491105,1.3457785804053,11.31
3gv1_A,3gv1,alpha_beta,134,49,1,mpnn_hyper,hyper,False,8,12,10,10,1.0,0.0,9.0,0.8181818181818182,10,5.644444444444445,0.25082280364997367,0.3469387755102041,0.1836734693877551,0.8163265306122449,3,-0.018692091580720587,4.0,0.0,10,71.329776119403,1.1219402985075035,0.9299875177254577,1.3062483309994226,5.17
3gv1_A,3gv1,alpha_beta,134,49,1,mpnn_hyper,hyper,False,16,22,10,10,1.0,0.0,16.0,0.7619047619047619,10,10.6,0.443067803085097,0.5102040816326531,0.32653061224489793,0.673469387755102,3,0.06287438281633037,-2.0,1.0,10,71.88798507462687,1.6801492537313791,0.9310248297031309,1.2562040790829596,9.2
3gv1_A,3gv1,alpha_beta,134,49,1,mpnn_hyper,hyper,False,24,33,10,10,1.0,0.0,25.0,0.78125,10,15.8,0.6531662697683813,0.6938775510204082,0.5102040816326531,0.4897959183673469,0,,,,10,68.99529850746268,-1.2125373134328186,0.9235866197602249,1.3140694805341253,10.83
3gv1_A,3gv1,alpha_beta,134,49,1,mpnn_hyper,hyper,False,4,6,10,10,1.0,0.0,4.5,0.9,10,5.288888888888889,0.21307197671172975,0.22448979591836735,0.09183673469387754,0.9081632653061225,0,,,,10,70.79156716417913,0.5837313432836311,0.9337656373112295,1.2194201944606258,3.72
3gv1_A,3gv1,alpha_beta,134,49,1,mpnn_hyper,hyper,False,-8,-10,10,10,1.0,0.0,9.0,0.8181818181818182,9,3.3333333333333335,0.14913241000203026,0.2653061224489796,0.1836734693877551,0.8163265306122449,3,-0.04290916193303462,-3.0,1.0,10,63.61589552238807,-6.591940298507424,0.9333042972360344,1.2296446275361121,8.3
3gv1_A,3gv1,alpha_beta,134,49,1,mpnn_hyper,hyper,False,-16,-20,10,10,1.0,0.0,16.0,0.7619047619047619,10,12.444444444444445,0.5495169443891835,0.6530612244897959,0.32653061224489793,0.673469387755102,3,0.013392089798155616,-4.0,0.0,10,63.78578358208952,-6.422052238805978,0.9232920490752758,1.3414506177967453,15.24
3gv1_A,3gv1,alpha_beta,134,49,1,mpnn_hyper,hyper,False,-24,-31,10,10,1.0,0.0,24.0,0.75,10,19.022222222222222,0.8274581053971359,0.7755102040816326,0.4897959183673469,0.5102040816326531,0,,,,10,62.70701492537313,-7.500820895522363,0.8961197365120999,1.5542662650491001,23.3
3gv1_A,3gv1,alpha_beta,134,49,1,mpnn_hyper,hyper,False,-4,-4,10,10,1.0,0.0,4.0,0.8,7,2.422222222222222,0.1004463862550287,0.14285714285714285,0.08163265306122448,0.9183673469387755,0,,,,10,66.45402985074627,-3.75380597014923,0.9338739946174416,1.2663234955215725,3.63
3gv1_A,3gv1,alpha_beta,134,49,1,mpnn_soluble,soluble,False,8,12,10,10,1.0,0.0,9.0,0.8181818181818182,9,6.2,0.25988959550959767,0.3469387755102041,0.1836734693877551,0.8163265306122449,3,-0.03802132690385133,3.0,1.0,10,70.94682835820893,0.738992537313429,0.9277734093012902,1.2734629917032296,6.24
3gv1_A,3gv1,alpha_beta,134,49,1,mpnn_soluble,soluble,False,16,22,10,10,1.0,0.0,16.0,0.7619047619047619,10,7.155555555555556,0.30538743919498285,0.4489795918367347,0.32653061224489793,0.673469387755102,3,0.030876167134121474,2.0,1.0,10,70.1742910447761,-0.03354477611939899,0.8923397010287941,1.796445871879818,8.81
3gv1_A,3gv1,alpha_beta,134,49,1,mpnn_soluble,soluble,False,24,33,10,10,1.0,0.0,24.0,0.75,10,11.28888888888889,0.4708949601141302,0.5918367346938775,0.4897959183673469,0.5102040816326531,0,,,,10,71.59682835820894,1.3889925373134488,0.8878128425119005,1.8324724868341111,11.49
3gv1_A,3gv1,alpha_beta,134,49,1,mpnn_soluble,soluble,False,4,6,10,10,1.0,0.0,4.0,0.8,10,5.088888888888889,0.20791008893013627,0.24489795918367346,0.08163265306122448,0.9183673469387755,0,,,,10,70.80600746268657,0.598171641791069,0.9298818474757515,1.3257188570667187,4.43
3gv1_A,3gv1,alpha_beta,134,49,1,mpnn_soluble,soluble,False,-8,-10,10,10,1.0,0.0,8.0,0.7272727272727273,10,7.644444444444445,0.31319324233193563,0.3673469387755102,0.16326530612244897,0.8367346938775511,3,-0.038250206073037946,1.0,-1.0,10,66.22406716417912,-3.9837686567163786,0.9316017433216659,1.268612182597783,5.89
3gv1_A,3gv1,alpha_beta,134,49,1,mpnn_soluble,soluble,False,-16,-20,10,10,1.0,0.0,15.0,0.7142857142857143,10,6.955555555555556,0.27738771394792305,0.4489795918367347,0.30612244897959184,0.6938775510204082,3,0.005153721588130504,-3.0,0.0,10,67.41742537313431,-2.7904104477611824,0.9264471606926004,1.282079370548332,7.66
3gv1_A,3gv1,alpha_beta,134,49,1,mpnn_soluble,soluble,False,-24,-31,10,10,1.0,0.0,23.0,0.71875,10,7.5777777777777775,0.31321505781124115,0.6122448979591837,0.46938775510204084,0.5306122448979592,0,,,,10,67.65667910447758,-2.551156716417914,0.9212265631900449,1.3591347434276142,20.86
3gv1_A,3gv1,alpha_beta,134,49,1,mpnn_soluble,soluble,False,-4,-4,10,10,1.0,0.0,4.0,0.8,10,5.644444444444445,0.23518749023698873,0.30612244897959184,0.08163265306122448,0.9183673469387755,0,,,,10,69.4969029850746,-0.7109328358208913,0.9334015378175194,1.2861759458732394,4.59
3gv1_A,3gv1,alpha_beta,134,49,1,mpnn_vanilla_weights,original,False,8,12,10,10,1.0,0.0,8.0,0.7272727272727273,10,7.111111111111111,0.30757392528835675,0.32653061224489793,0.16326530612244897,0.8367346938775511,3,0.009544821718107605,3.0,0.0,10,71.76727611940296,1.559440298507468,0.9296718558500661,1.2983384150785908,6.55
3gv1_A,3gv1,alpha_beta,134,49,1,mpnn_vanilla_weights,original,False,16,22,10,10,1.0,0.0,16.0,0.7619047619047619,10,9.022222222222222,0.38788547257817896,0.5102040816326531,0.32653061224489793,0.673469387755102,3,0.054093720553924585,0.0,1.0,10,70.72738805970152,0.5195522388060283,0.8973947660159127,1.7234143601706726,11.02
3gv1_A,3gv1,alpha_beta,134,49,1,mpnn_vanilla_weights,original,False,24,33,10,10,1.0,0.0,24.0,0.75,10,13.022222222222222,0.5524499305809996,0.6326530612244898,0.4897959183673469,0.5102040816326531,0,,,,10,70.4347014925373,0.2268656716418107,0.8938673744984322,1.756426045846061,13.07
3gv1_A,3gv1,alpha_beta,134,49,1,mpnn_vanilla_weights,original,False,4,6,10,10,1.0,0.0,4.0,0.8,10,5.044444444444444,0.22413678457244823,0.24489795918367346,0.08163265306122448,0.9183673469387755,0,,,,10,70.85429104477615,0.6464552238806434,0.9300826566215071,1.2637538156641777,4.7
3gv1_A,3gv1,alpha_beta,134,49,1,mpnn_vanilla_weights,original,False,-8,-10,10,10,1.0,0.0,9.0,0.8181818181818182,10,6.222222222222222,0.24646930947861515,0.30612244897959184,0.1836734693877551,0.8163265306122449,3,-0.03699451521795347,-2.0,0.0,10,65.24399253731343,-4.963843283582065,0.930382924974034,1.3085262874886867,6.95
3gv1_A,3gv1,alpha_beta,134,49,1,mpnn_vanilla_weights,original,False,-16,-20,10,10,1.0,0.0,16.0,0.7619047619047619,10,8.4,0.3614545152475713,0.5306122448979592,0.32653061224489793,0.673469387755102,3,0.022229926638291164,-6.0,0.0,10,66.09697761194028,-4.110858208955214,0.9238075226122496,1.3080857680605331,12.35
3gv1_A,3gv1,alpha_beta,134,49,1,mpnn_vanilla_weights,original,False,-24,-31,10,10,1.0,0.0,23.5,0.734375,10,14.8,0.6410042022343609,0.7346938775510204,0.47959183673469385,0.5204081632653061,0,,,,10,65.04388059701493,-5.1639552238805635,0.9188507569566872,1.3606058425370067,16.51
3gv1_A,3gv1,alpha_beta,134,49,1,mpnn_vanilla_weights,original,False,-4,-4,10,10,1.0,0.0,4.0,0.8,10,3.977777777777778,0.17047533868466805,0.22448979591836735,0.08163265306122448,0.9183673469387755,0,,,,10,66.12638059701493,-4.081455223880575,0.9336984210521382,1.2496535166704112,4.78
3gv1_A,3gv1,alpha_beta,134,49,1,random_control,,,8,12,10,10,1.0,0.0,8.0,0.7272727272727273,10,13.911111111111111,0.6304928351448296,0.673469387755102,0.16326530612244897,0.8367346938775511,3,0.03974513826354034,-3.0,1.0,10,68.65757462686565,-1.5502611940298436,0.9214280382517614,1.3276123806328062,0.0004
3gv1_A,3gv1,alpha_beta,134,49,1,random_control,,,16,22,10,10,1.0,0.0,16.0,0.7619047619047619,10,21.755555555555556,0.9440810585149456,0.7346938775510204,0.32653061224489793,0.673469387755102,3,0.07339226205522421,0.0,2.0,10,69.88619402985074,-0.32164179104474755,0.9219893167680122,1.3644449970909842,0.0004
3gv1_A,3gv1,alpha_beta,134,49,1,random_control,,,24,33,10,10,1.0,0.0,24.0,0.75,10,24.155555555555555,1.0564638897428322,0.7346938775510204,0.4897959183673469,0.5102040816326531,0,,,,10,66.71123134328357,-3.496604477611932,0.8952896444717238,1.6547015431964378,0.0004
3gv1_A,3gv1,alpha_beta,134,49,1,random_control,,,4,6,10,10,1.0,0.0,3.0,0.6,10,6.155555555555556,0.2807157837969467,0.40816326530612246,0.061224489795918366,0.9387755102040817,0,,,,10,70.85436567164179,0.6465298507462904,0.9314815348601174,1.2652829778835222,0.0003
3gv1_A,3gv1,alpha_beta,134,49,1,random_control,,,-8,-10,10,10,1.0,0.0,8.0,0.7272727272727273,10,13.644444444444444,0.6278427781960146,0.7142857142857143,0.16326530612244897,0.8367346938775511,3,0.040177969491739546,2.0,1.0,10,68.39656716417909,-1.8112686567164005,0.9201452973652611,1.3315061219665698,0.0004
3gv1_A,3gv1,alpha_beta,134,49,1,random_control,,,-16,-20,10,10,1.0,0.0,16.0,0.7619047619047619,10,21.88888888888889,0.9750360544522821,0.7755102040816326,0.32653061224489793,0.673469387755102,3,0.14673891254959776,-5.0,2.0,10,67.99145522388056,-2.2163805970149255,0.9148558308052155,1.4372407814212322,0.0004
3gv1_A,3gv1,alpha_beta,134,49,1,random_control,,,-24,-31,10,10,1.0,0.0,24.5,0.765625,10,25.511111111111113,1.1170298407701098,0.7755102040816326,0.5,0.5,0,,,,10,65.48712686567163,-4.72070895522387,0.8841353459184311,1.8308677519999579,0.0005
3gv1_A,3gv1,alpha_beta,134,49,1,random_control,,,-4,-4,10,10,1.0,0.0,4.0,0.8,10,7.4222222222222225,0.34779461336711787,0.5306122448979592,0.08163265306122448,0.9183673469387755,0,,,,10,68.13779850746266,-2.0700373134328345,0.9260093051066947,1.3504986557204943,0.0003
3gv1_A,3gv1,alpha_beta,134,49,1,rosetta,,True,8,12,10,3,0.3,0.7,8.0,0.7272727272727273,10,4.4222222222222225,0.17532238456688526,0.2653061224489796,0.14285714285714285,0.8571428571428571,3,-0.013913006761377213,1.0,1.0,10,72.17757462686566,1.9697388059701666,0.9337328546684861,1.2909456740098415,358.82
3gv1_A,3gv1,alpha_beta,134,49,1,rosetta,,True,16,22,10,3,0.3,0.8,16.0,0.7619047619047619,9,3.6666666666666665,0.1446189870270206,0.32653061224489793,0.2653061224489796,0.7346938775510204,3,-0.0802398143454222,4.0,1.0,10,75.76660447761196,5.55876865671646,0.9341436870553097,1.2371148713642366,170.06
3gv1_A,3gv1,alpha_beta,134,49,1,rosetta,,True,24,33,10,0,0.0,9.6,17.5,0.7727272727272727,8,2.3555555555555556,0.09504207614089319,0.32653061224489793,0.30612244897959184,0.6938775510204082,0,,,,10,75.81119402985077,5.603358208955271,0.9346370345461823,1.2214908203358283,190.54
3gv1_A,3gv1,alpha_beta,134,49,1,rosetta,,True,4,6,10,2,0.2,0.8,5.0,0.8333333333333334,5,2.3555555555555556,0.09558780362895253,0.12244897959183673,0.08163265306122448,0.9183673469387755,0,,,,10,71.8019402985075,1.5941044776119995,0.9329699995892086,1.329587666250063,341.49
3gv1_A,3gv1,alpha_beta,134,49,1,rosetta,,True,-8,-10,10,2,0.2,0.8,8.0,0.8,7,2.5555555555555554,0.09990625869076257,0.20408163265306123,0.14285714285714285,0.8571428571428571,3,0.005425486748838585,-1.0,0.0,10,66.29600746268656,-3.911828358208929,0.9333633144214589,1.2573528058739014,195.08
3gv1_A,3gv1,alpha_beta,134,49,1,rosetta,,True,-16,-20,10,0,0.0,4.8,13.0,0.7647058823529411,6,1.7555555555555555,0.06868981209345797,0.2857142857142857,0.24489795918367346,0.7551020408163265,3,-0.044249391020757464,-2.0,1.0,10,66.2325,-3.975335820895495,0.9304614499618422,1.2733155733006587,173.43
3gv1_A,3gv1,alpha_beta,134,49,1,rosetta,,True,-24,-31,10,0,0.0,16.1,12.5,0.7777777777777778,6,2.1555555555555554,0.0846470068964017,0.2653061224489796,0.2346938775510204,0.7653061224489796,0,,,,10,66.07197761194028,-4.135858208955213,0.9306474252294248,1.269151732606908,148.5
3gv1_A,3gv1,alpha_beta,134,49,1,rosetta,,True,-4,-4,10,7,0.7,0.3,4.0,0.8,5,1.488888888888889,0.06027562218240876,0.10204081632653061,0.061224489795918366,0.9387755102040817,0,,,,10,66.7762313432836,-3.4316044776119057,0.9274823044104068,1.3410254209551984,194.83
3iu6_A,3iu6,mainly_alpha,142,63,-6,avnapsa,,,4,0,10,0,0.0,1.0,4.0,0.5714285714285714,1,0.0,0.0,0.06349206349206349,0.06349206349206349,0.9365079365079365,0,,,,10,80.08517605633801,3.347077464788711,0.9284068004748682,1.593964775569639,99.78
3iu6_A,3iu6,mainly_alpha,142,63,-6,avnapsa,,,16,17,10,2,0.2,0.8,15.0,0.625,2,1.0666666666666667,0.034377528327969635,0.25396825396825395,0.23809523809523808,0.7619047619047619,3,0.007876539656956219,-3.0,1.0,10,73.79302816901406,-2.945070422535231,0.9082616928337647,1.7062816254566844,106.61
3iu6_A,3iu6,mainly_alpha,142,63,-6,avnapsa,,,24,28,10,0,0.0,1.0,21.0,0.6,1,0.0,0.0,0.3333333333333333,0.3333333333333333,0.6666666666666666,0,,,,10,76.75278169014082,0.014683098591518728,0.9025995001128437,1.721036369300037,110.69
3iu6_A,3iu6,mainly_alpha,142,63,-6,avnapsa,,,8,5,10,10,1.0,0.0,7.0,0.6363636363636364,1,0.0,0.0,0.1111111111111111,0.1111111111111111,0.8888888888888888,3,0.00490420048545619,-1.0,1.0,10,76.84426056338029,0.10616197183098564,0.9117192653383596,1.610852381401667,101.56
3iu6_A,3iu6,mainly_alpha,142,63,-6,avnapsa,,,-4,-12,10,10,1.0,0.0,4.0,0.6666666666666666,1,0.0,0.0,0.06349206349206349,0.06349206349206349,0.9365079365079365,0,,,,10,76.22394366197182,-0.5141549295774794,0.918901854667481,1.6618176432522112,99.74
3iu6_A,3iu6,mainly_alpha,142,63,-6,avnapsa,,,-8,-17,10,0,0.0,1.0,8.0,0.6666666666666666,2,0.7111111111111111,0.022918352218646423,0.14285714285714285,0.12698412698412698,0.873015873015873,3,0.03924967381827191,-2.0,1.0,10,76.56658450704225,-0.17151408450704508,0.9005732098484525,1.763103333700685,99.22
3iu6_A,3iu6,mainly_alpha,142,63,-6,avnapsa,,,-16,-29,10,7,0.7,0.3,14.0,0.6086956521739131,2,0.9333333333333333,0.027977488864466434,0.23809523809523808,0.2222222222222222,0.7777777777777778,3,0.08051232624388975,-7.0,0.0,10,77.43091549295778,0.6928169014084773,0.9237753717678104,1.558770746517915,97.5
3iu6_A,3iu6,mainly_alpha,142,63,-6,avnapsa,,,-24,-40,10,5,0.5,0.5,21.0,0.6088235294117648,2,0.0,0.0,0.31746031746031744,0.31746031746031744,0.6825396825396826,0,,,,10,77.25774647887324,0.5196478873239414,0.9246742038420981,1.3179596050669486,94.7
3iu6_A,3iu6,mainly_alpha,142,63,-6,mpnn_halo,halo,False,4,0,10,10,1.0,0.0,4.0,0.6666666666666666,10,6.222222222222222,0.19321683696266695,0.25396825396825395,0.06349206349206349,0.9365079365079365,0,,,,10,78.00183098591549,1.263732394366194,0.9062256614814941,1.6896506042848194,8.44
3iu6_A,3iu6,mainly_alpha,142,63,-6,mpnn_halo,halo,False,16,17,10,10,1.0,0.0,16.5,0.717391304347826,10,4.7555555555555555,0.15884366413098094,0.36507936507936506,0.26190476190476186,0.7380952380952381,3,0.11890207816549397,-2.0,1.0,10,79.09644366197185,2.358345070422544,0.9059661281435347,1.7674752580022335,20.39
3iu6_A,3iu6,mainly_alpha,142,63,-6,mpnn_halo,halo,False,24,28,10,10,1.0,0.0,24.0,0.7058823529411765,10,12.511111111111111,0.4235752928925678,0.6031746031746031,0.38095238095238093,0.6190476190476191,0,,,,10,78.28778169014086,1.549683098591558,0.9078436495218436,1.738247002714329,31.79
3iu6_A,3iu6,mainly_alpha,142,63,-6,mpnn_halo,halo,False,8,5,10,10,1.0,0.0,8.0,0.7272727272727273,10,6.066666666666666,0.19577617733900898,0.2698412698412698,0.12698412698412698,0.873015873015873,3,0.10622930833364454,-4.0,2.0,10,78.12031690140847,1.3822183098591623,0.899423700859878,1.8010170408252795,12.24
3iu6_A,3iu6,mainly_alpha,142,63,-6,mpnn_halo,halo,False,-4,-12,10,10,1.0,0.0,5.0,0.8333333333333334,10,3.888888888888889,0.131396215370329,0.14285714285714285,0.07936507936507936,0.9206349206349206,0,,,,10,79.82429577464785,3.0861971830985553,0.9270899187143937,1.193143790689151,8.22
3iu6_A,3iu6,mainly_alpha,142,63,-6,mpnn_halo,halo,False,-8,-17,10,10,1.0,0.0,8.0,0.7272727272727273,9,4.355555555555555,0.14232760875807554,0.19047619047619047,0.12698412698412698,0.873015873015873,3,-0.0029967373632053163,-2.0,1.0,10,78.28542253521127,1.547323943661965,0.9216314776873533,1.2274127076194192,11.26
3iu6_A,3iu6,mainly_alpha,142,63,-6,mpnn_halo,halo,False,-16,-29,10,10,1.0,0.0,16.0,0.6956521739130435,10,13.355555555555556,0.4488949929292025,0.5555555555555556,0.25396825396825395,0.746031746031746,3,0.05743426802292332,-1.0,0.0,10,75.26193661971828,-1.4761619718310186,0.914171916311656,1.4490165963109034,32.73
3iu6_A,3iu6,mainly_alpha,142,63,-6,mpnn_halo,halo,False,-24,-40,10,10,1.0,0.0,24.0,0.7058823529411765,10,19.844444444444445,0.6566682266764929,0.6507936507936508,0.38095238095238093,0.6190476190476191,0,,,,10,69.41207746478872,-7.326021126760587,0.8768187041502754,1.693959367696777,31.36
3iu6_A,3iu6,mainly_alpha,142,63,-6,mpnn_hyper,hyper,False,4,0,10,10,1.0,0.0,5.0,0.8333333333333334,10,7.4,0.24932545175366988,0.31746031746031744,0.07936507936507936,0.9206349206349206,0,,,,10,78.83457746478874,2.096478873239427,0.9170148761106571,1.5672632730387406,4.43
3iu6_A,3iu6,mainly_alpha,142,63,-6,mpnn_hyper,hyper,False,16,17,10,10,1.0,0.0,17.0,0.7391304347826086,10,12.377777777777778,0.4174844513636868,0.4603174603174603,0.2698412698412698,0.7301587301587301,3,0.05599191749054355,-2.0,2.0,10,80.36035211267605,3.622253521126744,0.9144789552681349,1.810059628536107,9.37
3iu6_A,3iu6,mainly_alpha,142,63,-6,mpnn_hyper,hyper,False,24,28,10,10,1.0,0.0,24.0,0.7058823529411765,10,10.733333333333333,0.349737940415898,0.49206349206349204,0.38095238095238093,0.6190476190476191,0,,,,10,74.74091549295775,-1.9971830985915489,0.8987326751125293,1.8415493747683223,11.31
3iu6_A,3iu6,mainly_alpha,142,63,-6,mpnn_hyper,hyper,False,8,5,10,10,1.0,0.0,8.0,0.7272727272727273,10,10.422222222222222,0.3368509770143969,0.36507936507936506,0.12698412698412698,0.873015873015873,3,0.06187976810946499,-3.0,0.0,10,79.23982394366197,2.501725352112672,0.9154236011064791,1.7380958579079766,5.94
3iu6_A,3iu6,mainly_alpha,142,63,-6,mpnn_hyper,hyper,False,-4,-12,10,10,1.0,0.0,4.0,0.6666666666666666,7,3.022222222222222,0.09169361230282633,0.1111111111111111,0.06349206349206349,0.9365079365079365,0,,,,10,78.77028169014082,2.032183098591524,0.9240138833962599,1.4458980573721643,4.32
3iu6_A,3iu6,mainly_alpha,142,63,-6,mpnn_hyper,hyper,False,-8,-17,10,10,1.0,0.0,7.0,0.6363636363636364,10,5.0,0.15767084655771113,0.23809523809523808,0.1111111111111111,0.8888888888888888,3,-0.007409287229154175,-5.0,2.0,10,78.35218309859162,1.614084507042321,0.9277496861368016,1.2659048079749868,5.92
3iu6_A,3iu6,mainly_alpha,142,63,-6,mpnn_hyper,hyper,False,-16,-29,10,10,1.0,0.0,16.0,0.6956521739130435,10,13.71111111111111,0.4572367498263068,0.5714285714285714,0.25396825396825395,0.746031746031746,3,0.08040075754862255,-7.0,1.0,10,76.6248943661972,-0.11320422535210639,0.9214768846680663,1.2567372390602212,10.62
3iu6_A,3iu6,mainly_alpha,142,63,-6,mpnn_hyper,hyper,False,-24,-40,10,10,1.0,0.0,24.5,0.7205882352941178,10,19.08888888888889,0.6507237956728498,0.6666666666666666,0.38888888888888884,0.6111111111111112,0,,,,10,71.67024647887321,-5.067852112676093,0.8992504610335711,1.5717528061222286,14.17
3iu6_A,3iu6,mainly_alpha,142,63,-6,mpnn_soluble,soluble,False,4,0,10,10,1.0,0.0,5.0,0.8333333333333334,10,7.088888888888889,0.2427511505012296,0.3333333333333333,0.07936507936507936,0.9206349206349206,0,,,,10,76.8556690140845,0.1175704225351879,0.909483060661227,1.7434455584886979,5.68
3iu6_A,3iu6,mainly_alpha,142,63,-6,mpnn_soluble,soluble,False,16,17,10,10,1.0,0.0,17.0,0.7391304347826086,10,10.666666666666666,0.35564049327212494,0.47619047619047616,0.2698412698412698,0.7301587301587301,3,0.012340906589057439,-4.0,-1.0,10,78.71764084507042,1.9795422535211173,0.9124614521353119,1.8187729703568243,9.19
3iu6_A,3iu6,mainly_alpha,142,63,-6,mpnn_soluble,soluble,False,24,28,10,10,1.0,0.0,24.0,0.7058823529411765,10,13.8,0.4548693552544704,0.5396825396825397,0.38095238095238093,0.6190476190476191,0,,,,10,77.00492957746482,0.2668309859155187,0.9049325190366735,1.832951824021365,12.13
3iu6_A,3iu6,mainly_alpha,142,63,-6,mpnn_soluble,soluble,False,8,5,10,10,1.0,0.0,8.5,0.7727272727272727,10,9.177777777777777,0.31258370934993224,0.38095238095238093,0.1349206349206349,0.8650793650793651,3,0.014601643410446901,-3.0,1.0,10,78.35711267605635,1.619014084507036,0.9071994210592792,1.6500578179712153,6.0
3iu6_A,3iu6,mainly_alpha,142,63,-6,mpnn_soluble,soluble,False,-4,-12,10,10,1.0,0.0,4.0,0.6666666666666666,10,7.111111111111111,0.2381856690272706,0.3333333333333333,0.06349206349206349,0.9365079365079365,0,,,,10,76.4482394366197,-0.28985915492959435,0.9156610041687732,1.5800531142827197,6.78
3iu6_A,3iu6,mainly_alpha,142,63,-6,mpnn_soluble,soluble,False,-8,-17,10,10,1.0,0.0,8.0,0.7272727272727273,10,9.644444444444444,0.29026381160272374,0.31746031746031744,0.12698412698412698,0.873015873015873,3,0.029401410260449047,-6.0,1.0,10,77.83588028169012,1.0977816901408275,0.9257141702764806,1.3073142465846734,6.15
3iu6_A,3iu6,mainly_alpha,142,63,-6,mpnn_soluble,soluble,False,-16,-29,10,10,1.0,0.0,16.0,0.6956521739130435,10,9.466666666666667,0.3014259805775302,0.38095238095238093,0.25396825396825395,0.746031746031746,3,0.031165679598347467,-8.0,1.0,10,76.69366197183098,-0.04443661971833279,0.9199649171091419,1.4384632074850265,8.97
3iu6_A,3iu6,mainly_alpha,142,63,-6,mpnn_soluble,soluble,False,-24,-40,10,10,1.0,0.0,24.0,0.7058823529411765,10,4.444444444444445,0.14148079744625122,0.42857142857142855,0.38095238095238093,0.6190476190476191,0,,,,10,74.71355633802818,-2.024542253521126,0.9131502348686359,1.352984846441999,11.15
3iu6_A,3iu6,mainly_alpha,142,63,-6,mpnn_vanilla_weights,original,False,4,0,10,10,1.0,0.0,5.0,0.8333333333333334,10,6.022222222222222,0.19491717522707913,0.23809523809523808,0.07936507936507936,0.9206349206349206,0,,,,10,78.53464788732397,1.7965492957746676,0.9078232447144524,1.6568555620548353,6.16
3iu6_A,3iu6,mainly_alpha,142,63,-6,mpnn_vanilla_weights,original,False,16,17,10,10,1.0,0.0,17.0,0.7391304347826086,10,10.422222222222222,0.3486762861550916,0.4603174603174603,0.2698412698412698,0.7301587301587301,3,0.11564722985577737,2.0,0.0,10,79.90897887323943,3.170880281690131,0.9020210659744754,1.926151176106782,12.85
3iu6_A,3iu6,mainly_alpha,142,63,-6,mpnn_vanilla_weights,original,False,24,28,10,10,1.0,0.0,24.0,0.7058823529411765,10,13.266666666666667,0.4447888666443977,0.5555555555555556,0.38095238095238093,0.6190476190476191,0,,,,10,78.57823943661973,1.8401408450704153,0.911395029509885,1.7934827073257644,17.41
3iu6_A,3iu6,mainly_alpha,142,63,-6,mpnn_vanilla_weights,original,False,8,5,10,10,1.0,0.0,8.5,0.7727272727272727,10,8.2,0.27732697548179214,0.31746031746031744,0.1349206349206349,0.8650793650793651,3,0.010895886327475268,-1.0,3.0,10,79.17492957746478,2.436830985915485,0.9088788983032207,1.715034008610433,8.31
3iu6_A,3iu6,mainly_alpha,142,63,-6,mpnn_vanilla_weights,original,False,-4,-12,10,10,1.0,0.0,4.0,0.6666666666666666,10,5.177777777777778,0.16503435386096524,0.2222222222222222,0.06349206349206349,0.9365079365079365,0,,,,10,78.5329929577465,1.794894366197191,0.9262394102479224,1.4770105433186396,5.18
3iu6_A,3iu6,mainly_alpha,142,63,-6,mpnn_vanilla_weights,original,False,-8,-17,10,10,1.0,0.0,8.0,0.7272727272727273,10,6.022222222222222,0.19889532987259753,0.25396825396825395,0.12698412698412698,0.873015873015873,3,-0.018596090807849477,-2.0,1.0,10,78.86570422535212,2.1276056338028226,0.9258845137552059,1.4859592339009633,7.13
3iu6_A,3iu6,mainly_alpha,142,63,-6,mpnn_vanilla_weights,original,False,-16,-29,10,10,1.0,0.0,16.0,0.6956521739130435,10,6.777777777777778,0.21729355857223984,0.3333333333333333,0.25396825396825395,0.746031746031746,3,0.05349349329812114,-7.0,0.0,10,78.01411971830987,1.2760211267605612,0.9162149535178442,1.2540932006610626,13.09
3iu6_A,3iu6,mainly_alpha,142,63,-6,mpnn_vanilla_weights,original,False,-24,-40,10,10,1.0,0.0,23.5,0.6911764705882353,10,11.555555555555555,0.3902842217242417,0.5555555555555556,0.373015873015873,0.626984126984127,0,,,,10,73.80521126760563,-2.9328873239436746,0.9037993358795926,1.353014823975224,15.93
3iu6_A,3iu6,mainly_alpha,142,63,-6,random_control,,,4,0,10,10,1.0,0.0,4.0,0.6666666666666666,10,7.777777777777778,0.28254009592623736,0.42857142857142855,0.06349206349206349,0.9365079365079365,0,,,,10,76.7287676056338,-0.009330985915504186,0.9117916624707008,1.5318313388613998,0.0004
3iu6_A,3iu6,mainly_alpha,142,63,-6,random_control,,,16,17,10,10,1.0,0.0,16.0,0.6956521739130435,10,24.177777777777777,0.8216106422022482,0.7619047619047619,0.25396825396825395,0.746031746031746,3,0.08495013623885057,-6.0,0.0,10,75.04267605633802,-1.6954225352112786,0.9028335606703192,1.847770088534682,0.0004
3iu6_A,3iu6,mainly_alpha,142,63,-6,random_control,,,24,28,10,10,1.0,0.0,24.0,0.7058823529411765,10,30.844444444444445,1.0613069840191063,0.7777777777777778,0.38095238095238093,0.6190476190476191,0,,,,10,73.79084507042253,-2.9472535211267683,0.8744151812351989,1.965219522144573,0.0005
3iu6_A,3iu6,mainly_alpha,142,63,-6,random_control,,,8,5,10,10,1.0,0.0,8.0,0.7272727272727273,10,13.755555555555556,0.4833348468071425,0.5873015873015873,0.12698412698412698,0.873015873015873,3,0.1017604929674644,-5.0,0.0,10,75.62482394366197,-1.11327464788733,0.9096792840316323,1.6070289548207306,0.0004
3iu6_A,3iu6,mainly_alpha,142,63,-6,random_control,,,-4,-12,10,10,1.0,0.0,5.0,0.8333333333333334,10,8.88888888888889,0.32643943842621265,0.5079365079365079,0.07936507936507936,0.9206349206349206,0,,,,10,76.93852112676056,0.20042253521125986,0.9107533453863055,1.5663399229110713,0.0004
3iu6_A,3iu6,mainly_alpha,142,63,-6,random_control,,,-8,-17,10,10,1.0,0.0,9.0,0.8181818181818182,10,14.844444444444445,0.5204480754144369,0.6031746031746031,0.14285714285714285,0.8571428571428571,3,0.045531684528256934,-4.0,1.0,10,74.54288732394363,-2.1952112676056714,0.9011095153187882,1.6147321606291636,0.0004
3iu6_A,3iu6,mainly_alpha,142,63,-6,random_control,,,-16,-29,10,10,1.0,0.0,17.0,0.7391304347826086,10,23.755555555555556,0.8126450011117586,0.6666666666666666,0.2698412698412698,0.7301587301587301,3,0.14775787100256302,-7.0,2.0,10,74.44397887323943,-2.2941197183098723,0.9012036612670491,1.5600149878794465,0.0004
3iu6_A,3iu6,mainly_alpha,142,63,-6,random_control,,,-24,-40,10,10,1.0,0.0,25.5,0.75,10,28.177777777777777,0.9646875971629677,0.6825396825396826,0.40476190476190477,0.5952380952380952,0,,,,10,66.74929577464786,-9.988802816901433,0.825198020134261,1.9776103998676393,0.0006
3iu6_A,3iu6,mainly_alpha,142,63,-6,rosetta,,True,4,0,10,3,0.3,0.7,4.0,0.7142857142857143,9,2.688888888888889,0.08435665927590016,0.1111111111111111,0.06349206349206349,0.9365079365079365,0,,,,10,78.99348591549297,2.2553873239436655,0.9219093064631851,1.449483809369827,614.29
3iu6_A,3iu6,mainly_alpha,142,63,-6,rosetta,,True,16,17,10,3,0.3,0.7,16.0,0.6742424242424242,10,4.977777777777778,0.15967724968576236,0.3333333333333333,0.24603174603174602,0.753968253968254,3,-0.030195223492039708,3.0,2.0,10,78.03352112676055,1.2954225352112445,0.9095045120269947,1.6540254116130209,435.64
3iu6_A,3iu6,mainly_alpha,142,63,-6,rosetta,,True,24,28,10,1,0.1,1.1,24.5,0.7142857142857143,10,5.688888888888889,0.18837306732669729,0.47619047619047616,0.38095238095238093,0.6190476190476191,0,,,,10,77.04003521126762,0.30193661971831176,0.9031528714372171,1.7416614990148578,279.93
3iu6_A,3iu6,mainly_alpha,142,63,-6,rosetta,,True,8,5,10,3,0.3,0.7,8.0,0.7272727272727273,9,3.066666666666667,0.10276246124893013,0.19047619047619047,0.12698412698412698,0.873015873015873,3,-0.02003407573492726,-3.0,3.0,10,77.91950704225354,1.1814084507042466,0.9087258217478054,1.620927333205924,399.98
3iu6_A,3iu6,mainly_alpha,142,63,-6,rosetta,,True,-4,-12,10,7,0.7,0.3,4.0,0.6904761904761905,6,2.2,0.06877499805374573,0.09523809523809523,0.06349206349206349,0.9365079365079365,0,,,,10,76.21088028169011,-0.5272183098591938,0.9113171131121256,1.6657801412992932,204.74
3iu6_A,3iu6,mainly_alpha,142,63,-6,rosetta,,True,-8,-17,10,0,0.0,1.0,8.0,0.8,4,1.8888888888888888,0.0627130528895514,0.14285714285714285,0.12698412698412698,0.873015873015873,3,-0.035918490945365145,-3.0,2.0,10,76.71922535211263,-0.0188732394366653,0.9176619976988374,1.5644992732237846,218.61
3iu6_A,3iu6,mainly_alpha,142,63,-6,rosetta,,True,-16,-29,10,0,0.0,8.8,11.0,0.7692307692307693,8,2.2666666666666666,0.07122256145931316,0.2222222222222222,0.15873015873015872,0.8412698412698413,3,-0.016834271067043365,-4.0,1.0,10,77.8963028169014,1.158204225352101,0.9249336492604512,1.465724871560261,172.0
3iu6_A,3iu6,mainly_alpha,142,63,-6,rosetta,,True,-24,-40,10,0,0.0,19.9,11.0,0.7692307692307693,8,2.7555555555555555,0.08514924237201027,0.2222222222222222,0.15873015873015872,0.8412698412698413,0,,,,10,78.1218309859155,1.3837323943661985,0.9231580080124155,1.4611793153274282,172.48
3sjq_C,3sjq,mainly_alpha,80,63,14,avnapsa,,,-16,1,10,0,0.0,1.0,8.0,0.5714285714285714,2,0.4,0.014888749002834325,0.14285714285714285,0.12698412698412698,0.873015873015873,3,-0.0923595042283079,6.0,0.0,10,68.8523125,1.9488125000000025,0.804484823087334,1.8322647747347973,67.43
3sjq_C,3sjq,mainly_alpha,80,63,14,avnapsa,,,-4,11,10,10,1.0,0.0,2.0,0.6666666666666666,1,0.0,0.0,0.031746031746031744,0.031746031746031744,0.9682539682539683,0,,,,10,68.3373125,1.4338124999999948,0.8140227087640519,1.6145615584680215,69.79
3sjq_C,3sjq,mainly_alpha,80,63,14,avnapsa,,,4,17,10,10,1.0,0.0,2.0,0.6666666666666666,1,0.0,0.0,0.031746031746031744,0.031746031746031744,0.9682539682539683,0,,,,10,66.20568750000001,-0.6978124999999906,0.7986508716932907,1.8989464725113798,70.72
3sjq_C,3sjq,mainly_alpha,80,63,14,avnapsa,,,8,20,10,10,1.0,0.0,4.0,0.6666666666666666,1,0.0,0.0,0.06349206349206349,0.06349206349206349,0.9365079365079365,3,-0.009974896017018153,0.0,0.0,10,65.9109375,-0.9925624999999911,0.7849415972989491,1.7177855702981262,71.14
3sjq_C,3sjq,mainly_alpha,80,63,14,avnapsa,,,16,27,10,0,0.0,1.0,9.0,0.6428571428571429,1,0.0,0.0,0.14285714285714285,0.14285714285714285,0.8571428571428571,3,0.027806196301246543,-2.0,0.0,10,62.99906249999999,-3.9044375000000073,0.6563199166994639,2.312401990084865,71.32
3sjq_C,3sjq,mainly_alpha,80,63,14,avnapsa,,,24,33,10,10,1.0,0.0,14.0,0.7368421052631579,1,0.0,0.0,0.20634920634920634,0.20634920634920634,0.7936507936507936,0,,,,10,62.63549999999999,-4.268000000000001,0.6131895626027541,2.058913184216962,75.62
3sjq_C,3sjq,mainly_alpha,80,63,14,avnapsa,,,-8,8,10,10,1.0,0.0,4.0,0.6666666666666666,1,0.0,0.0,0.06349206349206349,0.06349206349206349,0.9365079365079365,3,-0.06757781608379858,6.0,0.0,10,67.77443750000003,0.8709375000000321,0.8135368734175282,1.6220221532028645,69.72
3sjq_C,3sjq,mainly_alpha,80,63,14,avnapsa,,,-24,-5,10,0,0.0,1.0,11.0,0.55,3,0.8,0.02977749800566865,0.20634920634920634,0.1746031746031746,0.8253968253968254,0,,,,10,70.0789375,3.175437500000008,0.8178166477912694,1.8081678667595569,66.51
3sjq_C,3sjq,mainly_alpha,80,63,14,mpnn_halo,halo,False,-16,1,10,10,1.0,0.0,9.0,0.6923076923076923,10,6.022222222222222,0.20063005771715953,0.2857142857142857,0.14285714285714285,0.8571428571428571,3,-0.04433493432340292,5.0,0.0,10,64.75256249999998,-2.150937500000012,0.7238917033517429,2.0416149284760383,15.04
3sjq_C,3sjq,mainly_alpha,80,63,14,mpnn_halo,halo,False,-4,11,10,10,1.0,0.0,2.0,0.6666666666666666,10,3.533333333333333,0.11509622537170602,0.15873015873015872,0.031746031746031744,0.9682539682539683,0,,,,10,67.35193749999999,0.44843749999999716,0.7775181587991482,1.8608114238240494,5.26
3sjq_C,3sjq,mainly_alpha,80,63,14,mpnn_halo,halo,False,4,17,10,10,1.0,0.0,3.0,1.0,10,4.111111111111111,0.13688276247575393,0.20634920634920634,0.047619047619047616,0.9523809523809523,0,,,,10,64.9525,-1.9509999999999934,0.7454535748873421,1.9457832109318154,5.28
3sjq_C,3sjq,mainly_alpha,80,63,14,mpnn_halo,halo,False,8,20,10,10,1.0,0.0,4.0,0.6666666666666666,10,3.8444444444444446,0.12791650772695307,0.20634920634920634,0.06349206349206349,0.9365079365079365,3,0.01583095647862436,-2.0,0.0,10,65.62768750000001,-1.2758124999999865,0.772186281909133,1.9873322516661176,6.96
3sjq_C,3sjq,mainly_alpha,80,63,14,mpnn_halo,halo,False,16,27,10,10,1.0,0.0,10.0,0.7692307692307693,10,6.644444444444445,0.20482879250143604,0.30158730158730157,0.15873015873015872,0.8412698412698413,3,0.04066813241825713,-2.0,0.0,10,62.595124999999996,-4.308374999999998,0.6849712817173463,1.9521999885584909,11.81
3sjq_C,3sjq,mainly_alpha,80,63,14,mpnn_halo,halo,False,24,33,10,10,1.0,0.0,15.0,0.7894736842105263,10,10.444444444444445,0.33342950145514194,0.47619047619047616,0.23809523809523808,0.7619047619047619,0,,,,10,65.58893749999999,-1.314562500000001,0.6547863850017261,2.045815830575978,17.64
3sjq_C,3sjq,mainly_alpha,80,63,14,mpnn_halo,halo,False,-8,8,10,10,1.0,0.0,4.0,0.6666666666666666,9,3.888888888888889,0.12175898515181814,0.15873015873015872,0.06349206349206349,0.9365079365079365,3,-0.05236147630200953,3.0,0.0,10,64.64543749999999,-2.258062500000001,0.7563824216480028,1.7915459395012168,8.1
3sjq_C,3sjq,mainly_alpha,80,63,14,mpnn_halo,halo,False,-24,-5,10,10,1.0,0.0,13.0,0.6842105263157895,10,6.888888888888889,0.22123280887313262,0.36507936507936506,0.20634920634920634,0.7936507936507936,0,,,,10,64.24837499999997,-2.6551250000000266,0.7950890135899683,1.7876106482637515,24.26
3sjq_C,3sjq,mainly_alpha,80,63,14,mpnn_hyper,hyper,False,-16,1,10,10,1.0,0.0,9.5,0.7307692307692308,10,6.333333333333333,0.2084789455337053,0.31746031746031744,0.15079365079365079,0.8492063492063492,3,-0.13771354797920451,6.0,0.0,10,66.3118125,-0.5916874999999848,0.7847702389742937,1.8170172560169493,8.7
3sjq_C,3sjq,mainly_alpha,80,63,14,mpnn_hyper,hyper,False,-4,11,10,10,1.0,0.0,3.0,1.0,6,2.2,0.07229666855065915,0.09523809523809523,0.047619047619047616,0.9523809523809523,0,,,,10,66.98012499999999,0.07662499999999284,0.7692531959263684,1.7139777193065466,3.08
3sjq_C,3sjq,mainly_alpha,80,63,14,mpnn_hyper,hyper,False,4,17,10,10,1.0,0.0,3.0,1.0,9,2.9555555555555557,0.10167826147152438,0.09523809523809523,0.047619047619047616,0.9523809523809523,0,,,,10,66.64425,-0.25925000000000153,0.786747607835834,1.9108161802003045,2.77
3sjq_C,3sjq,mainly_alpha,80,63,14,mpnn_hyper,hyper,False,8,20,10,10,1.0,0.0,5.0,0.8333333333333334,9,3.6666666666666665,0.1241655460987143,0.15873015873015872,0.07936507936507936,0.9206349206349206,3,0.022215863430805526,0.0,1.0,10,64.48849999999999,-2.414999999999999,0.7002491439006395,2.1703398599242334,3.54
3sjq_C,3sjq,mainly_alpha,80,63,14,mpnn_hyper,hyper,False,16,27,10,10,1.0,0.0,10.0,0.7692307692307693,10,7.911111111111111,0.2575499745767787,0.2698412698412698,0.15873015873015872,0.8412698412698413,3,0.005997830920108171,-2.0,0.0,10,65.58431249999998,-1.3191875000000053,0.7040538209874619,2.0690453440598944,8.33
3sjq_C,3sjq,mainly_alpha,80,63,14,mpnn_hyper,hyper,False,24,33,10,10,1.0,0.0,15.5,0.8157894736842105,10,12.822222222222223,0.4358384598275537,0.42857142857142855,0.24603174603174602,0.753968253968254,0,,,,10,64.47287500000002,-2.430624999999978,0.6786350909878502,2.2060064118215226,8.9
3sjq_C,3sjq,mainly_alpha,80,63,14,mpnn_hyper,hyper,False,-8,8,10,10,1.0,0.0,5.0,0.8333333333333334,6,2.0,0.06453526081079794,0.12698412698412698,0.07936507936507936,0.9206349206349206,3,-0.21775119553290131,6.0,0.0,10,67.68537500000002,0.7818750000000279,0.7708581327259598,1.842077054157586,4.55
3sjq_C,3sjq,mainly_alpha,80,63,14,mpnn_hyper,hyper,False,-24,-5,10,10,1.0,0.0,13.0,0.6842105263157895,10,8.4,0.28239856495815174,0.4603174603174603,0.20634920634920634,0.7936507936507936,0,,,,10,70.06175,3.1582500000000095,0.7942768754898561,1.856029574405005,15.28
3sjq_C,3sjq,mainly_alpha,80,63,14,mpnn_soluble,soluble,False,-16,1,10,10,1.0,0.0,10.0,0.7692307692307693,10,14.222222222222221,0.44562393665491346,0.5873015873015873,0.15873015873015872,0.8412698412698413,3,-0.15767995225904877,6.0,0.0,10,64.59299999999999,-2.3105000000000047,0.7633541738679197,1.8314786099782974,9.39
3sjq_C,3sjq,mainly_alpha,80,63,14,mpnn_soluble,soluble,False,-4,11,10,10,1.0,0.0,2.0,0.6666666666666666,10,4.511111111111111,0.16436146774557245,0.3333333333333333,0.031746031746031744,0.9682539682539683,0,,,,10,65.7949375,-1.1085624999999908,0.7860084172008237,1.8899724189671572,3.66
3sjq_C,3sjq,mainly_alpha,80,63,14,mpnn_soluble,soluble,False,4,17,10,10,1.0,0.0,3.0,1.0,10,5.2,0.18046393401810576,0.30158730158730157,0.047619047619047616,0.9523809523809523,0,,,,10,65.57849999999999,-1.3250000000000028,0.7684447143763534,1.9233881091038767,3.45
3sjq_C,3sjq,mainly_alpha,80,63,14,mpnn_soluble,soluble,False,8,20,10,10,1.0,0.0,5.5,0.9166666666666667,10,8.822222222222223,0.2855254500333202,0.3492063492063492,0.0873015873015873,0.9126984126984127,3,0.0021584782555802207,1.0,0.0,10,66.4501875,-0.45331249999998846,0.7554624821348772,1.8620886962296854,5.12
3sjq_C,3sjq,mainly_alpha,80,63,14,mpnn_soluble,soluble,False,16,27,10,10,1.0,0.0,12.0,0.9230769230769231,10,13.533333333333333,0.4347841168097009,0.5238095238095238,0.19047619047619047,0.8095238095238095,3,-0.06475158932136545,0.0,0.0,10,66.8470625,-0.05643749999998704,0.7156535050113065,1.9071166872803431,8.35
3sjq_C,3sjq,mainly_alpha,80,63,14,mpnn_soluble,soluble,False,24,33,10,10,1.0,0.0,17.0,0.8947368421052632,10,14.911111111111111,0.47538985751878776,0.5396825396825397,0.2698412698412698,0.7301587301587301,0,,,,10,67.38612499999996,0.48262499999997743,0.6738013891135229,2.17933473509835,10.86
3sjq_C,3sjq,mainly_alpha,80,63,14,mpnn_soluble,soluble,False,-8,8,10,10,1.0,0.0,5.0,0.8333333333333334,10,7.733333333333333,0.2538782315314543,0.3968253968253968,0.07936507936507936,0.9206349206349206,3,-0.09925607826845492,4.0,0.0,10,64.2636875,-2.639812499999991,0.7731809292233929,1.8508940713014206,5.18
3sjq_C,3sjq,mainly_alpha,80,63,14,mpnn_soluble,soluble,False,-24,-5,10,10,1.0,0.0,14.5,0.763157894736842,10,17.177777777777777,0.5353414419439891,0.7142857142857143,0.23015873015873015,0.7698412698412698,0,,,,10,64.5545625,-2.348937499999991,0.764963485010965,1.8155462281204922,12.34
3sjq_C,3sjq,mainly_alpha,80,63,14,mpnn_vanilla_weights,original,False,-16,1,10,10,1.0,0.0,9.5,0.7307692307692308,10,11.71111111111111,0.3764796724988132,0.49206349206349204,0.15079365079365079,0.8492063492063492,3,-0.08789500799937996,2.0,0.0,10,64.72175,-2.181749999999994,0.7495946931586648,2.005504253681642,9.47
3sjq_C,3sjq,mainly_alpha,80,63,14,mpnn_vanilla_weights,original,False,-4,11,10,10,1.0,0.0,2.0,0.6666666666666666,10,3.933333333333333,0.1359285296894386,0.2222222222222222,0.031746031746031744,0.9682539682539683,0,,,,10,67.15037500000003,0.24687500000003126,0.7739568490628781,1.8926758294929433,3.49
3sjq_C,3sjq,mainly_alpha,80,63,14,mpnn_vanilla_weights,original,False,4,17,10,10,1.0,0.0,3.0,1.0,10,4.733333333333333,0.16813452539161353,0.2698412698412698,0.047619047619047616,0.9523809523809523,0,,,,10,63.0979375,-3.8055624999999935,0.6995833105997511,1.9451016510744952,3.34
3sjq_C,3sjq,mainly_alpha,80,63,14,mpnn_vanilla_weights,original,False,8,20,10,10,1.0,0.0,5.0,0.8333333333333334,10,8.377777777777778,0.2875728556200427,0.3492063492063492,0.07936507936507936,0.9206349206349206,3,0.0008612354277968137,2.0,0.0,10,65.08081250000001,-1.8226874999999865,0.7432951291151308,1.96772882019981,4.86
3sjq_C,3sjq,mainly_alpha,80,63,14,mpnn_vanilla_weights,original,False,16,27,10,10,1.0,0.0,11.0,0.8461538461538461,10,12.222222222222221,0.3999630680597351,0.4444444444444444,0.1746031746031746,0.8253968253968254,3,0.042633759649509884,3.0,0.0,10,64.68187500000002,-2.2216249999999818,0.6381437848639411,2.205395919064281,8.14
3sjq_C,3sjq,mainly_alpha,80,63,14,mpnn_vanilla_weights,original,False,24,33,10,10,1.0,0.0,16.0,0.8421052631578947,10,15.666666666666666,0.5194230730073403,0.47619047619047616,0.25396825396825395,0.746031746031746,0,,,,10,66.5833125,-0.32018749999999585,0.6427658574312132,2.00709673257177,10.31
3sjq_C,3sjq,mainly_alpha,80,63,14,mpnn_vanilla_weights,original,False,-8,8,10,10,1.0,0.0,4.0,0.6666666666666666,10,7.155555555555556,0.23133871404035378,0.3492063492063492,0.06349206349206349,0.9365079365079365,3,-0.16219437840954926,5.0,0.0,10,66.212625,-0.6908749999999984,0.7681186252909595,1.770537711551336,5.21
3sjq_C,3sjq,mainly_alpha,80,63,14,mpnn_vanilla_weights,original,False,-24,-5,10,10,1.0,0.0,14.0,0.7368421052631579,10,13.866666666666667,0.4461702610246827,0.5714285714285714,0.2222222222222222,0.7777777777777778,0,,,,10,66.23125,-0.6722499999999911,0.7745181274728159,1.8776174683393752,12.54
3sjq_C,3sjq,mainly_alpha,80,63,14,random_control,,,-16,1,10,10,1.0,0.0,10.0,0.7692307692307693,10,17.022222222222222,0.593450442586712,0.746031746031746,0.15873015873015872,0.8412698412698413,3,0.062350123933761735,4.0,0.0,10,59.103312500000015,-7.8001874999999785,0.6564666003462595,2.2162491100861645,0.0004
3sjq_C,3sjq,mainly_alpha,80,63,14,random_control,,,-4,11,10,10,1.0,0.0,2.5,0.8333333333333333,10,4.711111111111111,0.17003560515921942,0.31746031746031744,0.03968253968253968,0.9603174603174602,0,,,,10,62.284875,-4.618624999999994,0.6732151171978729,2.312277370505715,0.0003
3sjq_C,3sjq,mainly_alpha,80,63,14,random_control,,,4,17,10,10,1.0,0.0,3.0,1.0,10,5.4222222222222225,0.20265612215646187,0.2857142857142857,0.047619047619047616,0.9523809523809523,0,,,,10,63.009437500000004,-3.8940624999999898,0.6562544343435333,2.258721572911707,0.0003
3sjq_C,3sjq,mainly_alpha,80,63,14,random_control,,,8,20,10,10,1.0,0.0,5.0,0.8333333333333334,10,9.511111111111111,0.339826407847662,0.49206349206349204,0.07936507936507936,0.9206349206349206,3,0.05646025098508147,0.0,0.0,10,62.98699999999998,-3.91650000000001,0.6621057927233587,2.1174884681475072,0.0003
3sjq_C,3sjq,mainly_alpha,80,63,14,random_control,,,16,27,10,10,1.0,0.0,12.0,0.9230769230769231,10,19.377777777777776,0.6739876411606287,0.6984126984126984,0.19047619047619047,0.8095238095238095,3,0.008009032724294585,-1.0,0.0,10,65.32537499999998,-1.578125000000007,0.6483703647248286,1.846105622704974,0.0004
3sjq_C,3sjq,mainly_alpha,80,63,14,random_control,,,24,33,10,10,1.0,0.0,17.0,0.8947368421052632,10,24.31111111111111,0.8222062436892579,0.6984126984126984,0.2698412698412698,0.7301587301587301,0,,,,10,67.53475,0.6312500000000014,0.5962829026513767,2.0760688590303253,0.0004
3sjq_C,3sjq,mainly_alpha,80,63,14,random_control,,,-8,8,10,10,1.0,0.0,5.0,0.8333333333333334,10,8.488888888888889,0.3025067852535186,0.49206349206349204,0.07936507936507936,0.9206349206349206,3,-0.05653161002175189,5.0,0.0,10,63.330625,-3.572875,0.731163015162376,1.9923035745740094,0.0003
3sjq_C,3sjq,mainly_alpha,80,63,14,random_control,,,-24,-5,10,10,1.0,0.0,13.5,0.7105263157894737,10,22.333333333333332,0.7769826113179885,0.873015873015873,0.21428571428571427,0.7857142857142857,0,,,,10,59.4838125,-7.419687499999998,0.6208026202025587,2.360834420677075,0.0005
3sjq_C,3sjq,mainly_alpha,80,63,14,rosetta,,True,-16,1,10,3,0.3,0.7,9.0,0.75,7,2.888888888888889,0.09117044710796751,0.19047619047619047,0.14285714285714285,0.8571428571428571,3,-0.17664908535126359,4.0,0.0,10,70.478375,3.5748749999999987,0.8388119868768668,1.7338150685048213,169.44
3sjq_C,3sjq,mainly_alpha,80,63,14,rosetta,,True,-4,11,10,4,0.4,0.6,3.0,1.0,5,1.488888888888889,0.04688103947520681,0.07936507936507936,0.047619047619047616,0.9523809523809523,0,,,,10,67.82493750000003,0.9214375000000317,0.8084879557587905,1.7333546415774599,98.86
3sjq_C,3sjq,mainly_alpha,80,63,14,rosetta,,True,4,17,10,2,0.2,0.8,3.0,0.75,5,1.8444444444444446,0.057632855182866566,0.09523809523809523,0.047619047619047616,0.9523809523809523,0,,,,10,64.66825000000003,-2.235249999999972,0.7693931833845848,1.7538716823288938,435.74
3sjq_C,3sjq,mainly_alpha,80,63,14,rosetta,,True,8,20,10,3,0.3,0.7,6.0,0.8571428571428571,3,0.6666666666666666,0.021433118933650377,0.09523809523809523,0.09523809523809523,0.9047619047619048,3,-0.08375764917012737,2.0,0.0,10,61.862187500000005,-5.041312499999989,0.6077926184976772,2.4707940167133264,489.95
3sjq_C,3sjq,mainly_alpha,80,63,14,rosetta,,True,16,27,10,2,0.2,0.8,11.0,0.7857142857142857,5,1.9777777777777779,0.06762785906805854,0.19047619047619047,0.1746031746031746,0.8253968253968254,3,0.004987258354788793,-2.0,0.0,10,62.75975,-4.143749999999997,0.5651176695544297,2.859679457798701,282.57
3sjq_C,3sjq,mainly_alpha,80,63,14,rosetta,,True,24,33,10,1,0.1,0.9,17.0,0.85,3,1.1333333333333333,0.0354218633658836,0.2857142857142857,0.2698412698412698,0.7301587301587301,0,,,,10,60.20093750000001,-6.702562499999985,0.5188651429857989,1.8695183995083178,232.96
3sjq_C,3sjq,mainly_alpha,80,63,14,rosetta,,True,-8,8,10,2,0.2,0.8,4.5,0.8,7,1.8444444444444446,0.05834021558453002,0.12698412698412698,0.07142857142857142,0.9285714285714286,3,-0.13466167816786906,5.0,0.0,10,66.73943750000001,-0.1640624999999858,0.8185540456177153,1.9310285555064877,127.87
3sjq_C,3sjq,mainly_alpha,80,63,14,rosetta,,True,-24,-5,10,1,0.1,0.9,13.0,0.7222222222222222,6,2.7777777777777777,0.09420071981525782,0.23809523809523808,0.20634920634920634,0.7936507936507936,0,,,,10,69.40274999999998,2.4992499999999893,0.7886394376479011,1.567930383445584,148.73
3vjf_A,3vjf,mainly_alpha,92,87,-5,avnapsa,,,16,10,10,9,0.9,0.1,12.0,0.8,5,2.2,0.05003216059089604,0.16091954022988506,0.13793103448275862,0.8620689655172413,3,-0.21699086840551574,0.0,0.0,10,49.945706521739126,-3.0982065217391437,0.4150630934486529,3.2508606819467634,63.26
3vjf_A,3vjf,mainly_alpha,92,87,-5,avnapsa,,,24,17,10,8,0.8,0.2,16.0,0.7272727272727273,4,1.3111111111111111,0.032768310006236416,0.22988505747126436,0.1839080459770115,0.8160919540229885,0,,,,10,55.5625,2.5185869565217303,0.6003096287800973,2.9804611633461953,56.44
3vjf_A,3vjf,mainly_alpha,92,87,-5,avnapsa,,,8,2,10,10,1.0,0.0,5.0,0.7142857142857143,1,0.0,0.0,0.05747126436781609,0.05747126436781609,0.9425287356321839,3,-0.10348588791471637,-4.0,-1.0,10,53.123913043478254,0.07999999999998053,0.39255931719354087,2.873680573935281,61.23
3vjf_A,3vjf,mainly_alpha,92,87,-5,avnapsa,,,4,-1,10,10,1.0,0.0,3.0,0.75,1,0.0,0.0,0.034482758620689655,0.034482758620689655,0.9655172413793104,0,,,,10,52.77896739130435,-0.2649456521739211,0.3575869056450153,3.066027824014143,61.23
3vjf_A,3vjf,mainly_alpha,92,87,-5,avnapsa,,,-8,-12,10,0,0.0,1.0,5.0,0.625,1,0.0,0.0,0.05747126436781609,0.05747126436781609,0.9425287356321839,3,0.04658638286606963,-2.0,-1.0,10,57.53233695652174,4.488423913043469,0.6500189015130078,2.9097442995015075,60.57
3vjf_A,3vjf,mainly_alpha,92,87,-5,avnapsa,,,-16,-20,10,9,0.9,0.1,10.0,0.6666666666666666,5,1.7777777777777777,0.04289809045716392,0.14942528735632185,0.11494252873563218,0.8850574712643678,3,-0.052256502654517055,-3.0,-1.0,10,54.88369565217391,1.8397826086956428,0.6101082708344246,3.3272636361433454,60.95
3vjf_A,3vjf,mainly_alpha,92,87,-5,avnapsa,,,-24,-27,10,10,1.0,0.0,16.0,0.7272727272727273,1,0.0,0.0,0.1839080459770115,0.1839080459770115,0.8160919540229885,0,,,,10,52.67228260869566,-0.3716304347826096,0.6027729846385366,3.203294173598775,58.54
3vjf_A,3vjf,mainly_alpha,92,87,-5,avnapsa,,,-4,-9,10,10,1.0,0.0,3.0,0.75,1,0.0,0.0,0.034482758620689655,0.034482758620689655,0.9655172413793104,0,,,,10,56.03858695652174,2.9946739130434743,0.6001501628089908,3.439310360699961,59.53
3vjf_A,3vjf,mainly_alpha,92,87,-5,mpnn_halo,halo,False,16,10,10,10,1.0,0.0,14.0,0.9333333333333333,10,12.133333333333333,0.2949541871713201,0.39080459770114945,0.16091954022988506,0.8390804597701149,3,-0.08459045568719921,5.0,1.0,10,60.964619565217376,7.920706521739106,0.5634021095948989,3.659929494144361,27.47
3vjf_A,3vjf,mainly_alpha,92,87,-5,mpnn_halo,halo,False,24,17,10,10,1.0,0.0,19.5,0.8863636363636364,10,13.377777777777778,0.32377665188306914,0.42528735632183906,0.22413793103448276,0.7758620689655172,0,,,,10,63.83451086956522,10.790597826086948,0.5566794284481996,3.4836610312589302,36.73
3vjf_A,3vjf,mainly_alpha,92,87,-5,mpnn_halo,halo,False,8,2,10,10,1.0,0.0,6.0,0.8571428571428571,10,9.2,0.21871952106522824,0.26436781609195403,0.06896551724137931,0.9310344827586207,3,-0.10440671681114358,2.0,0.0,10,56.07391304347826,3.029999999999987,0.4576869788353274,3.295785321408277,13.83
3vjf_A,3vjf,mainly_alpha,92,87,-5,mpnn_halo,halo,False,4,-1,10,10,1.0,0.0,4.0,1.0,10,6.2,0.14885014097297428,0.19540229885057472,0.04597701149425287,0.9540229885057471,0,,,,10,58.8220652173913,5.778152173913028,0.5769244042172977,3.2896166697896883,10.1
3vjf_A,3vjf,mainly_alpha,92,87,-5,mpnn_halo,halo,False,-8,-12,10,10,1.0,0.0,6.0,0.8571428571428571,9,3.2444444444444445,0.07778711549969788,0.14942528735632185,0.06896551724137931,0.9310344827586207,3,-0.2419622263775881,1.0,0.0,10,54.54722826086957,1.5033152173913003,0.36413266318415816,2.977280207070425,12.66
3vjf_A,3vjf,mainly_alpha,92,87,-5,mpnn_halo,halo,False,-16,-20,10,10,1.0,0.0,13.0,0.8666666666666667,10,10.333333333333334,0.24309676791497292,0.39080459770114945,0.14942528735632185,0.8505747126436781,3,0.07956516717274677,-2.0,1.0,10,54.908695652173904,1.8647826086956343,0.42449489815089325,3.446003033505346,25.89
3vjf_A,3vjf,mainly_alpha,92,87,-5,mpnn_halo,halo,False,-24,-27,10,10,1.0,0.0,19.0,0.8636363636363636,10,15.822222222222223,0.38130257182480876,0.5517241379310345,0.21839080459770116,0.7816091954022989,0,,,,10,54.68766304347827,1.6437500000000007,0.5809338975777193,3.527504358923859,43.81
3vjf_A,3vjf,mainly_alpha,92,87,-5,mpnn_halo,halo,False,-4,-9,10,10,1.0,0.0,3.0,0.75,9,3.2,0.07629720295733836,0.10344827586206896,0.034482758620689655,0.9655172413793104,0,,,,10,53.00505434782612,-0.03885869565215572,0.3751802101443801,2.5860436683191503,8.49
3vjf_A,3vjf,mainly_alpha,92,87,-5,mpnn_hyper,hyper,False,16,10,10,10,1.0,0.0,13.0,0.8666666666666667,10,10.755555555555556,0.2562203729419009,0.28735632183908044,0.14942528735632185,0.8505747126436781,3,-0.15109215599784048,2.0,0.0,10,56.3504347826087,3.306521739130435,0.556428829655788,3.186407190748473,21.33
3vjf_A,3vjf,mainly_alpha,92,87,-5,mpnn_hyper,hyper,False,24,17,10,10,1.0,0.0,20.0,0.9090909090909091,10,15.28888888888889,0.3579118928336574,0.40229885057471265,0.22988505747126436,0.7701149425287356,0,,,,10,61.43440217391303,8.390489130434755,0.5808107155889008,3.1781823603160833,38.39
3vjf_A,3vjf,mainly_alpha,92,87,-5,mpnn_hyper,hyper,False,8,2,10,10,1.0,0.0,6.5,0.9285714285714286,10,7.444444444444445,0.1794180622374317,0.19540229885057472,0.07471264367816091,0.9252873563218391,3,-0.18258204851980447,2.0,0.0,10,54.903260869565216,1.859347826086946,0.5591571832228606,3.294783009895485,12.59
3vjf_A,3vjf,mainly_alpha,92,87,-5,mpnn_hyper,hyper,False,4,-1,10,10,1.0,0.0,4.0,1.0,10,5.2,0.12771721944632478,0.13793103448275862,0.04597701149425287,0.9540229885057471,0,,,,10,54.34146739130434,1.2975543478260718,0.3935428081857888,2.9092733239633377,10.3
3vjf_A,3vjf,mainly_alpha,92,87,-5,mpnn_hyper,hyper,False,-8,-12,10,10,1.0,0.0,5.0,0.7142857142857143,5,1.6666666666666667,0.041066334085401494,0.09195402298850575,0.05747126436781609,0.9425287356321839,3,-0.004628119922836173,0.0,-1.0,10,56.96211956521737,3.9182065217391013,0.6101633797166428,3.343322111378413,6.32
3vjf_A,3vjf,mainly_alpha,92,87,-5,mpnn_hyper,hyper,False,-16,-20,10,10,1.0,0.0,11.0,0.7333333333333333,10,9.777777777777779,0.23688163507410123,0.3563218390804598,0.12643678160919541,0.8735632183908046,3,-0.19675261585201173,-1.0,0.0,10,54.19043478260869,1.1465217391304243,0.360174168186517,3.0826715438506227,12.62
3vjf_A,3vjf,mainly_alpha,92,87,-5,mpnn_hyper,hyper,False,-24,-27,10,10,1.0,0.0,17.5,0.7954545454545454,10,17.866666666666667,0.4527229433256199,0.6551724137931034,0.20114942528735633,0.7988505747126438,0,,,,10,53.645163043478256,0.6012499999999861,0.386490286128645,3.156434860669777,18.05
3vjf_A,3vjf,mainly_alpha,92,87,-5,mpnn_hyper,hyper,False,-4,-9,10,10,1.0,0.0,3.0,0.75,6,2.2888888888888888,0.051530015749493736,0.06896551724137931,0.034482758620689655,0.9655172413793104,0,,,,10,56.98489130434784,3.940978260869567,0.5801304312999189,3.081138492312939,4.02
3vjf_A,3vjf,mainly_alpha,92,87,-5,mpnn_soluble,soluble,False,16,10,10,10,1.0,0.0,13.0,0.8666666666666667,10,21.11111111111111,0.506024447371169,0.6666666666666666,0.14942528735632185,0.8505747126436781,3,-0.3293341282737955,2.0,1.0,10,55.1328804347826,2.0889673913043296,0.5717099065645925,3.0729608909724657,12.51
3vjf_A,3vjf,mainly_alpha,92,87,-5,mpnn_soluble,soluble,False,24,17,10,10,1.0,0.0,20.0,0.9090909090909091,10,25.88888888888889,0.5995076516099654,0.7241379310344828,0.22988505747126436,0.7701149425287356,0,,,,10,56.98440217391304,3.94048913043477,0.4053140500056789,3.081983571038792,15.08
3vjf_A,3vjf,mainly_alpha,92,87,-5,mpnn_soluble,soluble,False,8,2,10,10,1.0,0.0,5.5,0.7857142857142857,10,9.844444444444445,0.23847839289690054,0.3793103448275862,0.06321839080459771,0.9367816091954022,3,-0.18932301686432634,1.0,0.0,10,53.64309782608697,0.5991847826087024,0.35433036339909596,2.7649072439034015,7.14
3vjf_A,3vjf,mainly_alpha,92,87,-5,mpnn_soluble,soluble,False,4,-1,10,10,1.0,0.0,3.5,0.875,10,6.488888888888889,0.16567167174684114,0.2988505747126437,0.040229885057471264,0.9597701149425287,0,,,,10,54.1888586956522,1.1449456521739307,0.3819465498189973,3.3572374022786935,5.39
3vjf_A,3vjf,mainly_alpha,92,87,-5,mpnn_soluble,soluble,False,-8,-12,10,10,1.0,0.0,6.0,0.8571428571428571,10,10.444444444444445,0.2529384749058932,0.41379310344827586,0.06896551724137931,0.9310344827586207,3,-0.16006391200017034,3.0,-1.0,10,55.18461956521738,2.140706521739112,0.36232070213736145,3.0324034671560045,6.72
3vjf_A,3vjf,mainly_alpha,92,87,-5,mpnn_soluble,soluble,False,-16,-20,10,10,1.0,0.0,13.0,0.8666666666666667,10,16.733333333333334,0.3868057704812121,0.5402298850574713,0.14942528735632185,0.8505747126436781,3,-0.1316802586472076,5.0,0.0,10,53.695489130434765,0.6515760869564993,0.4321927925520211,3.1885245133873585,11.18
3vjf_A,3vjf,mainly_alpha,92,87,-5,mpnn_soluble,soluble,False,-24,-27,10,10,1.0,0.0,20.0,0.9090909090909091,10,21.91111111111111,0.49019277418891527,0.6436781609195402,0.22988505747126436,0.7701149425287356,0,,,,10,55.88347826086958,2.839565217391307,0.566141393789998,3.2390659801671404,14.56
3vjf_A,3vjf,mainly_alpha,92,87,-5,mpnn_soluble,soluble,False,-4,-9,10,10,1.0,0.0,4.0,1.0,10,6.466666666666667,0.15808802729873841,0.26436781609195403,0.04597701149425287,0.9540229885057471,0,,,,10,53.946576086956505,0.9026630434782348,0.35735885712317517,2.942405527998878,4.95
3vjf_A,3vjf,mainly_alpha,92,87,-5,mpnn_vanilla_weights,original,False,16,10,10,10,1.0,0.0,13.0,0.8666666666666667,10,12.8,0.31888268357230687,0.367816091954023,0.14942528735632185,0.8505747126436781,3,-0.2351305813294264,1.0,-1.0,10,57.231684782608696,4.187771739130422,0.5700542185972273,3.311654661879081,16.13
3vjf_A,3vjf,mainly_alpha,92,87,-5,mpnn_vanilla_weights,original,False,24,17,10,10,1.0,0.0,19.0,0.8636363636363636,10,15.822222222222223,0.387433167909991,0.40229885057471265,0.21839080459770116,0.7816091954022989,0,,,,10,59.77103260869566,6.727119565217389,0.5694288770989,3.1430212757536733,21.58
3vjf_A,3vjf,mainly_alpha,92,87,-5,mpnn_vanilla_weights,original,False,8,2,10,10,1.0,0.0,7.0,1.0,10,7.266666666666667,0.18117537437115147,0.21839080459770116,0.08045977011494253,0.9195402298850575,3,-0.27379472537918087,-1.0,-1.0,10,55.131249999999994,2.087336956521728,0.574464164322267,3.0750618857621266,9.35
3vjf_A,3vjf,mainly_alpha,92,87,-5,mpnn_vanilla_weights,original,False,4,-1,10,10,1.0,0.0,4.0,1.0,10,5.4222222222222225,0.13225074908840023,0.1839080459770115,0.04597701149425287,0.9540229885057471,0,,,,10,55.05418478260869,2.0102717391304132,0.5714147851293121,3.2019536276223945,6.05
3vjf_A,3vjf,mainly_alpha,92,87,-5,mpnn_vanilla_weights,original,False,-8,-12,10,10,1.0,0.0,6.0,0.8571428571428571,10,6.822222222222222,0.16270993578923112,0.22988505747126436,0.06896551724137931,0.9310344827586207,3,-0.13817444379648783,2.0,-1.0,10,51.27641304347826,-1.767500000000009,0.37374343362704776,3.0023606721517346,8.34
3vjf_A,3vjf,mainly_alpha,92,87,-5,mpnn_vanilla_weights,original,False,-16,-20,10,10,1.0,0.0,13.0,0.8666666666666667,10,8.844444444444445,0.2064353693718557,0.2988505747126437,0.14942528735632185,0.8505747126436781,3,-0.02160440505161516,-1.0,-1.0,10,51.00032608695652,-2.04358695652175,0.39449179782985744,3.4956380479918474,15.43
3vjf_A,3vjf,mainly_alpha,92,87,-5,mpnn_vanilla_weights,original,False,-24,-27,10,10,1.0,0.0,19.0,0.8636363636363636,10,10.28888888888889,0.2441377402623981,0.3333333333333333,0.21839080459770116,0.7816091954022989,0,,,,10,51.30706521739131,-1.7368478260869615,0.4025120085129371,3.4133233468594577,20.65
3vjf_A,3vjf,mainly_alpha,92,87,-5,mpnn_vanilla_weights,original,False,-4,-9,10,10,1.0,0.0,4.0,1.0,10,5.2444444444444445,0.12201096937696547,0.14942528735632185,0.04597701149425287,0.9540229885057471,0,,,,10,53.68461956521738,0.6407065217391121,0.35578134964330943,3.0566171824149797,6.08
3vjf_A,3vjf,mainly_alpha,92,87,-5,random_control,,,16,10,10,10,1.0,0.0,13.0,0.8666666666666667,10,23.42222222222222,0.6043985272795755,0.7816091954022989,0.14942528735632185,0.8505747126436781,3,-0.19277820345387653,3.0,-1.0,10,55.8311956521739,2.7872826086956373,0.4319716718721987,3.065228298357216,0.0004
3vjf_A,3vjf,mainly_alpha,92,87,-5,random_control,,,24,17,10,10,1.0,0.0,19.5,0.8863636363636364,10,31.77777777777778,0.8031934562611269,0.8620689655172413,0.22413793103448276,0.7758620689655172,0,,,,10,59.76711956521738,6.723206521739108,0.4685040312819841,2.813462430582857,0.0004
3vjf_A,3vjf,mainly_alpha,92,87,-5,random_control,,,8,2,10,10,1.0,0.0,6.0,0.8571428571428571,10,11.533333333333333,0.30897365843966046,0.5172413793103449,0.06896551724137931,0.9310344827586207,3,-0.1258356706696644,2.0,-1.0,10,54.29092391304347,1.2470108695652051,0.3471668695156318,3.0398719459909334,0.0004
3vjf_A,3vjf,mainly_alpha,92,87,-5,random_control,,,4,-1,10,10,1.0,0.0,4.0,1.0,10,7.266666666666667,0.19148487102337325,0.3333333333333333,0.04597701149425287,0.9540229885057471,0,,,,10,54.39597826086958,1.3520652173913135,0.48014360954936497,2.9832383238855904,0.0004
3vjf_A,3vjf,mainly_alpha,92,87,-5,random_control,,,-8,-12,10,10,1.0,0.0,7.0,1.0,10,12.644444444444444,0.3294859888641497,0.5402298850574713,0.08045977011494253,0.9195402298850575,3,-0.15477437320276852,3.0,0.0,10,54.07391304347826,1.0299999999999905,0.4259913188896739,3.2244418365089444,0.0004
3vjf_A,3vjf,mainly_alpha,92,87,-5,random_control,,,-16,-20,10,10,1.0,0.0,15.0,1.0,10,24.77777777777778,0.6284008337991687,0.7816091954022989,0.1724137931034483,0.8275862068965517,3,-0.049228305353884325,3.0,0.0,10,52.2716847826087,-0.7722282608695714,0.4403709569480472,3.4387617885660866,0.0004
3vjf_A,3vjf,mainly_alpha,92,87,-5,random_control,,,-24,-27,10,10,1.0,0.0,20.0,0.9090909090909091,10,32.62222222222222,0.8236685970070482,0.8620689655172413,0.22988505747126436,0.7701149425287356,0,,,,10,51.3808152173913,-1.6630978260869718,0.4442708149848752,3.3689558949000284,0.0005
3vjf_A,3vjf,mainly_alpha,92,87,-5,random_control,,,-4,-9,10,10,1.0,0.0,4.0,1.0,10,7.155555555555556,0.18633327013976872,0.2988505747126437,0.04597701149425287,0.9540229885057471,0,,,,10,55.214836956521744,2.170923913043474,0.5919264110331558,3.254021809489925,0.0004
3vjf_A,3vjf,mainly_alpha,92,87,-5,rosetta,,True,16,10,10,4,0.4,0.6,13.0,0.861904761904762,10,7.022222222222222,0.15893805844130235,0.26436781609195403,0.14942528735632185,0.8505747126436781,3,-0.3741200467116775,3.0,-1.0,10,59.51211956521739,6.468206521739123,0.5399348682854704,3.1400403075267347,663.61
3vjf_A,3vjf,mainly_alpha,92,87,-5,rosetta,,True,24,17,10,2,0.2,0.8,18.0,0.8571428571428571,10,9.666666666666666,0.24111025948025006,0.367816091954023,0.20689655172413793,0.7931034482758621,0,,,,10,63.60989130434781,10.565978260869546,0.4868306735597559,2.967295897221815,574.4
3vjf_A,3vjf,mainly_alpha,92,87,-5,rosetta,,True,8,2,10,5,0.5,0.5,7.0,1.0,9,6.844444444444444,0.15422891312144296,0.1839080459770115,0.08045977011494253,0.9195402298850575,3,-0.32057449902680696,0.0,0.0,10,58.40592391304348,5.362010869565211,0.5832594516052523,3.2536664755539855,854.01
3vjf_A,3vjf,mainly_alpha,92,87,-5,rosetta,,True,4,-1,10,2,0.2,0.8,4.0,1.0,6,3.9555555555555557,0.09118837977355672,0.12643678160919541,0.04597701149425287,0.9540229885057471,0,,,,10,52.77961956521738,-0.264293478260889,0.3873762309122918,2.3979329610166564,1023.7
3vjf_A,3vjf,mainly_alpha,92,87,-5,rosetta,,True,-8,-12,10,1,0.1,0.9,6.0,1.0,7,3.8,0.08608658448878978,0.14942528735632185,0.06896551724137931,0.9310344827586207,3,-0.17326115302453884,-2.0,1.0,10,60.04309782608696,6.999184782608687,0.6167118173296936,3.0716512493957326,91.33
3vjf_A,3vjf,mainly_alpha,92,87,-5,rosetta,,True,-16,-20,10,1,0.1,0.9,14.0,1.0,10,9.466666666666667,0.2230797038050593,0.3103448275862069,0.16091954022988506,0.8390804597701149,3,-0.2507988926154777,1.0,0.0,10,59.262065217391296,6.218152173913026,0.5906619029841886,3.364416639489246,107.87
3vjf_A,3vjf,mainly_alpha,92,87,-5,rosetta,,True,-24,-27,10,2,0.2,0.8,20.0,0.9523809523809523,10,11.088888888888889,0.2544921181243344,0.3448275862068966,0.22988505747126436,0.7701149425287356,0,,,,10,55.142826086956525,2.0989130434782552,0.447426207101176,3.690813642937214,102.62
3vjf_A,3vjf,mainly_alpha,92,87,-5,rosetta,,True,-4,-9,10,4,0.4,0.6,5.0,1.0,8,3.9555555555555557,0.09181142939743307,0.12643678160919541,0.05747126436781609,0.9425287356321839,0,,,,10,58.38625000000002,5.3423369565217484,0.6453040127762868,2.966192075029997,96.36
3vto_Q,3vto,mainly_beta,108,80,1,avnapsa,,,8,10,10,10,1.0,0.0,6.0,0.6666666666666666,1,0.0,0.0,0.075,0.075,0.925,3,-0.011859349061799241,0.0,0.0,10,84.40435185185187,2.652685185185206,0.8886128763227207,1.356775775806768,67.23
3vto_Q,3vto,mainly_beta,108,80,1,avnapsa,,,16,18,10,10,1.0,0.0,10.0,0.5882352941176471,1,0.0,0.0,0.125,0.125,0.875,3,0.017273608207697296,-2.0,1.0,10,84.79453703703706,3.0428703703703874,0.8476496756117653,1.7793350331760576,68.5
3vto_Q,3vto,mainly_beta,108,80,1,avnapsa,,,24,27,10,10,1.0,0.0,16.0,0.6153846153846154,1,0.0,0.0,0.2,0.2,0.8,0,,,,10,85.07967592592593,3.328009259259254,0.8488054038819872,1.5924492783707382,71.16
3vto_Q,3vto,mainly_beta,108,80,1,avnapsa,,,4,5,10,10,1.0,0.0,2.0,0.5,1,0.0,0.0,0.025,0.025,0.975,0,,,,10,84.12050925925925,2.3688425925925927,0.8958359601071898,1.2713715035869173,66.11
3vto_Q,3vto,mainly_beta,108,80,1,avnapsa,,,-16,-16,10,10,1.0,0.0,11.0,0.6470588235294118,1,0.0,0.0,0.1375,0.1375,0.8625,3,-0.06788036119220761,-1.0,0.0,10,78.52972222222222,-3.2219444444444463,0.8832812922117248,1.331244694286583,61.02
3vto_Q,3vto,mainly_beta,108,80,1,avnapsa,,,-24,-25,10,10,1.0,0.0,16.0,0.6153846153846154,1,0.0,0.0,0.2,0.2,0.8,0,,,,10,76.82282407407408,-4.928842592592595,0.8702493577110927,1.4297168985771318,55.75
3vto_Q,3vto,mainly_beta,108,80,1,avnapsa,,,-4,-3,10,10,1.0,0.0,2.0,0.5,1,0.0,0.0,0.025,0.025,0.975,0,,,,10,81.64763888888892,-0.10402777777774475,0.8913622888988977,1.3255405890966778,66.43
3vto_Q,3vto,mainly_beta,108,80,1,avnapsa,,,-8,-8,10,10,1.0,0.0,5.0,0.5555555555555556,1,0.0,0.0,0.0625,0.0625,0.9375,3,-0.04523869784678504,-3.0,-1.0,10,80.03564814814814,-1.716018518518517,0.8919366362067296,1.3137812638437094,61.42
3vto_Q,3vto,mainly_beta,108,80,1,mpnn_halo,halo,False,8,10,10,10,1.0,0.0,8.5,0.9444444444444444,9,4.511111111111111,0.11258321520138777,0.175,0.10625000000000001,0.89375,3,0.07440237776343527,4.0,-1.0,10,84.2549074074074,2.503240740740736,0.8549247835045383,1.430109579731155,16.19
3vto_Q,3vto,mainly_beta,108,80,1,mpnn_halo,halo,False,16,18,10,10,1.0,0.0,16.0,0.9411764705882353,10,7.7555555555555555,0.201545477863509,0.3125,0.2,0.8,3,0.18108160383120186,7.0,1.0,10,81.16986111111109,-0.5818055555555688,0.7886555839314386,2.0122254783233,26.25
3vto_Q,3vto,mainly_beta,108,80,1,mpnn_halo,halo,False,24,27,10,10,1.0,0.0,23.0,0.8846153846153846,10,12.911111111111111,0.3409372813619365,0.475,0.2875,0.7125,0,,,,10,76.21912037037036,-5.532546296296303,0.6313285084534335,2.3589237729444785,43.3
3vto_Q,3vto,mainly_beta,108,80,1,mpnn_halo,halo,False,4,5,10,10,1.0,0.0,4.0,1.0,10,3.933333333333333,0.09750548069687279,0.1375,0.05,0.95,0,,,,10,84.75333333333332,3.001666666666651,0.8781134209289287,1.3747660267981066,9.28
3vto_Q,3vto,mainly_beta,108,80,1,mpnn_halo,halo,False,-16,-16,10,10,1.0,0.0,13.0,0.7647058823529411,10,6.7555555555555555,0.18322492263492962,0.275,0.1625,0.8375,3,-0.1837545230723984,3.0,0.0,10,77.11662037037037,-4.635046296296295,0.884551444156758,1.4151966724376634,34.72
3vto_Q,3vto,mainly_beta,108,80,1,mpnn_halo,halo,False,-24,-25,10,10,1.0,0.0,22.0,0.8461538461538461,10,16.822222222222223,0.44576000490644424,0.5625,0.275,0.725,0,,,,10,66.25583333333331,-15.495833333333351,0.8038603254926503,2.13742662522053,61.8
3vto_Q,3vto,mainly_beta,108,80,1,mpnn_halo,halo,False,-4,-3,10,10,1.0,0.0,3.0,0.75,3,0.9555555555555556,0.026611435945690078,0.0625,0.0375,0.9625,0,,,,10,82.95532407407408,1.2036574074074196,0.8936710967795881,1.2853442868031089,7.61
3vto_Q,3vto,mainly_beta,108,80,1,mpnn_halo,halo,False,-8,-8,10,10,1.0,0.0,7.0,0.7777777777777778,10,3.6222222222222222,0.0888374308244838,0.1375,0.0875,0.9125,3,-0.12622839187763402,5.0,0.0,10,81.48138888888889,-0.2702777777777854,0.8964118770718412,1.270921798510083,13.85
3vto_Q,3vto,mainly_beta,108,80,1,mpnn_hyper,hyper,False,8,10,10,10,1.0,0.0,7.0,0.7777777777777778,10,9.4,0.2509038371360372,0.25,0.0875,0.9125,3,0.05083192620218779,2.0,0.0,10,83.48416666666668,1.7325000000000088,0.86444334158796,1.5370305111547329,12.48
3vto_Q,3vto,mainly_beta,108,80,1,mpnn_hyper,hyper,False,16,18,10,10,1.0,0.0,13.5,0.7941176470588235,10,9.733333333333333,0.2573312763624853,0.2875,0.16875,0.83125,3,-0.07016722169719476,2.0,2.0,10,83.21398148148151,1.4623148148148388,0.8364453302273736,1.767532141329265,23.82
3vto_Q,3vto,mainly_beta,108,80,1,mpnn_hyper,hyper,False,24,27,10,10,1.0,0.0,20.0,0.7692307692307693,10,11.177777777777777,0.28636244380419085,0.3625,0.25,0.75,0,,,,10,83.4761111111111,1.724444444444437,0.8245098983764492,1.8605337734191907,32.43
3vto_Q,3vto,mainly_beta,108,80,1,mpnn_hyper,hyper,False,4,5,10,10,1.0,0.0,3.0,0.75,10,4.977777777777778,0.12836106571009215,0.15,0.0375,0.9625,0,,,,10,83.15296296296295,1.4012962962962803,0.8923463146681816,1.3162182173667114,7.38
3vto_Q,3vto,mainly_beta,108,80,1,mpnn_hyper,hyper,False,-16,-16,10,10,1.0,0.0,13.0,0.7647058823529411,10,5.333333333333333,0.1427428704746982,0.25,0.1625,0.8375,3,0.0772372379929891,1.0,0.0,10,74.81856481481482,-6.933101851851845,0.8891070570526589,1.3351668871063815,28.88
3vto_Q,3vto,mainly_beta,108,80,1,mpnn_hyper,hyper,False,-24,-25,10,10,1.0,0.0,20.0,0.7692307692307693,10,12.333333333333334,0.3282722788038936,0.5125,0.25,0.75,0,,,,10,67.61847222222222,-14.133194444444442,0.7621580114830522,1.9860788207959978,39.74
3vto_Q,3vto,mainly_beta,108,80,1,mpnn_hyper,hyper,False,-4,-3,10,10,1.0,0.0,3.0,0.75,9,4.0,0.09981353598735869,0.1125,0.0375,0.9625,0,,,,10,81.07027777777776,-0.6813888888888968,0.8924645296675934,1.331212960297417,8.35
3vto_Q,3vto,mainly_beta,108,80,1,mpnn_hyper,hyper,False,-8,-8,10,10,1.0,0.0,7.0,0.7777777777777778,8,3.488888888888889,0.09062346958329977,0.125,0.0875,0.9125,3,-0.08239118043105555,0.0,0.0,10,79.05574074074076,-2.6959259259259056,0.8931930076347551,1.311003709419355,14.02
3vto_Q,3vto,mainly_beta,108,80,1,mpnn_soluble,soluble,False,8,10,10,10,1.0,0.0,7.5,0.8333333333333333,10,7.622222222222222,0.1997324382355906,0.275,0.09375,0.90625,3,-0.021407589315965987,2.0,1.0,10,77.5764814814815,-4.175185185185178,0.8464657317099235,1.6328997034109538,11.63
3vto_Q,3vto,mainly_beta,108,80,1,mpnn_soluble,soluble,False,16,18,10,10,1.0,0.0,14.0,0.8235294117647058,10,12.355555555555556,0.3204152648302664,0.45,0.175,0.825,3,-0.051568731898610075,-3.0,-1.0,10,77.59828703703704,-4.153379629629633,0.8137396123023479,1.826637584372439,16.25
3vto_Q,3vto,mainly_beta,108,80,1,mpnn_soluble,soluble,False,24,27,10,10,1.0,0.0,21.0,0.8076923076923077,10,13.8,0.35592178386013085,0.475,0.2625,0.7375,0,,,,10,73.38546296296298,-8.366203703703697,0.7641762726617413,1.8886941204906802,21.88
3vto_Q,3vto,mainly_beta,108,80,1,mpnn_soluble,soluble,False,4,5,10,10,1.0,0.0,4.0,1.0,10,5.333333333333333,0.1357624197129689,0.1875,0.05,0.95,0,,,,10,82.95222222222222,1.2005555555555532,0.8726033270342104,1.5230986706760419,7.36
3vto_Q,3vto,mainly_beta,108,80,1,mpnn_soluble,soluble,False,-16,-16,10,10,1.0,0.0,13.0,0.7647058823529411,10,9.11111111111111,0.234236732968136,0.3375,0.1625,0.8375,3,-0.0025277245156237462,-2.0,1.0,10,72.52736111111113,-9.224305555555532,0.8175542625433021,1.9332323869266683,13.59
3vto_Q,3vto,mainly_beta,108,80,1,mpnn_soluble,soluble,False,-24,-25,10,10,1.0,0.0,22.0,0.8461538461538461,10,9.177777777777777,0.23216353345600602,0.425,0.275,0.725,0,,,,10,63.64421296296295,-18.107453703703708,0.7298383831456505,2.3713393393411595,20.05
3vto_Q,3vto,mainly_beta,108,80,1,mpnn_soluble,soluble,False,-4,-3,10,10,1.0,0.0,4.0,1.0,10,5.866666666666666,0.1507914855448161,0.2,0.05,0.95,0,,,,10,79.36226851851852,-2.389398148148146,0.8874167490275282,1.3670069440510724,7.05
3vto_Q,3vto,mainly_beta,108,80,1,mpnn_soluble,soluble,False,-8,-8,10,10,1.0,0.0,7.0,0.7777777777777778,10,8.377777777777778,0.20474737155621062,0.2375,0.0875,0.9125,3,-0.08799253158855146,0.0,1.0,10,78.1286111111111,-3.623055555555567,0.8729801311837788,1.4495663151208182,8.57
3vto_Q,3vto,mainly_beta,108,80,1,mpnn_vanilla_weights,original,False,8,10,10,10,1.0,0.0,7.5,0.8333333333333333,10,5.333333333333333,0.1391912211937545,0.175,0.09375,0.90625,3,0.0020514004497253304,4.0,2.0,10,76.6771296296296,-5.074537037037061,0.8315462569307842,1.7458537978341964,10.02
3vto_Q,3vto,mainly_beta,108,80,1,mpnn_vanilla_weights,original,False,16,18,10,10,1.0,0.0,14.0,0.8235294117647058,10,9.133333333333333,0.23790978413339384,0.325,0.175,0.825,3,0.0048735209926620525,2.0,1.0,10,76.08060185185185,-5.671064814814812,0.7999741093929854,1.835635711783366,15.55
3vto_Q,3vto,mainly_beta,108,80,1,mpnn_vanilla_weights,original,False,24,27,10,10,1.0,0.0,21.0,0.8076923076923077,10,11.244444444444444,0.29180836387696146,0.45,0.2625,0.7375,0,,,,10,71.43796296296296,-10.313703703703716,0.7662132811365553,2.031453233343139,19.98
3vto_Q,3vto,mainly_beta,108,80,1,mpnn_vanilla_weights,original,False,4,5,10,10,1.0,0.0,3.0,0.75,10,4.177777777777778,0.10861758929201348,0.1625,0.0375,0.9625,0,,,,10,81.45273148148148,-0.29893518518518647,0.877410562366812,1.3358925763491105,5.43
3vto_Q,3vto,mainly_beta,108,80,1,mpnn_vanilla_weights,original,False,-16,-16,10,10,1.0,0.0,13.5,0.7941176470588235,10,9.133333333333333,0.23718985893941688,0.2625,0.16875,0.83125,3,-0.09731783388388572,0.0,1.0,10,73.74578703703705,-8.005879629629618,0.8386717322787984,1.9450786687260115,15.98
3vto_Q,3vto,mainly_beta,108,80,1,mpnn_vanilla_weights,original,False,-24,-25,10,10,1.0,0.0,21.0,0.8076923076923077,10,10.088888888888889,0.259820654729847,0.35,0.2625,0.7375,0,,,,10,67.89745370370372,-13.854212962962954,0.7540698307629534,2.0842535031126723,21.09
3vto_Q,3vto,mainly_beta,108,80,1,mpnn_vanilla_weights,original,False,-4,-3,10,10,1.0,0.0,3.0,0.75,9,4.4222222222222225,0.11778653785449725,0.175,0.0375,0.9625,0,,,,10,81.65282407407409,-0.09884259259258243,0.89344063231512,1.312227764175701,5.95
3vto_Q,3vto,mainly_beta,108,80,1,mpnn_vanilla_weights,original,False,-8,-8,10,10,1.0,0.0,7.0,0.7777777777777778,10,6.7555555555555555,0.18084015421748384,0.2125,0.0875,0.9125,3,-0.06569160513927577,-1.0,1.0,10,79.51398148148147,-2.2376851851851924,0.890695172460276,1.3356360518286046,9.86
3vto_Q,3vto,mainly_beta,108,80,1,random_control,,,8,10,10,10,1.0,0.0,8.0,0.8888888888888888,10,14.555555555555555,0.4200413154274285,0.6375,0.1,0.9,3,0.19868838285244814,0.0,-1.0,10,81.1363425925926,-0.6153240740740671,0.782466386426088,1.9716378110116541,0.0004
3vto_Q,3vto,mainly_beta,108,80,1,random_control,,,16,18,10,10,1.0,0.0,14.5,0.8529411764705882,10,24.622222222222224,0.6888947676561583,0.8125,0.18125,0.81875,3,0.3370089335195827,-2.0,2.0,10,76.2161111111111,-5.535555555555554,0.6529748908060078,2.7241836680172975,0.0005
3vto_Q,3vto,mainly_beta,108,80,1,random_control,,,24,27,10,10,1.0,0.0,22.0,0.8461538461538461,10,32.93333333333333,0.8957386508044358,0.8125,0.275,0.725,0,,,,10,53.60092592592592,-28.150740740740744,0.238251766420414,5.058782335186474,0.0005
3vto_Q,3vto,mainly_beta,108,80,1,random_control,,,4,5,10,10,1.0,0.0,3.5,0.875,10,6.844444444444444,0.19918162892711044,0.375,0.04375,0.95625,0,,,,10,81.76787037037037,0.016203703703709493,0.8744671313806748,1.423321794536244,0.0004
3vto_Q,3vto,mainly_beta,108,80,1,random_control,,,-16,-16,10,10,1.0,0.0,14.5,0.8529411764705882,10,24.288888888888888,0.681751921272682,0.75,0.18125,0.81875,3,-0.020178846364690837,3.0,-1.0,10,64.49615740740742,-17.25550925925925,0.7212733522687365,2.139556318813108,0.0005
3vto_Q,3vto,mainly_beta,108,80,1,random_control,,,-24,-25,10,10,1.0,0.0,22.0,0.8461538461538461,10,32.31111111111111,0.8812734911955454,0.825,0.275,0.725,0,,,,10,44.519490740740764,-37.2321759259259,0.4087325695422711,4.0531930576779205,0.0006
3vto_Q,3vto,mainly_beta,108,80,1,random_control,,,-4,-3,10,10,1.0,0.0,4.0,1.0,10,6.822222222222222,0.19668162892711039,0.375,0.05,0.95,0,,,,10,77.83148148148149,-3.9201851851851828,0.8617291378586429,1.5566228754659475,0.0004
3vto_Q,3vto,mainly_beta,108,80,1,random_control,,,-8,-8,10,10,1.0,0.0,8.0,0.8888888888888888,10,15.222222222222221,0.4347143053590982,0.6125,0.1,0.9,3,-0.0042162917945834395,1.0,0.0,10,72.24625,-9.505416666666655,0.829923382975594,1.8377259661778425,0.0004
3vto_Q,3vto,mainly_beta,108,80,1,rosetta,,True,8,10,10,6,0.6,0.4,7.0,0.7777777777777778,5,2.466666666666667,0.06165187972113269,0.125,0.0875,0.9125,3,0.07000731257591015,-1.0,-1.0,10,77.58777777777779,-4.163888888888877,0.8012644576717711,2.256060290487281,385.88
3vto_Q,3vto,mainly_beta,108,80,1,rosetta,,True,16,18,10,4,0.4,1.8,13.0,0.7951388888888888,5,3.2666666666666666,0.08276378196730647,0.2125,0.1625,0.8375,3,0.09006317519945173,2.0,-1.0,10,78.92652777777778,-2.825138888888887,0.7868133728939236,1.9295716338385929,1120.22
3vto_Q,3vto,mainly_beta,108,80,1,rosetta,,True,24,27,10,5,0.5,0.5,18.5,0.698005698005698,10,4.644444444444445,0.11882358558748915,0.325,0.23125,0.76875,0,,,,10,80.33171296296294,-1.419953703703726,0.7666040884785399,1.810674959642793,604.96
3vto_Q,3vto,mainly_beta,108,80,1,rosetta,,True,4,5,10,3,0.3,0.7,4.0,0.8,4,1.8666666666666667,0.044064544961534634,0.0625,0.05,0.95,0,,,,10,81.61541666666665,-0.1362500000000182,0.8745053939047467,1.4932910275935989,465.13
3vto_Q,3vto,mainly_beta,108,80,1,rosetta,,True,-16,-16,10,2,0.2,0.8,11.0,0.6875,7,3.8222222222222224,0.09327195326198176,0.2125,0.1375,0.8625,3,-0.1628377439452851,2.0,1.0,10,77.3224537037037,-4.429212962962964,0.7230723701294975,2.067319623717837,132.86
3vto_Q,3vto,mainly_beta,108,80,1,rosetta,,True,-24,-25,10,0,0.0,1.2,18.0,0.72,5,3.7111111111111112,0.08933675817503318,0.275,0.225,0.775,0,,,,10,70.34249999999999,-11.409166666666678,0.7446431527783446,2.7033232342843942,181.33
3vto_Q,3vto,mainly_beta,108,80,1,rosetta,,True,-4,-3,10,8,0.8,0.2,3.0,0.75,5,1.2444444444444445,0.03345498732129972,0.0625,0.0375,0.9625,0,,,,10,83.90754629629632,2.155879629629652,0.8690573791816141,1.6211588518408988,126.22
3vto_Q,3vto,mainly_beta,108,80,1,rosetta,,True,-8,-8,10,6,0.6,0.4,6.5,0.7,8,3.3555555555555556,0.08218849780075443,0.125,0.075,0.925,3,-0.18458586533101015,1.0,0.0,10,82.25935185185187,0.5076851851852027,0.8757222070429658,1.4534250669798807,104.9
4agh_A,4agh,alpha_beta,80,56,0,avnapsa,,,16,13,10,0,0.0,1.0,7.0,0.5,1,0.0,0.0,0.125,0.125,0.875,3,0.058965158902664426,-3.0,0.0,10,83.89775000000003,-2.249499999999962,0.9108623655247785,1.0900508144607866,59.14
4agh_A,4agh,alpha_beta,80,56,0,avnapsa,,,24,19,10,10,1.0,0.0,11.0,0.5789473684210527,1,0.0,0.0,0.17857142857142858,0.17857142857142858,0.8214285714285714,0,,,,10,83.5355625,-2.611687499999981,0.8995552562690217,1.163057520584018,59.84
4agh_A,4agh,alpha_beta,80,56,0,avnapsa,,,4,3,10,0,0.0,1.0,2.0,0.5,1,0.0,0.0,0.03571428571428571,0.03571428571428571,0.9642857142857143,0,,,,10,84.94856250000001,-1.1986874999999841,0.9113373425403493,1.2921027223618045,57.68
4agh_A,4agh,alpha_beta,80,56,0,avnapsa,,,8,6,10,10,1.0,0.0,3.0,0.5,1,0.0,0.0,0.05357142857142857,0.05357142857142857,0.9464285714285714,3,0.012381278360619774,0.0,0.0,10,84.67825000000002,-1.4689999999999657,0.9125818721414254,1.1045030250981116,58.05
4agh_A,4agh,alpha_beta,80,56,0,avnapsa,,,-16,-13,10,10,1.0,0.0,7.0,0.5384615384615384,1,0.0,0.0,0.125,0.125,0.875,3,0.0014607468927131605,-1.0,1.0,10,82.65224999999998,-3.4949999999999974,0.9072632354652885,1.0819324071577388,54.96
4agh_A,4agh,alpha_beta,80,56,0,avnapsa,,,-24,-19,10,10,1.0,0.0,11.0,0.5789473684210527,1,0.0,0.0,0.17857142857142858,0.17857142857142858,0.8214285714285714,0,,,,10,81.43406250000001,-4.713187499999982,0.9090064368657387,1.0706831539603234,51.97
4agh_A,4agh,alpha_beta,80,56,0,avnapsa,,,-4,-3,10,0,0.0,1.0,2.0,0.5,1,0.0,0.0,0.03571428571428571,0.03571428571428571,0.9642857142857143,0,,,,10,85.29887500000001,-0.8483749999999759,0.9074812773261008,1.1463315984580267,56.69
4agh_A,4agh,alpha_beta,80,56,0,avnapsa,,,-8,-6,10,10,1.0,0.0,3.0,0.5,1,0.0,0.0,0.05357142857142857,0.05357142857142857,0.9464285714285714,3,-0.06150741517606555,1.0,2.0,10,84.31743749999998,-1.8298124999999956,0.9042060919829922,1.169118819960814,56.59
4agh_A,4agh,alpha_beta,80,56,0,mpnn_halo,halo,False,16,13,10,10,1.0,0.0,10.0,0.7692307692307693,10,4.666666666666667,0.1746735809331075,0.2857142857142857,0.17857142857142858,0.8214285714285714,3,0.12581864610597754,5.0,0.0,10,81.46525,-4.681999999999981,0.9141221256221492,1.0384508328114443,12.38
4agh_A,4agh,alpha_beta,80,56,0,mpnn_halo,halo,False,24,19,10,10,1.0,0.0,14.0,0.7368421052631579,10,4.844444444444444,0.1740850200888913,0.35714285714285715,0.25,0.75,0,,,,10,77.21800000000003,-8.929249999999954,0.8829132167780533,1.301342338901772,16.17
4agh_A,4agh,alpha_beta,80,56,0,mpnn_halo,halo,False,4,3,10,10,1.0,0.0,2.0,0.6666666666666666,7,3.111111111111111,0.11208246809962304,0.14285714285714285,0.03571428571428571,0.9642857142857143,0,,,,10,84.34781249999999,-1.7994374999999962,0.93102851204549,0.9227787344191807,5.06
4agh_A,4agh,alpha_beta,80,56,0,mpnn_halo,halo,False,8,6,10,10,1.0,0.0,4.5,0.75,9,3.8222222222222224,0.13858637862043602,0.17857142857142858,0.08035714285714285,0.9196428571428572,3,-0.08819218449276996,8.0,1.0,10,82.30143749999999,-3.845812500000001,0.9347252838723179,0.9100812330287111,7.33
4agh_A,4agh,alpha_beta,80,56,0,mpnn_halo,halo,False,-16,-13,10,10,1.0,0.0,9.0,0.6923076923076923,10,4.4,0.1595014053818269,0.26785714285714285,0.16071428571428573,0.8392857142857143,3,-0.02526956230432944,0.0,1.0,10,81.99381249999999,-4.153437499999988,0.9187638073771913,1.007904604007895,12.88
4agh_A,4agh,alpha_beta,80,56,0,mpnn_halo,halo,False,-24,-19,10,10,1.0,0.0,14.0,0.7368421052631579,10,8.2,0.3086510725257751,0.44642857142857145,0.25,0.75,0,,,,10,78.22856250000001,-7.918687499999969,0.8872938591582107,1.2256645995459485,28.63
4agh_A,4agh,alpha_beta,80,56,0,mpnn_halo,halo,False,-4,-3,10,10,1.0,0.0,2.0,0.6666666666666666,6,2.1555555555555554,0.07969889778899963,0.10714285714285714,0.03571428571428571,0.9642857142857143,0,,,,10,84.23343749999998,-1.913812500000013,0.9068969340738604,1.129227630409083,4.85
4agh_A,4agh,alpha_beta,80,56,0,mpnn_halo,halo,False,-8,-6,10,10,1.0,0.0,4.0,0.6666666666666666,8,3.311111111111111,0.11768144650992171,0.14285714285714285,0.07142857142857142,0.9285714285714286,3,-0.011603285577491462,1.0,1.0,10,82.97518749999999,-3.1720624999999956,0.9094421181260519,1.0758872636545336,7.0
4agh_A,4agh,alpha_beta,80,56,0,mpnn_hyper,hyper,False,16,13,10,10,1.0,0.0,9.5,0.7307692307692308,10,6.666666666666667,0.25929320062433314,0.25,0.16964285714285715,0.8303571428571428,3,0.042188906562844505,2.0,0.0,10,83.64681250000002,-2.5004374999999612,0.9174903837185557,1.0588812334957831,12.76
4agh_A,4agh,alpha_beta,80,56,0,mpnn_hyper,hyper,False,24,19,10,10,1.0,0.0,13.0,0.6842105263157895,10,9.088888888888889,0.33597290278675335,0.4107142857142857,0.23214285714285715,0.7678571428571429,0,,,,10,82.65375,-3.493499999999983,0.9070825210103985,1.1808377957363012,23.67
4agh_A,4agh,alpha_beta,80,56,0,mpnn_hyper,hyper,False,4,3,10,10,1.0,0.0,2.0,0.6666666666666666,9,3.2666666666666666,0.1246872002888402,0.14285714285714285,0.03571428571428571,0.9642857142857143,0,,,,10,84.52925000000002,-1.6179999999999737,0.9098439463224068,1.0952291132834722,5.19
4agh_A,4agh,alpha_beta,80,56,0,mpnn_hyper,hyper,False,8,6,10,10,1.0,0.0,4.5,0.75,10,5.466666666666667,0.1993344526790712,0.19642857142857142,0.08035714285714285,0.9196428571428572,3,0.015869507632995196,3.0,0.0,10,84.53718749999999,-1.610062499999998,0.9198902559854423,1.027584053652184,7.46
4agh_A,4agh,alpha_beta,80,56,0,mpnn_hyper,hyper,False,-16,-13,10,10,1.0,0.0,9.0,0.6923076923076923,9,3.7555555555555555,0.1392422213691127,0.25,0.16071428571428573,0.8392857142857143,3,-0.07872771811980214,4.0,1.0,10,83.697125,-2.4501249999999786,0.9366468462558319,0.8802142967361811,11.08
4agh_A,4agh,alpha_beta,80,56,0,mpnn_hyper,hyper,False,-24,-19,10,10,1.0,0.0,14.0,0.7368421052631579,10,9.644444444444444,0.38265491688337094,0.5535714285714286,0.25,0.75,0,,,,10,79.90412500000002,-6.243124999999964,0.9379294775656433,0.8593648085051089,17.47
4agh_A,4agh,alpha_beta,80,56,0,mpnn_hyper,hyper,False,-4,-3,10,10,1.0,0.0,2.0,0.6666666666666666,4,1.4444444444444444,0.05149647103247633,0.07142857142857142,0.03571428571428571,0.9642857142857143,0,,,,10,84.89474999999999,-1.2524999999999906,0.9053485478178207,1.1447431055271278,4.85
4agh_A,4agh,alpha_beta,80,56,0,mpnn_hyper,hyper,False,-8,-6,10,10,1.0,0.0,4.0,0.6666666666666666,6,2.888888888888889,0.11242679107121686,0.17857142857142858,0.07142857142857142,0.9285714285714286,3,0.030665231284284288,0.0,1.0,10,83.70568750000001,-2.441562499999982,0.9148268115978624,1.0529731626913676,7.15
4agh_A,4agh,alpha_beta,80,56,0,mpnn_soluble,soluble,False,16,13,10,10,1.0,0.0,10.5,0.8076923076923077,10,8.911111111111111,0.3335126892277595,0.4107142857142857,0.1875,0.8125,3,0.027724170235583045,1.0,0.0,10,77.85250000000002,-8.294749999999965,0.8705066292481993,1.3576502937720432,5.79
4agh_A,4agh,alpha_beta,80,56,0,mpnn_soluble,soluble,False,24,19,10,10,1.0,0.0,14.0,0.7368421052631579,10,10.755555555555556,0.39530440161013053,0.5,0.25,0.75,0,,,,10,75.7471875,-10.400062499999983,0.8831287286436427,1.2864504120540743,7.57
4agh_A,4agh,alpha_beta,80,56,0,mpnn_soluble,soluble,False,4,3,10,10,1.0,0.0,2.5,0.8333333333333333,10,3.7333333333333334,0.13738066330521168,0.19642857142857142,0.04464285714285714,0.9553571428571428,0,,,,10,85.8934375,-0.253812499999988,0.9187076181915773,1.0093889224234984,3.55
4agh_A,4agh,alpha_beta,80,56,0,mpnn_soluble,soluble,False,8,6,10,10,1.0,0.0,5.0,0.8333333333333334,10,6.733333333333333,0.24543397019134658,0.30357142857142855,0.08928571428571429,0.9107142857142857,3,-0.0132130851621298,2.0,-1.0,10,81.92768749999999,-4.219562499999995,0.9104674108956003,1.120549402605799,3.47
4agh_A,4agh,alpha_beta,80,56,0,mpnn_soluble,soluble,False,-16,-13,10,10,1.0,0.0,10.0,0.7692307692307693,10,9.066666666666666,0.3172480924241979,0.375,0.17857142857142858,0.8214285714285714,3,-0.011066700908867234,2.0,0.0,10,78.76918749999999,-7.3780624999999915,0.8904543940279613,1.2440069713223347,6.21
4agh_A,4agh,alpha_beta,80,56,0,mpnn_soluble,soluble,False,-24,-19,10,10,1.0,0.0,15.0,0.7894736842105263,10,6.711111111111111,0.2362385895820694,0.39285714285714285,0.26785714285714285,0.7321428571428571,0,,,,10,74.61143749999997,-11.535812500000013,0.8974819734383915,1.1856937143411028,7.8
4agh_A,4agh,alpha_beta,80,56,0,mpnn_soluble,soluble,False,-4,-3,10,10,1.0,0.0,2.5,0.8333333333333333,10,4.288888888888889,0.15900382013554412,0.25,0.04464285714285714,0.9553571428571428,0,,,,10,84.7500625,-1.397187499999987,0.9099612195266816,1.1269689825315097,4.13
4agh_A,4agh,alpha_beta,80,56,0,mpnn_soluble,soluble,False,-8,-6,10,10,1.0,0.0,5.0,0.8333333333333334,10,7.022222222222222,0.2520058006292007,0.32142857142857145,0.08928571428571429,0.9107142857142857,3,0.03832062811941519,2.0,0.0,10,83.07643750000001,-3.070812499999974,0.9086309370831234,1.1306551289993638,3.52
4agh_A,4agh,alpha_beta,80,56,0,mpnn_vanilla_weights,original,False,16,13,10,10,1.0,0.0,9.0,0.6923076923076923,10,7.2,0.26911329080047736,0.32142857142857145,0.16071428571428573,0.8392857142857143,3,-0.0005091501130596754,2.0,1.0,10,82.69106249999999,-3.4561874999999986,0.9251948455172105,0.9693038630368451,7.24
4agh_A,4agh,alpha_beta,80,56,0,mpnn_vanilla_weights,original,False,24,19,10,10,1.0,0.0,13.0,0.6842105263157895,10,9.2,0.3429250893113299,0.42857142857142855,0.23214285714285715,0.7678571428571429,0,,,,10,81.8383125,-4.308937499999985,0.9218343698293044,0.9839274137847314,9.22
4agh_A,4agh,alpha_beta,80,56,0,mpnn_vanilla_weights,original,False,4,3,10,10,1.0,0.0,2.0,0.6666666666666666,9,3.6,0.14368190701443068,0.21428571428571427,0.03571428571428571,0.9642857142857143,0,,,,10,84.91156249999997,-1.2356875000000045,0.911507797262606,1.0730010000004624,3.25
4agh_A,4agh,alpha_beta,80,56,0,mpnn_vanilla_weights,original,False,8,6,10,10,1.0,0.0,4.0,0.6666666666666666,10,4.333333333333333,0.1653011490612826,0.19642857142857142,0.07142857142857142,0.9285714285714286,3,0.005723461945360597,2.0,0.0,10,84.07081249999999,-2.07643749999999,0.9155275231415988,1.0452314090323989,4.22
4agh_A,4agh,alpha_beta,80,56,0,mpnn_vanilla_weights,original,False,-16,-13,10,10,1.0,0.0,10.0,0.7692307692307693,10,5.044444444444444,0.1765578678537793,0.26785714285714285,0.17857142857142858,0.8214285714285714,3,-0.05393951136065418,3.0,0.0,10,83.34493750000001,-2.802312499999978,0.9344009547516645,0.8928383220300486,7.53
4agh_A,4agh,alpha_beta,80,56,0,mpnn_vanilla_weights,original,False,-24,-19,10,10,1.0,0.0,15.0,0.7894736842105263,10,7.022222222222222,0.2508598121225779,0.375,0.26785714285714285,0.7321428571428571,0,,,,10,82.29568749999999,-3.851562499999993,0.9346304981631042,0.8861005364391559,12.38
4agh_A,4agh,alpha_beta,80,56,0,mpnn_vanilla_weights,original,False,-4,-3,10,10,1.0,0.0,2.0,0.6666666666666666,9,3.4,0.11997497792834635,0.16071428571428573,0.03571428571428571,0.9642857142857143,0,,,,10,85.07162499999998,-1.0756249999999952,0.9123916598159174,1.0695004007535522,3.08
4agh_A,4agh,alpha_beta,80,56,0,mpnn_vanilla_weights,original,False,-8,-6,10,10,1.0,0.0,4.0,0.6666666666666666,8,3.7111111111111112,0.1338092347337831,0.19642857142857142,0.07142857142857142,0.9285714285714286,3,-0.01437061536063453,0.0,1.0,10,84.0698125,-2.077437499999988,0.9120445084160405,1.0645734326266414,4.27
4agh_A,4agh,alpha_beta,80,56,0,random_control,,,16,13,10,10,1.0,0.0,11.0,0.8461538461538461,10,17.755555555555556,0.6928987146394439,0.75,0.19642857142857142,0.8035714285714286,3,0.1448388363226659,2.0,0.0,10,64.99075,-21.15649999999998,0.7768545974142548,2.004186613991611,0.0005
4agh_A,4agh,alpha_beta,80,56,0,random_control,,,24,19,10,10,1.0,0.0,15.0,0.7894736842105263,10,22.933333333333334,0.8869726322993899,0.8214285714285714,0.26785714285714285,0.7321428571428571,0,,,,10,54.24868750000002,-31.898562499999972,0.5768341943837982,2.5733580985086943,0.0005
4agh_A,4agh,alpha_beta,80,56,0,random_control,,,4,3,10,10,1.0,0.0,2.5,0.8333333333333333,10,4.822222222222222,0.19722454246921475,0.35714285714285715,0.04464285714285714,0.9553571428571428,0,,,,10,84.01593749999999,-2.131312499999993,0.9019141760396838,1.2049929936458768,0.0004
4agh_A,4agh,alpha_beta,80,56,0,random_control,,,8,6,10,10,1.0,0.0,5.0,0.8333333333333334,10,8.933333333333334,0.3626244014010059,0.5714285714285714,0.08928571428571429,0.9107142857142857,3,0.018187594999539414,2.0,1.0,10,79.3901875,-6.757062499999996,0.9183693566976336,1.0285753056127562,0.0004
4agh_A,4agh,alpha_beta,80,56,0,random_control,,,-16,-13,10,10,1.0,0.0,11.0,0.8461538461538461,10,17.377777777777776,0.6729029726512668,0.7678571428571429,0.19642857142857142,0.8035714285714286,3,0.04665480515483118,4.0,0.0,10,76.2036875,-9.943562499999992,0.8659674357435814,1.4840208292260968,0.0005
4agh_A,4agh,alpha_beta,80,56,0,random_control,,,-24,-19,10,10,1.0,0.0,16.0,0.8421052631578947,10,22.955555555555556,0.880665229035911,0.7857142857142857,0.2857142857142857,0.7142857142857143,0,,,,10,55.37099999999998,-30.776250000000005,0.6321410135862633,2.515757334619065,0.0007
4agh_A,4agh,alpha_beta,80,56,0,random_control,,,-4,-3,10,10,1.0,0.0,3.0,1.0,10,5.155555555555556,0.21717427229890912,0.42857142857142855,0.05357142857142857,0.9464285714285714,0,,,,10,83.68493749999999,-2.462312499999996,0.90575221012137,1.1540330996429558,0.0004
4agh_A,4agh,alpha_beta,80,56,0,random_control,,,-8,-6,10,10,1.0,0.0,4.5,0.75,10,8.911111111111111,0.36664728745271197,0.5357142857142857,0.08035714285714285,0.9196428571428572,3,-0.040820680139653474,5.0,0.0,10,82.972875,-3.1743749999999835,0.9028497271135496,1.1586650386324089,0.0004
4agh_A,4agh,alpha_beta,80,56,0,rosetta,,True,16,13,10,2,0.2,1.5,8.0,0.6428571428571429,8,3.7777777777777777,0.13258950998420163,0.19642857142857142,0.14285714285714285,0.8571428571428571,3,0.03903358904823655,1.0,0.0,10,85.69618749999998,-0.45106249999999903,0.929818491871955,0.9846799320745362,534.58
4agh_A,4agh,alpha_beta,80,56,0,rosetta,,True,24,19,10,2,0.2,0.8,14.5,0.743421052631579,8,4.377777777777778,0.1607669631131751,0.3392857142857143,0.23214285714285715,0.7678571428571429,0,,,,10,82.7878125,-3.3594374999999843,0.9268852446810141,0.9689066346125647,272.88
4agh_A,4agh,alpha_beta,80,56,0,rosetta,,True,4,3,10,3,0.3,0.7,2.5,0.7083333333333333,8,2.066666666666667,0.0749990148501615,0.08928571428571429,0.03571428571428571,0.9642857142857143,0,,,,10,86.26762499999997,0.12037499999998147,0.9174610130218313,1.0438975107347663,297.12
4agh_A,4agh,alpha_beta,80,56,0,rosetta,,True,8,6,10,2,0.2,0.8,5.0,0.7142857142857143,6,2.8222222222222224,0.10478987338693309,0.14285714285714285,0.07142857142857142,0.9285714285714286,3,-0.0026851752562908615,0.0,1.0,10,85.6606875,-0.486562499999998,0.9271298020992242,0.9689633289290324,281.34
4agh_A,4agh,alpha_beta,80,56,0,rosetta,,True,-16,-13,10,1,0.1,0.9,8.5,0.7083333333333333,7,3.2,0.11017086748623624,0.23214285714285715,0.1517857142857143,0.8482142857142857,3,-0.12284344794018551,3.0,0.0,10,83.33374999999998,-2.8135000000000048,0.9390182881444252,0.8737166962357216,106.8
4agh_A,4agh,alpha_beta,80,56,0,rosetta,,True,-24,-19,10,0,0.0,5.2,10.0,0.7416666666666667,5,1.2222222222222223,0.04196940165749953,0.21428571428571427,0.17857142857142858,0.8214285714285714,0,,,,10,82.5183125,-3.628937499999992,0.9385727381317323,0.9019123376732916,119.02
4agh_A,4agh,alpha_beta,80,56,0,rosetta,,True,-4,-3,10,2,0.2,0.8,1.0,0.5,4,1.7777777777777777,0.06045995319078682,0.07142857142857142,0.017857142857142856,0.9821428571428571,0,,,,10,85.0858125,-1.0614374999999825,0.9116190220903414,1.0929645318110794,87.58
4agh_A,4agh,alpha_beta,80,56,0,rosetta,,True,-8,-6,10,6,0.6,0.4,3.0,0.5857142857142856,6,1.7555555555555555,0.06271715670984439,0.08928571428571429,0.05357142857142857,0.9464285714285714,3,0.0004561514680450074,0.0,0.0,10,84.12424999999996,-2.0230000000000175,0.9083088297957007,1.0919726552849327,105.49
4cq4_B,4cq4,mainly_alpha,102,80,-5,avnapsa,,,16,11,10,8,0.8,0.2,9.0,0.5625,2,0.35555555555555557,0.009024101186092029,0.125,0.1125,0.8875,3,-0.016482780183811958,-1.0,-1.0,10,75.59240196078431,-5.0567156862744795,0.7160430091904058,2.698739993380567,55.11
4cq4_B,4cq4,mainly_alpha,102,80,-5,avnapsa,,,24,19,10,7,0.7,0.3,15.0,0.625,2,0.9333333333333333,0.022032272480767317,0.2,0.1875,0.8125,0,,,,10,74.2828431372549,-6.366274509803901,0.6519410108275134,3.0438751600834193,56.98
4cq4_B,4cq4,mainly_alpha,102,80,-5,avnapsa,,,8,3,10,10,1.0,0.0,5.0,0.625,1,0.0,0.0,0.0625,0.0625,0.9375,3,0.07853589329534362,-2.0,-3.0,10,77.74872549019608,-2.900392156862715,0.7301254579944376,2.603601087523777,66.84
4cq4_B,4cq4,mainly_alpha,102,80,-5,avnapsa,,,4,-1,10,3,0.3,0.7,3.0,0.6,2,0.4666666666666667,0.011016136240383658,0.0375,0.0375,0.9625,0,,,,10,79.3479411764706,-1.301176470588203,0.7594228805577208,2.3741025055511225,65.65
4cq4_B,4cq4,mainly_alpha,102,80,-5,avnapsa,,,-8,-13,10,10,1.0,0.0,6.0,0.75,1,0.0,0.0,0.075,0.075,0.925,3,0.0011285298653837005,1.0,-2.0,10,78.89593137254906,-1.7531862745097442,0.6950168305355179,2.3303151297795273,65.17
4cq4_B,4cq4,mainly_alpha,102,80,-5,avnapsa,,,-16,-21,10,7,0.7,0.3,11.0,0.6875,3,1.3777777777777778,0.03254023742647569,0.15,0.1375,0.8625,3,0.03777959040725588,-2.0,-2.0,10,75.25558823529408,-5.393529411764725,0.6857942701034114,2.1592422308968295,63.56
4cq4_B,4cq4,mainly_alpha,102,80,-5,avnapsa,,,-24,-29,10,0,0.0,1.0,17.0,0.68,1,0.0,0.0,0.2125,0.2125,0.7875,0,,,,10,74.33382352941175,-6.315294117647063,0.6923551030871438,2.153977123156133,63.24
4cq4_B,4cq4,mainly_alpha,102,80,-5,avnapsa,,,-4,-9,10,10,1.0,0.0,3.0,0.75,1,0.0,0.0,0.0375,0.0375,0.9625,0,,,,10,79.48754901960781,-1.1615686274509898,0.7596435900785017,2.3582837664851137,65.39
4cq4_B,4cq4,mainly_alpha,102,80,-5,mpnn_halo,halo,False,16,11,10,10,1.0,0.0,13.0,0.8125,10,11.377777777777778,0.2815490999466038,0.325,0.1625,0.8375,3,-0.03781948858110723,1.0,-3.0,10,78.80367647058824,-1.8454411764705654,0.7406798437470548,2.5107494380688937,23.67
4cq4_B,4cq4,mainly_alpha,102,80,-5,mpnn_halo,halo,False,24,19,10,10,1.0,0.0,19.0,0.7916666666666666,10,10.955555555555556,0.2840587002016869,0.4375,0.2375,0.7625,0,,,,10,75.55563725490197,-5.0934803921568275,0.7160063942641935,2.7344641856396796,40.51
4cq4_B,4cq4,mainly_alpha,102,80,-5,mpnn_halo,halo,False,8,3,10,10,1.0,0.0,7.0,0.875,10,9.133333333333333,0.23162938266978358,0.2875,0.0875,0.9125,3,0.005000463910516605,2.0,-3.0,10,78.74137254901959,-1.9077450980392072,0.690131680627188,2.4844479173747205,14.16
4cq4_B,4cq4,mainly_alpha,102,80,-5,mpnn_halo,halo,False,4,-1,10,10,1.0,0.0,3.0,0.75,10,5.622222222222222,0.14779448584476926,0.2125,0.0375,0.9625,0,,,,10,78.00823529411761,-2.6408823529411833,0.7002368538675974,2.7059769180326207,8.84
4cq4_B,4cq4,mainly_alpha,102,80,-5,mpnn_halo,halo,False,-8,-13,10,10,1.0,0.0,8.0,1.0,8,3.4444444444444446,0.08612622688717249,0.175,0.1,0.9,3,-0.08194648198843406,2.0,-3.0,10,78.24725490196079,-2.401862745098015,0.7334404297639763,2.587135781342485,14.64
4cq4_B,4cq4,mainly_alpha,102,80,-5,mpnn_halo,halo,False,-16,-21,10,10,1.0,0.0,15.0,0.9375,10,6.644444444444445,0.17261214139033823,0.325,0.1875,0.8125,3,-0.08818337218405294,0.0,-2.0,10,76.3785294117647,-4.270588235294092,0.7191336041795499,2.704577317260447,25.97
4cq4_B,4cq4,mainly_alpha,102,80,-5,mpnn_halo,halo,False,-24,-29,10,10,1.0,0.0,22.0,0.9166666666666666,10,12.688888888888888,0.32816149855221777,0.55,0.275,0.725,0,,,,10,68.84475490196075,-11.804362745098054,0.6830165375542296,2.6280056076995355,48.14
4cq4_B,4cq4,mainly_alpha,102,80,-5,mpnn_halo,halo,False,-4,-9,10,10,1.0,0.0,4.0,1.0,8,3.488888888888889,0.08546634830945879,0.1125,0.05,0.95,0,,,,10,79.87593137254902,-0.7731862745097899,0.7343842061412648,2.512962111483255,8.97
4cq4_B,4cq4,mainly_alpha,102,80,-5,mpnn_hyper,hyper,False,16,11,10,10,1.0,0.0,12.0,0.75,10,7.333333333333333,0.19970288914782333,0.3,0.15,0.85,3,-0.033871906163106064,4.0,-3.0,10,73.6635294117647,-6.985588235294102,0.7190911434152003,2.797184457644014,22.73
4cq4_B,4cq4,mainly_alpha,102,80,-5,mpnn_hyper,hyper,False,24,19,10,10,1.0,0.0,18.5,0.7708333333333333,10,9.977777777777778,0.25377490269562597,0.3375,0.23125,0.76875,0,,,,10,70.78735294117647,-9.861764705882337,0.7135403590156282,2.8982500167364487,29.45
4cq4_B,4cq4,mainly_alpha,102,80,-5,mpnn_hyper,hyper,False,8,3,10,10,1.0,0.0,6.0,0.75,10,7.4222222222222225,0.1904254212780961,0.1875,0.075,0.925,3,-0.007973281470242176,1.0,-2.0,10,77.66583333333332,-2.98328431372547,0.6923544871953822,2.402948944760314,13.18
4cq4_B,4cq4,mainly_alpha,102,80,-5,mpnn_hyper,hyper,False,4,-1,10,10,1.0,0.0,3.0,0.75,10,4.711111111111111,0.11876264301737213,0.175,0.0375,0.9625,0,,,,10,77.78073529411762,-2.8683823529411754,0.6992389579627314,2.968515593326128,8.65
4cq4_B,4cq4,mainly_alpha,102,80,-5,mpnn_hyper,hyper,False,-8,-13,10,10,1.0,0.0,7.0,0.875,5,1.8444444444444446,0.04538587345650742,0.1,0.0875,0.9125,3,-0.029033728776381097,1.0,0.0,10,79.68642156862748,-0.9626960784313283,0.7015466317867789,3.0541506075227343,13.22
4cq4_B,4cq4,mainly_alpha,102,80,-5,mpnn_hyper,hyper,False,-16,-21,10,10,1.0,0.0,14.0,0.875,10,11.4,0.3023261354267198,0.4625,0.175,0.825,3,0.0025500029973523053,2.0,-3.0,10,75.89754901960785,-4.7515686274509505,0.6957932398093968,2.9000938761930763,40.13
4cq4_B,4cq4,mainly_alpha,102,80,-5,mpnn_hyper,hyper,False,-24,-29,10,10,1.0,0.0,21.5,0.8958333333333333,10,18.066666666666666,0.48503870050269365,0.6375,0.26875000000000004,0.73125,0,,,,10,66.38308823529411,-14.266029411764698,0.6246391428500622,2.7449566454852654,39.38
4cq4_B,4cq4,mainly_alpha,102,80,-5,mpnn_hyper,hyper,False,-4,-9,10,10,1.0,0.0,3.0,0.75,8,3.2888888888888888,0.08057980220350074,0.0875,0.0375,0.9625,0,,,,10,80.1766176470588,-0.4724999999999966,0.7411238988824282,2.563903191262469,8.66
4cq4_B,4cq4,mainly_alpha,102,80,-5,mpnn_soluble,soluble,False,16,11,10,10,1.0,0.0,14.5,0.90625,10,19.933333333333334,0.5142776419283874,0.6,0.18125,0.81875,3,-0.0019807330756162075,0.0,-3.0,10,77.54784313725492,-3.1012745098038934,0.6842760321281967,2.7606264624619783,15.38
4cq4_B,4cq4,mainly_alpha,102,80,-5,mpnn_soluble,soluble,False,24,19,10,10,1.0,0.0,21.0,0.875,10,22.511111111111113,0.5796485011390091,0.65,0.2625,0.7375,0,,,,10,73.54563725490195,-7.103480392156847,0.6881943464140018,2.8058539457097815,20.67
4cq4_B,4cq4,mainly_alpha,102,80,-5,mpnn_soluble,soluble,False,8,3,10,10,1.0,0.0,8.0,1.0,10,11.8,0.315830893723508,0.4,0.1,0.9,3,-0.04987303108389057,0.0,-2.0,10,78.96901960784314,-1.6800980392156646,0.6947776939710917,2.3131627283161063,9.43
4cq4_B,4cq4,mainly_alpha,102,80,-5,mpnn_soluble,soluble,False,4,-1,10,10,1.0,0.0,4.0,1.0,10,7.088888888888889,0.19377586535554997,0.3,0.05,0.95,0,,,,10,80.18593137254902,-0.46318627450977345,0.7087453552863723,2.859901416376968,5.85
4cq4_B,4cq4,mainly_alpha,102,80,-5,mpnn_soluble,soluble,False,-8,-13,10,10,1.0,0.0,7.0,0.875,10,10.28888888888889,0.25496248485084927,0.35,0.0875,0.9125,3,-0.041598304573497,1.0,0.0,10,77.90024509803919,-2.748872549019609,0.7174487063836414,2.5851039699540665,8.56
4cq4_B,4cq4,mainly_alpha,102,80,-5,mpnn_soluble,soluble,False,-16,-21,10,10,1.0,0.0,15.0,0.9375,10,14.133333333333333,0.34739611407073423,0.475,0.1875,0.8125,3,-0.0460666992261354,0.0,-1.0,10,74.5530882352941,-6.096029411764697,0.6940031041506152,2.706728288842436,14.28
4cq4_B,4cq4,mainly_alpha,102,80,-5,mpnn_soluble,soluble,False,-24,-29,10,10,1.0,0.0,22.0,0.9166666666666666,10,15.88888888888889,0.3952610902538288,0.575,0.275,0.725,0,,,,10,65.61156862745096,-15.03754901960783,0.6111991594646792,2.6322218319429904,21.08
4cq4_B,4cq4,mainly_alpha,102,80,-5,mpnn_soluble,soluble,False,-4,-9,10,10,1.0,0.0,4.0,1.0,10,6.311111111111111,0.16468808125090456,0.2625,0.05,0.95,0,,,,10,79.48377450980392,-1.1653431372548795,0.733610697883089,2.4609873360124013,5.35
4cq4_B,4cq4,mainly_alpha,102,80,-5,mpnn_vanilla_weights,original,False,16,11,10,10,1.0,0.0,13.0,0.8125,10,14.266666666666667,0.37342521381345406,0.425,0.1625,0.8375,3,0.01720366619155709,0.0,-3.0,10,77.46470588235294,-3.1844117647058496,0.752465176785046,2.3552359110234886,14.98
4cq4_B,4cq4,mainly_alpha,102,80,-5,mpnn_vanilla_weights,original,False,24,19,10,10,1.0,0.0,20.0,0.8333333333333334,10,19.8,0.525154415341168,0.5375,0.25,0.75,0,,,,10,77.67372549019606,-2.975392156862739,0.7333820248135614,2.638883158454136,21.08
4cq4_B,4cq4,mainly_alpha,102,80,-5,mpnn_vanilla_weights,original,False,8,3,10,10,1.0,0.0,7.0,0.875,10,9.955555555555556,0.26984451291985856,0.3375,0.0875,0.9125,3,0.044766514229896935,-1.0,-2.0,10,79.88813725490195,-0.7609803921568528,0.7112096570044322,2.811613022664937,8.54
4cq4_B,4cq4,mainly_alpha,102,80,-5,mpnn_vanilla_weights,original,False,4,-1,10,10,1.0,0.0,3.0,0.75,10,4.711111111111111,0.13398598120923597,0.225,0.0375,0.9625,0,,,,10,78.78965686274509,-1.8594607843137112,0.7387564739899302,2.558454707398873,4.97
4cq4_B,4cq4,mainly_alpha,102,80,-5,mpnn_vanilla_weights,original,False,-8,-13,10,10,1.0,0.0,7.0,0.875,10,5.511111111111111,0.145640121874801,0.275,0.0875,0.9125,3,-0.09583718720518015,4.0,-2.0,10,78.13598039215685,-2.5131372549019417,0.722538066446281,2.712924638314483,8.54
4cq4_B,4cq4,mainly_alpha,102,80,-5,mpnn_vanilla_weights,original,False,-16,-21,10,10,1.0,0.0,15.0,0.9375,10,11.555555555555555,0.278817880470538,0.3875,0.1875,0.8125,3,-0.07632269289471631,3.0,-1.0,10,78.97955882352943,-1.6695588235293641,0.7305785756784238,2.5312728021034117,14.56
4cq4_B,4cq4,mainly_alpha,102,80,-5,mpnn_vanilla_weights,original,False,-24,-29,10,10,1.0,0.0,23.0,0.9583333333333334,10,14.333333333333334,0.3434140422188256,0.5,0.2875,0.7125,0,,,,10,72.815,-7.834117647058804,0.7185607784042674,2.593671967465582,19.75
4cq4_B,4cq4,mainly_alpha,102,80,-5,mpnn_vanilla_weights,original,False,-4,-9,10,10,1.0,0.0,4.0,1.0,8,3.6,0.09425923001948511,0.1375,0.05,0.95,0,,,,10,79.48460784313728,-1.1645098039215185,0.7235134258985381,2.7225322607079496,5.47
4cq4_B,4cq4,mainly_alpha,102,80,-5,random_control,,,16,11,10,10,1.0,0.0,13.0,0.8125,10,22.244444444444444,0.616308395556484,0.8125,0.1625,0.8375,3,-0.02554473888475637,-3.0,-3.0,10,70.57480392156862,-10.074313725490178,0.6358246939515746,2.7181773732380785,0.0005
4cq4_B,4cq4,mainly_alpha,102,80,-5,random_control,,,24,19,10,10,1.0,0.0,19.5,0.8125,10,31.022222222222222,0.8551552790047152,0.85,0.24375,0.75625,0,,,,10,67.32784313725489,-13.321274509803906,0.5978525696899828,2.6038945744474793,0.0006
4cq4_B,4cq4,mainly_alpha,102,80,-5,random_control,,,8,3,10,10,1.0,0.0,7.0,0.875,10,12.466666666666667,0.3476499640102894,0.525,0.0875,0.9125,3,0.013104443950965106,-3.0,-1.0,10,78.03377450980392,-2.615343137254875,0.7142664062871751,2.909532821775124,0.0005
4cq4_B,4cq4,mainly_alpha,102,80,-5,random_control,,,4,-1,10,10,1.0,0.0,4.0,1.0,10,6.555555555555555,0.1879176066999644,0.3375,0.05,0.95,0,,,,10,78.0331862745098,-2.6159313725490065,0.7186470230329576,2.3938924452371624,0.0005
4cq4_B,4cq4,mainly_alpha,102,80,-5,random_control,,,-8,-13,10,10,1.0,0.0,7.0,0.875,10,12.755555555555556,0.3661713888177741,0.55,0.0875,0.9125,3,0.03847700956066993,-1.0,-1.0,10,68.91068627450983,-11.738431372548973,0.6363814867060598,2.371153318281566,0.0005
4cq4_B,4cq4,mainly_alpha,102,80,-5,random_control,,,-16,-21,10,10,1.0,0.0,14.0,0.875,10,23.355555555555554,0.6435918363460014,0.7125,0.175,0.825,3,0.06026496297505474,-1.0,-4.0,10,63.89083333333331,-16.75828431372549,0.6131315763725701,2.179336829576442,0.0006
4cq4_B,4cq4,mainly_alpha,102,80,-5,random_control,,,-24,-29,10,10,1.0,0.0,21.5,0.8958333333333333,10,31.8,0.8580245001697214,0.8,0.26875000000000004,0.73125,0,,,,10,59.62529411764706,-21.023823529411743,0.5397982260704898,2.5855377643350623,0.0007
4cq4_B,4cq4,mainly_alpha,102,80,-5,random_control,,,-4,-9,10,10,1.0,0.0,4.0,1.0,10,6.955555555555556,0.20191648470546641,0.3625,0.05,0.95,0,,,,10,76.29289215686273,-4.356225490196067,0.7212384018461868,2.557489245820234,0.0005
4cq4_B,4cq4,mainly_alpha,102,80,-5,rosetta,,True,16,11,10,1,0.1,0.9,10.0,0.5882352941176471,6,2.2444444444444445,0.057667809612549414,0.175,0.125,0.875,3,-0.07154310912656876,-1.0,-1.0,10,78.99166666666669,-1.6574509803921131,0.6922855207107872,2.8848932100724487,364.37
4cq4_B,4cq4,mainly_alpha,102,80,-5,rosetta,,True,24,19,10,6,0.6,0.4,16.0,0.64,9,4.866666666666666,0.1199811392509412,0.25,0.2,0.8,0,,,,10,80.06833333333331,-0.5807843137254878,0.7326817979393396,2.5754032123582125,520.52
4cq4_B,4cq4,mainly_alpha,102,80,-5,rosetta,,True,8,3,10,10,1.0,0.0,4.0,0.5,5,1.4666666666666666,0.03879719339800812,0.075,0.05,0.95,3,-0.03956744817738151,0.0,-3.0,10,79.21049019607841,-1.4386274509803911,0.7448111335887637,2.525488371473682,662.71
4cq4_B,4cq4,mainly_alpha,102,80,-5,rosetta,,True,4,-1,10,10,1.0,0.0,2.0,0.5,4,1.6444444444444444,0.040080474852951374,0.05,0.025,0.975,0,,,,10,79.83264705882351,-0.8164705882352976,0.7636164936655856,2.364299013870471,825.03
4cq4_B,4cq4,mainly_alpha,102,80,-5,rosetta,,True,-8,-13,10,5,0.5,0.5,6.5,0.8660714285714286,4,1.8666666666666667,0.04336244491986602,0.1125,0.08124999999999999,0.91875,3,-0.02517479554724612,2.0,-4.0,10,77.63970588235296,-3.0094117647058525,0.7185368760263936,2.87070032850541,176.85
4cq4_B,4cq4,mainly_alpha,102,80,-5,rosetta,,True,-16,-21,10,3,0.3,0.7,12.5,0.80625,7,3.3777777777777778,0.0852455441170644,0.1875,0.15625,0.84375,3,-0.03413837022780936,1.0,-4.0,10,76.28490196078431,-4.364215686274491,0.724887825957869,2.8725509536545415,110.97
4cq4_B,4cq4,mainly_alpha,102,80,-5,rosetta,,True,-24,-29,10,1,0.1,0.9,18.0,0.782608695652174,4,1.8888888888888888,0.047112540984751775,0.2625,0.225,0.775,0,,,,10,76.8247549019608,-3.824362745098,0.7103521132021277,2.2934027471698952,127.51
4cq4_B,4cq4,mainly_alpha,102,80,-5,rosetta,,True,-4,-9,10,1,0.1,0.9,3.0,1.0,2,1.0,0.029312224599330076,0.075,0.0375,0.9625,0,,,,10,78.94593137254901,-1.7031862745097825,0.7167683755423547,2.741721310422773,116.63
4lws_B,4lws,mainly_alpha,86,66,-6,avnapsa,,,8,1,10,10,1.0,0.0,4.0,0.5714285714285714,1,0.0,0.0,0.06060606060606061,0.06060606060606061,0.9393939393939394,3,-0.018400472960525688,-2.0,-2.0,10,59.268197674418616,2.389011627906985,0.5086559573888197,2.898763740056448,40.15
4lws_B,4lws,mainly_alpha,86,66,-6,avnapsa,,,24,15,10,1,0.1,0.9,13.0,0.5909090909090909,2,0.2,0.007105993842261836,0.19696969696969696,0.19696969696969696,0.803030303030303,0,,,,10,60.069186046511646,3.1900000000000155,0.61690927213866,2.854343549468177,43.27
4lws_B,4lws,mainly_alpha,86,66,-6,avnapsa,,,16,8,10,8,0.8,0.2,8.0,0.5714285714285714,2,1.0666666666666667,0.03281491340397102,0.15151515151515152,0.12121212121212122,0.8787878787878788,3,0.04788875338030905,-2.0,0.0,10,57.46744186046511,0.5882558139534808,0.7155955995209353,2.2233653906548208,52.07
4lws_B,4lws,mainly_alpha,86,66,-6,avnapsa,,,-8,-13,10,10,1.0,0.0,4.0,0.5714285714285714,2,0.7111111111111111,0.021876608935980677,0.07575757575757576,0.06060606060606061,0.9393939393939394,3,0.006691226717636543,1.0,-2.0,10,56.93976744186048,0.06058139534885143,0.6609845492500572,2.927722822214399,40.6
4lws_B,4lws,mainly_alpha,86,66,-6,avnapsa,,,-16,-20,10,0,0.0,1.0,9.0,0.6,3,1.0222222222222221,0.03139719072283842,0.15151515151515152,0.13636363636363635,0.8636363636363636,3,0.054471820583248926,-3.0,-2.0,10,52.23598837209302,-4.643197674418609,0.5841738370796581,3.177904739614984,39.26
4lws_B,4lws,mainly_alpha,86,66,-6,avnapsa,,,-24,-27,10,10,1.0,0.0,14.0,0.6666666666666666,1,0.0,0.0,0.21212121212121213,0.21212121212121213,0.7878787878787878,0,,,,10,51.68552325581396,-5.193662790697662,0.4581207863167075,3.4794104596823994,50.51
4lws_B,4lws,mainly_alpha,86,66,-6,avnapsa,,,4,-3,10,10,1.0,0.0,2.0,0.6666666666666666,1,0.0,0.0,0.030303030303030304,0.030303030303030304,0.9696969696969697,0,,,,10,56.83598837209303,-0.04319767441860378,0.6286597903995135,3.074963573792718,39.69
4lws_B,4lws,mainly_alpha,86,66,-6,avnapsa,,,-4,-9,10,10,1.0,0.0,2.0,0.6666666666666666,1,0.0,0.0,0.030303030303030304,0.030303030303030304,0.9696969696969697,0,,,,10,56.29680232558138,-0.5823837209302454,0.7069904921697243,2.4515524475608306,38.85
4lws_B,4lws,mainly_alpha,86,66,-6,mpnn_halo,halo,False,8,1,10,10,1.0,0.0,6.0,0.8571428571428571,10,7.355555555555555,0.2270809364502088,0.3181818181818182,0.09090909090909091,0.9090909090909091,3,0.019371985262448575,3.0,-1.0,10,56.63005813953488,-0.24912790697674225,0.6276521043010174,2.720978681691414,10.7
4lws_B,4lws,mainly_alpha,86,66,-6,mpnn_halo,halo,False,24,15,10,10,1.0,0.0,18.0,0.8571428571428571,10,9.133333333333333,0.28099970585772244,0.4393939393939394,0.2727272727272727,0.7272727272727273,0,,,,10,59.76697674418606,2.8877906976744327,0.6030639143736913,3.0688212421601637,23.91
4lws_B,4lws,mainly_alpha,86,66,-6,mpnn_halo,halo,False,16,8,10,10,1.0,0.0,12.0,0.8571428571428571,10,7.488888888888889,0.22855898758647902,0.3484848484848485,0.18181818181818182,0.8181818181818182,3,0.030344101812971758,5.0,0.0,10,58.627383720930226,1.748197674418595,0.6616786557740764,2.659169609481377,17.52
4lws_B,4lws,mainly_alpha,86,66,-6,mpnn_halo,halo,False,-8,-13,10,10,1.0,0.0,6.0,0.8571428571428571,9,3.3555555555555556,0.10093760557760868,0.15151515151515152,0.09090909090909091,0.9090909090909091,3,-0.05175357633742104,1.0,-2.0,10,54.9245930232558,-1.9545930232558248,0.49564816016837343,3.2747083549548046,9.84
4lws_B,4lws,mainly_alpha,86,66,-6,mpnn_halo,halo,False,-16,-20,10,10,1.0,0.0,12.0,0.8571428571428571,10,7.044444444444444,0.2227657728512395,0.3484848484848485,0.18181818181818182,0.8181818181818182,3,-0.06927645711758773,2.0,-3.0,10,56.07203488372093,-0.8071511627906958,0.5450430630039517,2.7324934531252376,17.35
4lws_B,4lws,mainly_alpha,86,66,-6,mpnn_halo,halo,False,-24,-27,10,10,1.0,0.0,17.5,0.8333333333333333,10,10.088888888888889,0.32377235289814793,0.5303030303030303,0.26515151515151514,0.7348484848484849,0,,,,10,55.503720930232554,-1.3754651162790736,0.6058031938877078,2.351148094189676,23.1
4lws_B,4lws,mainly_alpha,86,66,-6,mpnn_halo,halo,False,4,-3,10,10,1.0,0.0,3.0,1.0,10,4.4,0.13443413702207815,0.19696969696969696,0.045454545454545456,0.9545454545454546,0,,,,10,56.11209302325581,-0.7670930232558142,0.632306745587803,2.929985918790257,6.28
4lws_B,4lws,mainly_alpha,86,66,-6,mpnn_halo,halo,False,-4,-9,10,10,1.0,0.0,2.5,0.8333333333333333,6,2.511111111111111,0.0754720662021298,0.10606060606060606,0.03787878787878788,0.9621212121212122,0,,,,10,55.532616279069785,-1.3465697674418458,0.5865182633881352,2.812918576538899,5.61
4lws_B,4lws,mainly_alpha,86,66,-6,mpnn_hyper,hyper,False,8,1,10,10,1.0,0.0,7.0,1.0,10,5.8,0.18863367270110643,0.21212121212121213,0.10606060606060606,0.8939393939393939,3,0.0060137619490863575,4.0,-2.0,10,57.58656976744185,0.7073837209302241,0.6664907663715534,2.527935136890009,11.29
4lws_B,4lws,mainly_alpha,86,66,-6,mpnn_hyper,hyper,False,24,15,10,10,1.0,0.0,18.0,0.8571428571428571,10,12.088888888888889,0.38866133645051365,0.5151515151515151,0.2727272727272727,0.7272727272727273,0,,,,10,57.445581395348825,0.5663953488371938,0.6460831540229903,2.3890647650464993,25.01
4lws_B,4lws,mainly_alpha,86,66,-6,mpnn_hyper,hyper,False,16,8,10,10,1.0,0.0,13.0,0.9285714285714286,10,8.377777777777778,0.2764447338269512,0.3787878787878788,0.19696969696969696,0.803030303030303,3,-0.05435412821749477,3.0,0.0,10,57.40372093023255,0.5245348837209249,0.6497966457361878,2.6041569589423146,19.13
4lws_B,4lws,mainly_alpha,86,66,-6,mpnn_hyper,hyper,False,-8,-13,10,10,1.0,0.0,6.0,0.8571428571428571,8,2.7111111111111112,0.07800513904765828,0.13636363636363635,0.09090909090909091,0.9090909090909091,3,-0.02849210413594101,0.0,-1.0,10,54.891976744186024,-1.9872093023255992,0.6385124467337144,2.789708260327737,9.99
4lws_B,4lws,mainly_alpha,86,66,-6,mpnn_hyper,hyper,False,-16,-20,10,10,1.0,0.0,12.0,0.8571428571428571,10,8.0,0.24594602720655986,0.3787878787878788,0.18181818181818182,0.8181818181818182,3,-0.05262142943231148,1.0,-1.0,10,53.74511627906975,-3.1340697674418756,0.5302176175345068,3.1687259886563393,21.67
4lws_B,4lws,mainly_alpha,86,66,-6,mpnn_hyper,hyper,False,-24,-27,10,10,1.0,0.0,18.0,0.8571428571428571,10,8.022222222222222,0.26266333557893023,0.5,0.2727272727272727,0.7272727272727273,0,,,,10,52.31127906976744,-4.56790697674419,0.54924171581189,3.0692494075372267,26.18
4lws_B,4lws,mainly_alpha,86,66,-6,mpnn_hyper,hyper,False,4,-3,10,10,1.0,0.0,3.0,1.0,10,4.444444444444445,0.14004055900767945,0.16666666666666666,0.045454545454545456,0.9545454545454546,0,,,,10,56.66145348837209,-0.21773255813953796,0.6553272163557127,2.7438492868996867,6.81
4lws_B,4lws,mainly_alpha,86,66,-6,mpnn_hyper,hyper,False,-4,-9,10,10,1.0,0.0,3.0,1.0,8,2.533333333333333,0.08000800326226763,0.12121212121212122,0.045454545454545456,0.9545454545454546,0,,,,10,55.77633720930232,-1.102848837209308,0.6338232956124663,2.671576737105529,6.48
4lws_B,4lws,mainly_alpha,86,66,-6,mpnn_soluble,soluble,False,8,1,10,10,1.0,0.0,6.0,0.8571428571428571,10,9.488888888888889,0.30010999592946663,0.42424242424242425,0.09090909090909091,0.9090909090909091,3,-0.014084457706722895,-1.0,-1.0,10,57.57261627906975,0.6934302325581214,0.6410413914151483,2.949647215292302,6.61
4lws_B,4lws,mainly_alpha,86,66,-6,mpnn_soluble,soluble,False,24,15,10,10,1.0,0.0,17.0,0.8095238095238095,10,17.133333333333333,0.5250322683517353,0.6212121212121212,0.25757575757575757,0.7424242424242424,0,,,,10,58.923720930232555,2.044534883720928,0.5981357861743375,2.9489836504640885,13.8
4lws_B,4lws,mainly_alpha,86,66,-6,mpnn_soluble,soluble,False,16,8,10,10,1.0,0.0,12.0,0.8571428571428571,10,14.133333333333333,0.4404316568534522,0.5151515151515151,0.18181818181818182,0.8181818181818182,3,-0.0803727131256769,0.0,-2.0,10,55.902616279069775,-0.9765697674418554,0.6204489928736037,2.898362956161738,10.7
4lws_B,4lws,mainly_alpha,86,66,-6,mpnn_soluble,soluble,False,-8,-13,10,10,1.0,0.0,6.0,0.8571428571428571,10,9.155555555555555,0.27727541032061254,0.3939393939393939,0.09090909090909091,0.9090909090909091,3,-0.05968816140196179,2.0,-2.0,10,54.98540697674418,-1.8937790697674473,0.5913361358535234,2.9734306668069106,6.49
4lws_B,4lws,mainly_alpha,86,66,-6,mpnn_soluble,soluble,False,-16,-20,10,10,1.0,0.0,11.5,0.8214285714285714,10,14.177777777777777,0.41531991764673654,0.5303030303030303,0.17424242424242425,0.8257575757575758,3,-0.03884235429450762,1.0,-2.0,10,54.286511627906975,-2.592674418604652,0.48704162350625335,3.11892284960983,10.49
4lws_B,4lws,mainly_alpha,86,66,-6,mpnn_soluble,soluble,False,-24,-27,10,10,1.0,0.0,18.0,0.8571428571428571,10,13.622222222222222,0.39288849060954956,0.5151515151515151,0.2727272727272727,0.7272727272727273,0,,,,10,53.708779069767445,-3.170406976744186,0.4689881578636959,3.5255574759254444,14.11
4lws_B,4lws,mainly_alpha,86,66,-6,mpnn_soluble,soluble,False,4,-3,10,10,1.0,0.0,3.0,1.0,10,4.977777777777778,0.17117434666021372,0.30303030303030304,0.045454545454545456,0.9545454545454546,0,,,,10,56.17459302325583,-0.7045930232557964,0.6856395638260883,2.5755354232400416,3.92
4lws_B,4lws,mainly_alpha,86,66,-6,mpnn_soluble,soluble,False,-4,-9,10,10,1.0,0.0,3.0,1.0,10,4.666666666666667,0.15140113787381293,0.25757575757575757,0.045454545454545456,0.9545454545454546,0,,,,10,55.23982558139535,-1.639360465116276,0.6740989816921766,2.675601388246722,3.89
4lws_B,4lws,mainly_alpha,86,66,-6,mpnn_vanilla_weights,original,False,8,1,10,10,1.0,0.0,6.0,0.8571428571428571,10,8.644444444444444,0.2741246196441515,0.3484848484848485,0.09090909090909091,0.9090909090909091,3,-0.0023604715881716865,2.0,-1.0,10,56.50982558139532,-0.36936046511630494,0.5809290402681064,2.767368594798461,6.34
4lws_B,4lws,mainly_alpha,86,66,-6,mpnn_vanilla_weights,original,False,24,15,10,10,1.0,0.0,17.0,0.8095238095238095,10,15.977777777777778,0.5054225933212624,0.5454545454545454,0.25757575757575757,0.7424242424242424,0,,,,10,59.23598837209301,2.356802325581384,0.6217391155802126,2.591142745718211,14.03
4lws_B,4lws,mainly_alpha,86,66,-6,mpnn_vanilla_weights,original,False,16,8,10,10,1.0,0.0,11.0,0.7857142857142857,10,14.844444444444445,0.47203741583526815,0.4696969696969697,0.16666666666666666,0.8333333333333334,3,-0.0935471762337259,-1.0,-2.0,10,57.507906976744174,0.6287209302325465,0.5768139865580276,3.03738961026221,10.33
4lws_B,4lws,mainly_alpha,86,66,-6,mpnn_vanilla_weights,original,False,-8,-13,10,10,1.0,0.0,5.5,0.7857142857142857,10,7.5777777777777775,0.23194068589163092,0.3181818181818182,0.08333333333333334,0.9166666666666666,3,-0.040706208755217854,2.0,-1.0,10,55.98151162790698,-0.8976744186046446,0.6175651214475907,2.9598621672855767,5.81
4lws_B,4lws,mainly_alpha,86,66,-6,mpnn_vanilla_weights,original,False,-16,-20,10,10,1.0,0.0,11.0,0.7857142857142857,10,10.666666666666666,0.3257913325976112,0.3939393939393939,0.16666666666666666,0.8333333333333334,3,-0.06172643031321357,1.0,-2.0,10,53.58843023255814,-3.290755813953485,0.5023692043564396,3.161478063760228,9.38
4lws_B,4lws,mainly_alpha,86,66,-6,mpnn_vanilla_weights,original,False,-24,-27,10,10,1.0,0.0,17.0,0.8095238095238095,10,10.155555555555555,0.3224838350502217,0.5,0.25757575757575757,0.7424242424242424,0,,,,10,53.67965116279069,-3.1995348837209363,0.45155398329623014,3.3327711093701295,13.82
4lws_B,4lws,mainly_alpha,86,66,-6,mpnn_vanilla_weights,original,False,4,-3,10,10,1.0,0.0,2.5,0.8333333333333333,10,4.644444444444445,0.15885961299559503,0.25757575757575757,0.03787878787878788,0.9621212121212122,0,,,,10,56.178023255813955,-0.7011627906976692,0.6471760658224256,2.9178747975209807,3.72
4lws_B,4lws,mainly_alpha,86,66,-6,mpnn_vanilla_weights,original,False,-4,-9,10,10,1.0,0.0,2.5,0.8333333333333333,8,3.6444444444444444,0.12054272094021316,0.19696969696969696,0.03787878787878788,0.9621212121212122,0,,,,10,56.33761627906977,-0.5415697674418567,0.6201780344683783,3.0738353435778576,3.65
4lws_B,4lws,mainly_alpha,86,66,-6,random_control,,,8,1,10,10,1.0,0.0,6.0,0.8571428571428571,10,11.28888888888889,0.39075660050880745,0.5909090909090909,0.09090909090909091,0.9090909090909091,3,-0.033799024257460626,0.0,-2.0,10,55.61220930232558,-1.2669767441860422,0.6168379836316504,2.598113670764725,0.0004
4lws_B,4lws,mainly_alpha,86,66,-6,random_control,,,24,15,10,10,1.0,0.0,17.0,0.8095238095238095,10,26.466666666666665,0.8770597431522982,0.8181818181818182,0.25757575757575757,0.7424242424242424,0,,,,10,60.52267441860463,3.643488372093003,0.5119561937601502,2.671951468145748,0.0004
4lws_B,4lws,mainly_alpha,86,66,-6,random_control,,,16,8,10,10,1.0,0.0,11.5,0.8214285714285714,10,20.2,0.6833751159520026,0.8181818181818182,0.17424242424242425,0.8257575757575758,3,0.006996009988257438,3.0,-1.0,10,58.18662790697675,1.3074418604651292,0.5546064066809357,3.0147484565732743,0.0004
4lws_B,4lws,mainly_alpha,86,66,-6,random_control,,,-8,-13,10,10,1.0,0.0,6.0,0.8571428571428571,10,11.11111111111111,0.3822389461585873,0.5454545454545454,0.09090909090909091,0.9090909090909091,3,0.028017891026921305,1.0,-2.0,10,53.560406976744176,-3.318779069767448,0.5663707723055209,3.0947691624318603,0.0004
4lws_B,4lws,mainly_alpha,86,66,-6,random_control,,,-16,-20,10,10,1.0,0.0,11.5,0.8214285714285714,10,18.955555555555556,0.6300494721405229,0.6818181818181818,0.17424242424242425,0.8257575757575758,3,0.0863753634688395,1.0,-2.0,10,52.797383720930235,-4.081802325581393,0.49967100792698316,3.0109570692386707,0.0004
4lws_B,4lws,mainly_alpha,86,66,-6,random_control,,,-24,-27,10,10,1.0,0.0,18.0,0.8571428571428571,10,26.533333333333335,0.8741881497381491,0.7575757575757576,0.2727272727272727,0.7272727272727273,0,,,,10,51.897790697674424,-4.981395348837204,0.4268125724926,2.6390833765697828,0.0005
4lws_B,4lws,mainly_alpha,86,66,-6,random_control,,,4,-3,10,10,1.0,0.0,3.0,1.0,10,5.044444444444444,0.17747833290705012,0.3181818181818182,0.045454545454545456,0.9545454545454546,0,,,,10,57.04598837209302,0.16680232558138997,0.6335669435846776,3.030578227562743,0.0004
4lws_B,4lws,mainly_alpha,86,66,-6,random_control,,,-4,-9,10,10,1.0,0.0,2.0,0.6666666666666666,10,4.533333333333333,0.15365810220692638,0.2727272727272727,0.030303030303030304,0.9696969696969697,0,,,,10,54.47412790697675,-2.40505813953488,0.6161869477067627,2.7102679136856738,0.0003
4lws_B,4lws,mainly_alpha,86,66,-6,rosetta,,True,8,1,10,2,0.2,0.8,6.0,0.75,9,3.311111111111111,0.10212467075001026,0.13636363636363635,0.09090909090909091,0.9090909090909091,3,-0.035864910423604575,1.0,-2.0,10,57.31906976744184,0.43988372093021155,0.6552270935743052,2.746038253076968,471.51
4lws_B,4lws,mainly_alpha,86,66,-6,rosetta,,True,24,15,10,1,0.1,1.0,15.5,0.7207792207792207,8,3.933333333333333,0.12318880227825152,0.2727272727272727,0.23484848484848486,0.7651515151515151,0,,,,10,58.78063953488372,1.9014534883720948,0.5772668625145829,3.227799415853795,645.13
4lws_B,4lws,mainly_alpha,86,66,-6,rosetta,,True,16,8,10,3,0.3,0.7,10.0,0.7142857142857143,9,4.644444444444445,0.14510480004474197,0.24242424242424243,0.15151515151515152,0.8484848484848485,3,-0.10879549934038438,2.0,-1.0,10,58.62598837209303,1.7468023255814025,0.5235935321896026,2.7947056172112834,529.92
4lws_B,4lws,mainly_alpha,86,66,-6,rosetta,,True,-8,-13,10,3,0.3,0.7,5.0,0.8333333333333334,8,3.2666666666666666,0.09385064670598028,0.12121212121212122,0.07575757575757576,0.9242424242424242,3,-0.0591007260610775,1.0,-2.0,10,56.6545930232558,-0.22459302325582442,0.6591461857997146,2.6064444229406405,88.52
4lws_B,4lws,mainly_alpha,86,66,-6,rosetta,,True,-16,-20,10,5,0.5,0.5,11.5,0.8516483516483516,9,4.377777777777778,0.13200160011152015,0.22727272727272727,0.16666666666666666,0.8333333333333334,3,-0.14451200904592554,1.0,-3.0,10,56.62127906976746,-0.2579069767441666,0.7069666009051441,2.3883088596391397,103.8
4lws_B,4lws,mainly_alpha,86,66,-6,rosetta,,True,-24,-27,10,3,0.3,1.3,17.0,0.85,9,3.8444444444444446,0.11453387817642523,0.2878787878787879,0.25757575757575757,0.7424242424242424,0,,,,10,55.49459302325582,-1.3845930232558104,0.6225105270498787,2.5339574272898258,106.29
4lws_B,4lws,mainly_alpha,86,66,-6,rosetta,,True,4,-3,10,1,0.1,0.9,3.0,0.75,6,2.8666666666666667,0.08838149447198511,0.09090909090909091,0.045454545454545456,0.9545454545454546,0,,,,10,56.316279069767425,-0.5629069767442019,0.7213695338194808,2.2690049458922985,435.15
4lws_B,4lws,mainly_alpha,86,66,-6,rosetta,,True,-4,-9,10,3,0.3,0.7,2.0,1.0,10,2.9555555555555557,0.08639242170415806,0.09090909090909091,0.030303030303030304,0.9696969696969697,0,,,,10,56.084360465116276,-0.7948255813953473,0.6500242361925292,2.7537374499682126,65.09
4o32_C,4o32,alpha_beta,91,50,10,avnapsa,,,4,14,10,0,0.0,1.0,4.0,0.8,1,0.0,0.0,0.08,0.08,0.92,0,,,,10,81.48505494505496,-0.6879120879120961,0.9179261868466222,1.2906058113036132,50.72
4o32_C,4o32,alpha_beta,91,50,10,avnapsa,,,8,17,10,9,0.9,0.1,5.0,0.7142857142857143,2,0.6,0.028139735615356872,0.14,0.1,0.9,3,0.09297939963498483,-5.0,-1.0,10,81.5760989010989,-0.5968681318681561,0.9195394441341245,1.2860283777917734,51.72
4o32_C,4o32,alpha_beta,91,50,10,avnapsa,,,16,25,10,10,1.0,0.0,10.0,0.6666666666666666,1,0.0,0.0,0.18,0.18,0.82,3,0.18961676435343544,-8.0,-2.0,10,79.59714285714284,-2.5758241758242164,0.9130161443720208,1.2638703914366451,58.09
4o32_C,4o32,alpha_beta,91,50,10,avnapsa,,,-8,3,10,10,1.0,0.0,4.0,0.5714285714285714,1,0.0,0.0,0.08,0.08,0.92,3,0.036006652050540384,1.0,0.0,10,81.93510989010987,-0.2378571428571803,0.9207545323849038,1.1533540599532481,51.99
4o32_C,4o32,alpha_beta,91,50,10,avnapsa,,,24,32,10,0,0.0,1.0,14.0,0.6666666666666666,1,0.0,0.0,0.22,0.22,0.78,0,,,,10,67.85439560439559,-14.318571428571452,0.8753844887670118,1.4870316834889525,58.55
4o32_C,4o32,alpha_beta,91,50,10,avnapsa,,,-4,6,10,10,1.0,0.0,2.0,0.5,1,0.0,0.0,0.04,0.04,0.96,0,,,,10,81.9232967032967,-0.24967032967035152,0.9202757159239685,1.1560399808021447,49.29
4o32_C,4o32,alpha_beta,91,50,10,avnapsa,,,-24,-12,10,0,0.0,1.0,13.0,0.5652173913043478,1,0.0,0.0,0.26,0.26,0.74,0,,,,10,80.39637362637365,-1.776593406593399,0.923399256756651,1.1754869010796147,50.04
4o32_C,4o32,alpha_beta,91,50,10,avnapsa,,,-16,-5,10,9,0.9,0.1,9.0,0.6,2,0.4,0.018759823743571248,0.2,0.18,0.82,3,-0.004517605250499115,-3.0,1.0,10,80.7189010989011,-1.4540659340659516,0.9218464922406463,1.4897319967841622,50.87
4o32_C,4o32,alpha_beta,91,50,10,mpnn_halo,halo,False,4,14,10,10,1.0,0.0,4.0,1.0,4,1.9555555555555555,0.07580465361727848,0.14,0.08,0.92,0,,,,10,82.38807692307691,0.2151098901098507,0.9269449553957156,1.2524525584181327,6.14
4o32_C,4o32,alpha_beta,91,50,10,mpnn_halo,halo,False,8,17,10,10,1.0,0.0,6.0,0.8571428571428571,9,3.7555555555555555,0.15551146896402268,0.26,0.12,0.88,3,0.07497803347102895,2.0,0.0,10,82.27329670329671,0.100329670329657,0.923107538831548,1.4337820280962577,11.97
4o32_C,4o32,alpha_beta,91,50,10,mpnn_halo,halo,False,16,25,10,10,1.0,0.0,13.0,0.8666666666666667,10,9.6,0.3973809863258266,0.5,0.26,0.74,3,0.11957741363788178,-3.0,-1.0,10,81.26582417582415,-0.907142857142901,0.9179567990234492,1.3047434817915793,18.3
4o32_C,4o32,alpha_beta,91,50,10,mpnn_halo,halo,False,-8,3,10,10,1.0,0.0,6.0,0.8571428571428571,10,5.511111111111111,0.22280379218054155,0.24,0.12,0.88,3,-0.0668684286615163,2.0,-1.0,10,80.97307692307692,-1.1998901098901413,0.9110970758225854,1.4272600713092929,8.24
4o32_C,4o32,alpha_beta,91,50,10,mpnn_halo,halo,False,24,32,10,10,1.0,0.0,19.0,0.8636363636363636,10,14.6,0.6307973076171173,0.66,0.38,0.62,0,,,,10,79.09390109890109,-3.0790659340659587,0.9098013078857317,1.4020111426133408,21.42
4o32_C,4o32,alpha_beta,91,50,10,mpnn_halo,halo,False,-4,6,10,10,1.0,0.0,3.0,0.75,9,4.911111111111111,0.20177716701658688,0.26,0.06,0.94,0,,,,10,81.71824175824177,-0.454725274725277,0.917832033993667,1.456686965161223,5.87
4o32_C,4o32,alpha_beta,91,50,10,mpnn_halo,halo,False,-24,-12,10,10,1.0,0.0,16.0,0.7272727272727273,10,7.955555555555556,0.3239687194336867,0.44,0.32,0.68,0,,,,10,79.70335164835163,-2.469615384615416,0.9092185003014256,1.4891542149599166,18.51
4o32_C,4o32,alpha_beta,91,50,10,mpnn_halo,halo,False,-16,-5,10,10,1.0,0.0,11.0,0.7333333333333333,10,6.044444444444444,0.24653857799014156,0.32,0.22,0.78,3,-0.10489255191423344,1.0,0.0,10,80.22483516483518,-1.948131868131874,0.9057591603456672,1.4895062592247998,16.49
4o32_C,4o32,alpha_beta,91,50,10,mpnn_hyper,hyper,False,4,14,10,10,1.0,0.0,4.0,1.0,10,5.222222222222222,0.21272651905921527,0.22,0.08,0.92,0,,,,10,81.94434065934064,-0.2286263736264047,0.9218395081750709,1.3092257792393007,6.07
4o32_C,4o32,alpha_beta,91,50,10,mpnn_hyper,hyper,False,8,17,10,10,1.0,0.0,7.0,1.0,10,6.688888888888889,0.2779714100314894,0.28,0.14,0.86,3,0.05732222376747943,-2.0,0.0,10,82.18406593406594,0.011098901098890224,0.9191644640795619,1.4414923505702006,8.28
4o32_C,4o32,alpha_beta,91,50,10,mpnn_hyper,hyper,False,16,25,10,10,1.0,0.0,13.0,0.8666666666666667,10,8.222222222222221,0.33594185233865,0.38,0.26,0.74,3,0.014460949603171859,-4.0,-2.0,10,81.30593406593403,-0.867032967033019,0.9089993211638074,1.4337219612949466,15.22
4o32_C,4o32,alpha_beta,91,50,10,mpnn_hyper,hyper,False,-8,3,10,10,1.0,0.0,6.0,0.8571428571428571,6,2.911111111111111,0.12059808945284013,0.18,0.12,0.88,3,-0.03001449923378489,2.0,-1.0,10,81.13225274725275,-1.0407142857143086,0.919426254462552,1.459177574633359,8.53
4o32_C,4o32,alpha_beta,91,50,10,mpnn_hyper,hyper,False,24,32,10,10,1.0,0.0,19.0,0.8636363636363636,10,11.222222222222221,0.45986395971166905,0.56,0.38,0.62,0,,,,10,80.36109890109887,-1.8118681318681737,0.9163969845891888,1.3963897166794936,20.7
4o32_C,4o32,alpha_beta,91,50,10,mpnn_hyper,hyper,False,-4,6,10,10,1.0,0.0,3.0,0.75,10,3.7777777777777777,0.15218447726179918,0.16,0.06,0.94,0,,,,10,81.65258241758241,-0.5203846153846428,0.9215977538888265,1.385335072417993,6.17
4o32_C,4o32,alpha_beta,91,50,10,mpnn_hyper,hyper,False,-24,-12,10,10,1.0,0.0,16.0,0.7272727272727273,10,7.911111111111111,0.3170732144739098,0.5,0.32,0.68,0,,,,10,80.3835164835165,-1.7894505494505566,0.9197770801187035,1.2163508631870181,21.29
4o32_C,4o32,alpha_beta,91,50,10,mpnn_hyper,hyper,False,-16,-5,10,10,1.0,0.0,11.0,0.7333333333333333,10,7.044444444444444,0.2904644323546771,0.42,0.22,0.78,3,-0.05897884242979642,0.0,0.0,10,80.62692307692309,-1.5460439560439596,0.9135249102379754,1.3325870193327425,16.18
4o32_C,4o32,alpha_beta,91,50,10,mpnn_soluble,soluble,False,4,14,10,10,1.0,0.0,4.0,1.0,9,3.4,0.13880489554836062,0.18,0.08,0.92,0,,,,10,82.20159340659339,0.028626373626345014,0.9258980901419115,1.2461966081145404,3.75
4o32_C,4o32,alpha_beta,91,50,10,mpnn_soluble,soluble,False,8,17,10,10,1.0,0.0,7.0,1.0,10,4.733333333333333,0.2032600749258771,0.26,0.14,0.86,3,-0.014380444129162097,-1.0,-1.0,10,82.21494505494506,0.041978021978010815,0.9231285901284547,1.3219393871906187,5.14
4o32_C,4o32,alpha_beta,91,50,10,mpnn_soluble,soluble,False,16,25,10,10,1.0,0.0,14.0,0.9333333333333333,10,7.311111111111111,0.3130648822469727,0.44,0.28,0.72,3,0.007492133820721347,-5.0,0.0,10,81.77824175824173,-0.39472527472531027,0.913427362467974,1.518348863374639,12.16
4o32_C,4o32,alpha_beta,91,50,10,mpnn_soluble,soluble,False,-8,3,10,10,1.0,0.0,5.0,0.7142857142857143,10,7.333333333333333,0.29892104525835983,0.38,0.1,0.9,3,-0.0757756115025721,1.0,-2.0,10,82.04703296703295,-0.1259340659341035,0.926991147131372,1.1192198623164524,5.06
4o32_C,4o32,alpha_beta,91,50,10,mpnn_soluble,soluble,False,24,32,10,10,1.0,0.0,19.5,0.8863636363636364,10,11.066666666666666,0.46487786809118825,0.56,0.39,0.61,0,,,,10,80.80439560439561,-1.3685714285714354,0.9140247421270695,1.2332347838054847,12.81
4o32_C,4o32,alpha_beta,91,50,10,mpnn_soluble,soluble,False,-4,6,10,10,1.0,0.0,3.0,0.75,10,4.844444444444444,0.1980842785518094,0.3,0.06,0.94,0,,,,10,82.02252747252746,-0.15043956043958673,0.9215090126144028,1.3368162181829288,3.71
4o32_C,4o32,alpha_beta,91,50,10,mpnn_soluble,soluble,False,-24,-12,10,10,1.0,0.0,15.5,0.7045454545454546,10,10.4,0.4159297731201961,0.52,0.31,0.69,0,,,,10,80.54137362637363,-1.6315934065934314,0.9275176879907807,1.2649558125115465,10.57
4o32_C,4o32,alpha_beta,91,50,10,mpnn_soluble,soluble,False,-16,-5,10,10,1.0,0.0,11.0,0.7333333333333333,10,9.88888888888889,0.4019285160485599,0.48,0.22,0.78,3,-0.10850304736184009,1.0,-1.0,10,82.08637362637364,-0.08659340659341552,0.9323435535609408,1.0513515572269276,8.24
4o32_C,4o32,alpha_beta,91,50,10,mpnn_vanilla_weights,original,False,4,14,10,10,1.0,0.0,4.0,1.0,8,3.4,0.13755890120826744,0.18,0.08,0.92,0,,,,10,82.39104395604394,0.2180769230769002,0.9226151684746426,1.3024842566474886,3.68
4o32_C,4o32,alpha_beta,91,50,10,mpnn_vanilla_weights,original,False,8,17,10,10,1.0,0.0,6.5,0.9285714285714286,9,3.6,0.15346688102139758,0.26,0.13,0.87,3,0.059152318404466775,-1.0,0.0,10,82.14895604395605,-0.024010989010996298,0.9163311757308202,1.3445401972114008,5.11
4o32_C,4o32,alpha_beta,91,50,10,mpnn_vanilla_weights,original,False,16,25,10,10,1.0,0.0,12.5,0.8333333333333334,10,6.5777777777777775,0.2712436111499251,0.36,0.25,0.75,3,0.1285180186194065,-6.0,-1.0,10,80.02137362637362,-2.1515934065934346,0.9115692075677095,1.3062810500681103,7.24
4o32_C,4o32,alpha_beta,91,50,10,mpnn_vanilla_weights,original,False,-8,3,10,10,1.0,0.0,5.0,0.7142857142857143,10,4.5777777777777775,0.19388016305409145,0.22,0.1,0.9,3,-0.07306820138814606,2.0,-1.0,10,82.17802197802197,0.005054945054922655,0.9279984300898926,1.2653364043597448,4.91
4o32_C,4o32,alpha_beta,91,50,10,mpnn_vanilla_weights,original,False,24,32,10,10,1.0,0.0,18.0,0.8181818181818182,10,9.022222222222222,0.3947420331711654,0.46,0.36,0.64,0,,,,10,77.32554945054943,-4.84741758241762,0.9155506249304877,1.3589877847812102,12.23
4o32_C,4o32,alpha_beta,91,50,10,mpnn_vanilla_weights,original,False,-4,6,10,10,1.0,0.0,3.0,0.75,8,3.9555555555555557,0.164127326238556,0.18,0.06,0.94,0,,,,10,81.92049450549453,-0.252472527472527,0.9202553004755549,1.3990443473959904,3.53
4o32_C,4o32,alpha_beta,91,50,10,mpnn_vanilla_weights,original,False,-24,-12,10,10,1.0,0.0,15.5,0.7045454545454546,10,6.688888888888889,0.26451296796674106,0.4,0.31,0.69,0,,,,10,81.7656043956044,-0.40736263736265244,0.9339638146311429,1.0077984424638249,10.05
4o32_C,4o32,alpha_beta,91,50,10,mpnn_vanilla_weights,original,False,-16,-5,10,10,1.0,0.0,11.0,0.7333333333333333,10,7.533333333333333,0.3094934179580872,0.38,0.22,0.78,3,-0.08845050793560164,0.0,1.0,10,81.9403846153846,-0.23258241758244935,0.9330576213937063,1.1661011093895537,8.07
4o32_C,4o32,alpha_beta,91,50,10,random_control,,,4,14,10,10,1.0,0.0,4.0,1.0,10,6.866666666666666,0.31462786060510395,0.46,0.08,0.92,0,,,,10,81.28923076923077,-0.8837362637362816,0.9242905886182426,1.3030101606645412,0.0004
4o32_C,4o32,alpha_beta,91,50,10,random_control,,,8,17,10,10,1.0,0.0,6.0,0.8571428571428571,10,9.4,0.41309416953707223,0.6,0.12,0.88,3,0.07361334495503061,-2.0,-2.0,10,79.23521978021978,-2.937747252747265,0.9219678692215723,1.2760980042307164,0.0004
4o32_C,4o32,alpha_beta,91,50,10,random_control,,,16,25,10,10,1.0,0.0,13.0,0.8666666666666667,10,17.91111111111111,0.7789984493327907,0.7,0.26,0.74,3,0.17902525679851738,-3.0,-1.0,10,80.57857142857142,-1.594395604395622,0.9145398239783609,1.4851986970079571,0.0005
4o32_C,4o32,alpha_beta,91,50,10,random_control,,,-8,3,10,10,1.0,0.0,6.0,0.8571428571428571,10,10.177777777777777,0.45072600628327275,0.58,0.12,0.88,3,0.08153607052987819,-1.0,-1.0,10,81.05978021978021,-1.11318681318685,0.9192096838478678,1.3034737110888845,0.0004
4o32_C,4o32,alpha_beta,91,50,10,random_control,,,24,32,10,10,1.0,0.0,19.0,0.8636363636363636,10,22.2,0.9511228245400148,0.72,0.38,0.62,0,,,,10,79.12675824175825,-3.046208791208798,0.9137278434231678,1.4049756100098416,0.0005
4o32_C,4o32,alpha_beta,91,50,10,random_control,,,-4,6,10,10,1.0,0.0,3.0,0.75,10,5.555555555555555,0.24427298666728958,0.42,0.06,0.94,0,,,,10,81.48587912087912,-0.6870879120879323,0.9205079319828602,1.237115636096648,0.0004
4o32_C,4o32,alpha_beta,91,50,10,random_control,,,-24,-12,10,10,1.0,0.0,17.0,0.7727272727272727,10,23.31111111111111,0.9987156679986193,0.86,0.34,0.66,0,,,,10,78.475,-3.697967032967057,0.9123140863038042,1.3537091070273948,0.0007
4o32_C,4o32,alpha_beta,91,50,10,random_control,,,-16,-5,10,10,1.0,0.0,12.0,0.8,10,18.933333333333334,0.8315175655415433,0.86,0.24,0.76,3,0.05055567505436679,-1.0,0.0,10,80.1997252747253,-1.9732417582417625,0.9152357331446654,1.307731586734818,0.0005
4o32_C,4o32,alpha_beta,91,50,10,rosetta,,True,4,14,10,0,0.0,1.0,4.0,0.8,1,0.0,0.0,0.08,0.08,0.92,0,,,,10,82.44340659340662,0.27043956043956285,0.927377441730522,1.258656282163721,363.69
4o32_C,4o32,alpha_beta,91,50,10,rosetta,,True,8,17,10,2,0.2,0.8,6.0,0.8571428571428571,4,2.488888888888889,0.09211460945412073,0.16,0.12,0.88,3,-0.0038559311184765367,-4.0,0.0,10,82.91214285714285,0.7391758241758026,0.9329235646791532,1.2008997012051394,339.44
4o32_C,4o32,alpha_beta,91,50,10,rosetta,,True,16,25,10,3,0.3,0.7,13.0,0.9285714285714286,8,2.933333333333333,0.12038453836036599,0.32,0.22999999999999998,0.77,3,-0.07164824955473151,0.0,0.0,10,82.19664835164835,0.023681318681305186,0.9414246490793732,0.9957915044846841,152.32
4o32_C,4o32,alpha_beta,91,50,10,rosetta,,True,-8,3,10,1,0.1,0.9,4.0,0.6666666666666666,6,2.466666666666667,0.09530186554098734,0.16,0.08,0.92,3,-0.030110759429033396,0.0,-1.0,10,81.54362637362637,-0.6293406593406843,0.9187792091493818,1.4630139095405532,133.86
4o32_C,4o32,alpha_beta,91,50,10,rosetta,,True,24,32,10,0,0.0,2.9,18.0,0.9444444444444444,8,4.377777777777778,0.17713179902331916,0.4,0.31,0.69,0,,,,10,82.57027472527471,0.3973076923076633,0.9481464676782178,0.9003042220270783,265.76
4o32_C,4o32,alpha_beta,91,50,10,rosetta,,True,-4,6,10,3,0.3,0.7,2.0,0.6666666666666666,5,1.4666666666666666,0.057597847521757985,0.1,0.04,0.96,0,,,,10,81.91120879120882,-0.2617582417582369,0.9203499025373056,1.2488929410021175,116.24
4o32_C,4o32,alpha_beta,91,50,10,rosetta,,True,-24,-12,10,6,0.6,0.4,15.0,0.6818181818181818,8,3.8,0.16138319306146476,0.38,0.28,0.72,0,,,,10,82.14807692307693,-0.024890109890115752,0.9222609841101665,1.2687822642886482,171.81
4o32_C,4o32,alpha_beta,91,50,10,rosetta,,True,-16,-5,10,5,0.5,0.5,10.0,0.6904761904761905,6,2.3555555555555556,0.09575299051935265,0.24,0.2,0.8,3,-0.19316584341888407,4.0,-1.0,10,81.60027472527474,-0.5726923076923001,0.9165902615798995,1.385133581301124,132.2
4oeb_A,4oeb,mainly_beta,134,61,-2,avnapsa,,,16,19,10,10,1.0,0.0,11.0,0.5238095238095238,1,0.0,0.0,0.13114754098360656,0.13114754098360656,0.8688524590163934,3,0.11769087450481897,-5.0,0.0,10,84.77048507462686,0.3748134328358006,0.9746558972284007,0.9865194125753277,91.13
4oeb_A,4oeb,mainly_beta,134,61,-2,avnapsa,,,4,3,10,0,0.0,1.0,3.0,0.5,1,0.0,0.0,0.04918032786885246,0.04918032786885246,0.9508196721311475,0,,,,10,83.58906716417911,-0.8066044776119483,0.9779298458236462,0.5679728574816874,86.72
4oeb_A,4oeb,mainly_beta,134,61,-2,avnapsa,,,24,30,10,10,1.0,0.0,17.0,0.53125,1,0.0,0.0,0.22950819672131148,0.22950819672131148,0.7704918032786885,0,,,,10,83.08940298507466,-1.306268656716405,0.9496651894084454,1.3463051387512583,94.17
4oeb_A,4oeb,mainly_beta,134,61,-2,avnapsa,,,8,9,10,0,0.0,1.0,6.0,0.5,2,0.9333333333333333,0.028894783581334186,0.11475409836065574,0.09836065573770492,0.9016393442622951,3,0.08463211266989792,-6.0,-1.0,10,86.42361940298508,2.027947761194028,0.9749375133642348,0.9534899946446569,88.47
4oeb_A,4oeb,mainly_beta,134,61,-2,avnapsa,,,-8,-13,10,0,0.0,1.0,6.0,0.5,2,0.2,0.007688452353922643,0.08196721311475409,0.06557377049180328,0.9344262295081968,3,0.015443012378027001,2.0,0.0,10,84.65164179104478,0.2559701492537272,0.9722522123092195,0.9537447373150462,80.32
4oeb_A,4oeb,mainly_beta,134,61,-2,avnapsa,,,-16,-23,10,10,1.0,0.0,11.0,0.5238095238095238,1,0.0,0.0,0.13114754098360656,0.13114754098360656,0.8688524590163934,3,0.06139421228290481,-2.0,1.0,10,83.72817164179105,-0.6675000000000111,0.9704159416345004,1.0045154849604785,78.32
4oeb_A,4oeb,mainly_beta,134,61,-2,avnapsa,,,-24,-34,10,8,0.8,0.2,19.0,0.59375,2,0.0,0.0,0.18032786885245902,0.18032786885245902,0.819672131147541,0,,,,10,82.26899253731344,-2.12667910447761,0.9565318770485156,1.2629342680987743,74.96
4oeb_A,4oeb,mainly_beta,134,61,-2,avnapsa,,,-4,-7,10,0,0.0,1.0,3.0,0.5,1,0.0,0.0,0.04918032786885246,0.04918032786885246,0.9508196721311475,0,,,,10,85.16287313432835,0.7672014925373034,0.9718780785156069,0.9707153132590097,84.44
4oeb_A,4oeb,mainly_beta,134,61,-2,mpnn_halo,halo,False,16,19,10,10,1.0,0.0,16.0,0.7619047619047619,10,7.2,0.24128859181103293,0.39344262295081966,0.26229508196721313,0.7377049180327869,3,0.19893770847645623,1.0,1.0,10,81.2773134328358,-3.1183582089552573,0.9550385459496675,1.2763274893140775,23.12
4oeb_A,4oeb,mainly_beta,134,61,-2,mpnn_halo,halo,False,4,3,10,10,1.0,0.0,4.0,0.8,9,4.355555555555555,0.13917266968073297,0.18032786885245902,0.06557377049180328,0.9344262295081968,0,,,,10,82.71895522388058,-1.6767164179104697,0.9757295361741012,0.6490731495172665,8.03
4oeb_A,4oeb,mainly_beta,134,61,-2,mpnn_halo,halo,False,24,30,10,10,1.0,0.0,25.0,0.78125,10,13.244444444444444,0.444485276232203,0.6885245901639344,0.4098360655737705,0.5901639344262295,0,,,,10,80.02772388059701,-4.367947761194046,0.9415352751061565,1.5062535002864146,45.13
4oeb_A,4oeb,mainly_beta,134,61,-2,mpnn_halo,halo,False,8,9,10,10,1.0,0.0,7.5,0.6818181818181819,10,4.688888888888889,0.1519579352350673,0.26229508196721313,0.12295081967213115,0.8770491803278688,3,0.07217497914435615,2.0,1.0,10,83.05320895522388,-1.3424626865671812,0.955239903829993,1.2553885464827257,12.6
4oeb_A,4oeb,mainly_beta,134,61,-2,mpnn_halo,halo,False,-8,-13,10,10,1.0,0.0,10.0,0.9090909090909091,9,3.911111111111111,0.13064066051760767,0.2459016393442623,0.16393442622950818,0.8360655737704918,3,-0.009053211597984554,-2.0,0.0,10,85.7165298507463,1.3208582089552365,0.9743990225778925,0.6555659378280271,13.62
4oeb_A,4oeb,mainly_beta,134,61,-2,mpnn_halo,halo,False,-16,-23,10,10,1.0,0.0,18.0,0.8571428571428571,10,8.866666666666667,0.30498850205861067,0.4918032786885246,0.29508196721311475,0.7049180327868853,3,0.09783673691372985,-3.0,0.0,10,83.1665671641791,-1.229104477611962,0.9738624684252115,0.6414515325247014,27.0
4oeb_A,4oeb,mainly_beta,134,61,-2,mpnn_halo,halo,False,-24,-34,10,10,1.0,0.0,27.0,0.84375,10,18.444444444444443,0.6380255997482203,0.7540983606557377,0.4426229508196721,0.5573770491803278,0,,,,10,80.85246268656715,-3.5432089552238963,0.9739347573186217,0.6440263465255803,70.74
4oeb_A,4oeb,mainly_beta,134,61,-2,mpnn_halo,halo,False,-4,-7,10,10,1.0,0.0,4.0,0.8,8,3.066666666666667,0.10118164029208543,0.14754098360655737,0.06557377049180328,0.9344262295081968,0,,,,10,85.72085820895526,1.3251865671642022,0.9764967991847414,0.5977531537968239,8.14
4oeb_A,4oeb,mainly_beta,134,61,-2,mpnn_hyper,hyper,False,16,19,10,10,1.0,0.0,16.5,0.7857142857142857,10,11.488888888888889,0.3927761450940502,0.4426229508196721,0.2704918032786885,0.7295081967213115,3,0.026149245235129837,3.0,1.0,10,87.69220149253732,3.2965298507462606,0.9686125066168575,1.0372872128369903,26.33
4oeb_A,4oeb,mainly_beta,134,61,-2,mpnn_hyper,hyper,False,4,3,10,10,1.0,0.0,4.0,0.8,10,5.355555555555555,0.19669207776736763,0.22950819672131148,0.06557377049180328,0.9344262295081968,0,,,,10,86.09895522388064,1.7032835820895755,0.9690264351038853,0.8560742167004542,8.74
4oeb_A,4oeb,mainly_beta,134,61,-2,mpnn_hyper,hyper,False,24,30,10,10,1.0,0.0,25.0,0.78125,10,17.666666666666668,0.6147471878151368,0.7049180327868853,0.4098360655737705,0.5901639344262295,0,,,,10,83.61014925373135,-0.7855223880596967,0.9513187240513199,1.289005083896753,41.41
4oeb_A,4oeb,mainly_beta,134,61,-2,mpnn_hyper,hyper,False,8,9,10,10,1.0,0.0,8.5,0.7727272727272727,10,6.266666666666667,0.21847847193205883,0.22950819672131148,0.13934426229508196,0.860655737704918,3,0.0037699869841449343,1.0,-1.0,10,86.84190298507461,2.446231343283557,0.9701426198943242,0.9653145645792072,13.68
4oeb_A,4oeb,mainly_beta,134,61,-2,mpnn_hyper,hyper,False,-8,-13,10,10,1.0,0.0,9.0,0.8181818181818182,10,6.644444444444445,0.2268127832288047,0.29508196721311475,0.14754098360655737,0.8524590163934426,3,0.006872588085218807,-2.0,1.0,10,83.80380597014927,-0.5918656716417843,0.9752625744824248,0.6164349936158298,14.39
4oeb_A,4oeb,mainly_beta,134,61,-2,mpnn_hyper,hyper,False,-16,-23,10,10,1.0,0.0,17.0,0.8095238095238095,10,13.222222222222221,0.4588479744197129,0.6229508196721312,0.2786885245901639,0.7213114754098361,3,0.039045549141409716,-4.0,1.0,10,82.85399253731345,-1.541679104477609,0.9748784746126911,0.6261025446987651,26.53
4oeb_A,4oeb,mainly_beta,134,61,-2,mpnn_hyper,hyper,False,-24,-34,10,10,1.0,0.0,28.0,0.875,10,22.77777777777778,0.7870674332319506,0.7540983606557377,0.45901639344262296,0.5409836065573771,0,,,,10,81.94223880597016,-2.453432835820898,0.9704676599808439,0.8302519368282038,35.71
4oeb_A,4oeb,mainly_beta,134,61,-2,mpnn_hyper,hyper,False,-4,-7,10,10,1.0,0.0,4.0,0.8,3,0.7555555555555555,0.027211791509277456,0.08196721311475409,0.06557377049180328,0.9344262295081968,0,,,,10,83.95791044776124,-0.43776119402982516,0.9755741871782666,0.6453340024682588,8.43
4oeb_A,4oeb,mainly_beta,134,61,-2,mpnn_soluble,soluble,False,16,19,10,10,1.0,0.0,17.0,0.8095238095238095,10,10.488888888888889,0.3655790048564167,0.4098360655737705,0.2786885245901639,0.7213114754098361,3,-0.006796997717396943,2.0,0.0,10,83.71451492537315,-0.6811567164179024,0.9685902880811553,1.0698687433491259,11.3
4oeb_A,4oeb,mainly_beta,134,61,-2,mpnn_soluble,soluble,False,4,3,10,10,1.0,0.0,4.5,0.9,9,4.288888888888889,0.14876509668695675,0.19672131147540983,0.07377049180327869,0.9262295081967213,0,,,,10,83.4886567164179,-0.9070149253731472,0.975796214571095,0.6158007387693067,4.32
4oeb_A,4oeb,mainly_beta,134,61,-2,mpnn_soluble,soluble,False,24,30,10,10,1.0,0.0,25.0,0.78125,10,17.266666666666666,0.5967005094232385,0.6721311475409836,0.4098360655737705,0.5901639344262295,0,,,,10,82.42436567164182,-1.9713059701492384,0.966599995997528,1.0993498582090437,15.46
4oeb_A,4oeb,mainly_beta,134,61,-2,mpnn_soluble,soluble,False,8,9,10,10,1.0,0.0,9.5,0.8636363636363636,10,8.333333333333334,0.2855256673926963,0.36065573770491804,0.1557377049180328,0.8442622950819672,3,0.028785971525657424,-3.0,1.0,10,84.35835820895522,-0.037313432835837546,0.9691099230715803,0.9722764660376325,7.34
4oeb_A,4oeb,mainly_beta,134,61,-2,mpnn_soluble,soluble,False,-8,-13,10,10,1.0,0.0,9.0,0.8181818181818182,10,8.177777777777777,0.26287835699929657,0.32786885245901637,0.14754098360655737,0.8524590163934426,3,-0.0075919208475356955,-1.0,1.0,10,85.06981343283582,0.6741417910447538,0.9721821109715767,0.7259464514327398,6.03
4oeb_A,4oeb,mainly_beta,134,61,-2,mpnn_soluble,soluble,False,-16,-23,10,10,1.0,0.0,17.0,0.8095238095238095,10,8.4,0.29519684405959307,0.4426229508196721,0.2786885245901639,0.7213114754098361,3,0.03032050214437604,-4.0,1.0,10,85.05160447761196,0.6559328358209129,0.9729347401995572,0.6834489361670477,8.75
4oeb_A,4oeb,mainly_beta,134,61,-2,mpnn_soluble,soluble,False,-24,-34,10,10,1.0,0.0,26.0,0.8125,10,9.6,0.30814815489412367,0.5573770491803278,0.4262295081967213,0.5737704918032787,0,,,,10,85.00895522388058,0.6132835820895224,0.9705483882506036,0.7273994146771168,13.83
4oeb_A,4oeb,mainly_beta,134,61,-2,mpnn_soluble,soluble,False,-4,-7,10,10,1.0,0.0,4.0,0.8,10,6.133333333333334,0.20632424955880374,0.2786885245901639,0.06557377049180328,0.9344262295081968,0,,,,10,85.63682835820896,1.2411567164179047,0.971805687673664,0.7996567303395539,4.01
4oeb_A,4oeb,mainly_beta,134,61,-2,mpnn_vanilla_weights,original,False,16,19,10,10,1.0,0.0,16.5,0.7857142857142857,10,10.2,0.34331019501273236,0.4262295081967213,0.2704918032786885,0.7295081967213115,3,0.06557037880245965,1.0,0.0,10,81.72264925373133,-2.673022388059728,0.9716842529912824,0.8160564191999093,18.11
4oeb_A,4oeb,mainly_beta,134,61,-2,mpnn_vanilla_weights,original,False,4,3,10,10,1.0,0.0,4.0,0.8,10,5.2444444444444445,0.17623662367846846,0.21311475409836064,0.06557377049180328,0.9344262295081968,0,,,,10,84.75067164179104,0.35499999999998977,0.9717370953246377,0.8336301661304015,5.44
4oeb_A,4oeb,mainly_beta,134,61,-2,mpnn_vanilla_weights,original,False,24,30,10,10,1.0,0.0,25.0,0.78125,10,15.8,0.5451002423538341,0.6721311475409836,0.4098360655737705,0.5901639344262295,0,,,,10,80.97313432835821,-3.422537313432848,0.9554674628242639,1.2272692670236034,29.11
4oeb_A,4oeb,mainly_beta,134,61,-2,mpnn_vanilla_weights,original,False,8,9,10,10,1.0,0.0,8.5,0.7727272727272727,10,6.266666666666667,0.2205232338608878,0.29508196721311475,0.13934426229508196,0.860655737704918,3,-0.04761872041696781,3.0,0.0,10,85.29817164179107,0.9025000000000247,0.9713312425242802,0.7034879495668889,8.91
4oeb_A,4oeb,mainly_beta,134,61,-2,mpnn_vanilla_weights,original,False,-8,-13,10,10,1.0,0.0,9.0,0.8181818181818182,10,4.4,0.15555955323106904,0.26229508196721313,0.14754098360655737,0.8524590163934426,3,0.0009000242962407973,-3.0,1.0,10,86.81861940298509,2.422947761194031,0.9737297193514907,0.7421474332304805,8.1
4oeb_A,4oeb,mainly_beta,134,61,-2,mpnn_vanilla_weights,original,False,-16,-23,10,10,1.0,0.0,17.0,0.8095238095238095,10,9.444444444444445,0.32196694102997775,0.4262295081967213,0.2786885245901639,0.7213114754098361,3,0.038127854570620824,-5.0,0.0,10,84.47981343283581,0.0841417910447646,0.9750894319840938,0.6220129452286077,17.32
4oeb_A,4oeb,mainly_beta,134,61,-2,mpnn_vanilla_weights,original,False,-24,-34,10,10,1.0,0.0,26.5,0.828125,10,15.466666666666667,0.5297833144886692,0.6885245901639344,0.4344262295081967,0.5655737704918032,0,,,,10,82.42063432835818,-1.9750373134328782,0.9734400034353132,0.7452663715077916,20.95
4oeb_A,4oeb,mainly_beta,134,61,-2,mpnn_vanilla_weights,original,False,-4,-7,10,10,1.0,0.0,4.0,0.8,8,3.2444444444444445,0.11194955017780436,0.14754098360655737,0.06557377049180328,0.9344262295081968,0,,,,10,84.23809701492537,-0.15757462686568147,0.9768606902634661,0.5906596732747668,5.15
4oeb_A,4oeb,mainly_beta,134,61,-2,random_control,,,16,19,10,10,1.0,0.0,16.5,0.7857142857142857,10,25.2,0.8912893275138117,0.8688524590163934,0.2704918032786885,0.7295081967213115,3,0.14603349398323992,-2.0,0.0,10,82.86996268656713,-1.5257089552239194,0.9681250842304199,0.8679736337250488,0.0005
4oeb_A,4oeb,mainly_beta,134,61,-2,random_control,,,4,3,10,10,1.0,0.0,4.0,0.8,10,7.4,0.27665705072161284,0.4426229508196721,0.06557377049180328,0.9344262295081968,0,,,,10,83.180223880597,-1.2154477611940493,0.9721377604415957,0.7491142023067495,0.0004
4oeb_A,4oeb,mainly_beta,134,61,-2,random_control,,,24,30,10,10,1.0,0.0,25.0,0.78125,10,32.53333333333333,1.1430373040890185,0.8688524590163934,0.4098360655737705,0.5901639344262295,0,,,,10,80.77097014925371,-3.6247014925373477,0.951135058527574,1.290156069700627,0.0006
4oeb_A,4oeb,mainly_beta,134,61,-2,random_control,,,8,9,10,10,1.0,0.0,9.0,0.8181818181818182,10,15.6,0.571132052684176,0.6885245901639344,0.14754098360655737,0.8524590163934426,3,0.03225451187960153,2.0,0.0,10,82.2984328358209,-2.097238805970157,0.9756974901700668,0.6378435883167923,0.0005
4oeb_A,4oeb,mainly_beta,134,61,-2,random_control,,,-8,-13,10,10,1.0,0.0,9.0,0.8181818181818182,10,15.688888888888888,0.5722747266041655,0.6885245901639344,0.14754098360655737,0.8524590163934426,3,0.02454718679602954,2.0,0.0,10,84.68358208955223,0.2879104477611776,0.9686340591592175,0.832479155889651,0.0005
4oeb_A,4oeb,mainly_beta,134,61,-2,random_control,,,-16,-23,10,10,1.0,0.0,18.0,0.8571428571428571,10,25.555555555555557,0.9123344749171273,0.7704918032786885,0.29508196721311475,0.7049180327868853,3,0.14953986973634456,0.0,1.0,10,81.96817164179109,-2.4274999999999736,0.9688310128586198,0.891313057076684,0.0007
4oeb_A,4oeb,mainly_beta,134,61,-2,random_control,,,-24,-34,10,10,1.0,0.0,27.5,0.859375,10,31.822222222222223,1.1152321534107,0.7704918032786885,0.45081967213114754,0.5491803278688525,0,,,,10,79.72671641791044,-4.668955223880623,0.9641143831742904,1.0428368941831585,0.0007
4oeb_A,4oeb,mainly_beta,134,61,-2,random_control,,,-4,-7,10,10,1.0,0.0,5.0,1.0,10,8.844444444444445,0.327569634641682,0.5409836065573771,0.08196721311475409,0.9180327868852459,0,,,,10,85.09052238805972,0.6948507462686777,0.9761672582612222,0.6120454458339145,0.0005
4oeb_A,4oeb,mainly_beta,134,61,-2,rosetta,,True,16,19,10,6,0.6,0.4,16.0,0.7619047619047619,9,3.3777777777777778,0.10769334726169445,0.3114754098360656,0.26229508196721313,0.7377049180327869,3,-0.08709781184077345,1.0,1.0,10,85.48298507462685,1.0873134328357992,0.9719419168427372,0.902551775349133,291.75
4oeb_A,4oeb,mainly_beta,134,61,-2,rosetta,,True,4,3,10,3,0.3,0.7,4.0,0.6666666666666666,6,2.2666666666666666,0.07556581585693736,0.13114754098360656,0.06557377049180328,0.9344262295081968,0,,,,10,84.38925373134327,-0.006417910447780173,0.9799390125279983,0.5160584386945096,550.22
4oeb_A,4oeb,mainly_beta,134,61,-2,rosetta,,True,24,30,10,0,0.0,5.4,21.0,0.8076923076923077,9,2.1333333333333333,0.07599968881839704,0.3770491803278688,0.32786885245901637,0.6721311475409836,0,,,,10,84.8657089552239,0.47003731343284016,0.9675968655785565,0.8922026107714438,373.11
4oeb_A,4oeb,mainly_beta,134,61,-2,rosetta,,True,8,9,10,0,0.0,1.0,8.0,0.6666666666666666,6,1.6666666666666667,0.05231022440125645,0.14754098360655737,0.13114754098360656,0.8688524590163934,3,-0.07619192482761701,3.0,0.0,10,86.68261194029851,2.28694029850746,0.9702390512883473,1.0026139539311614,409.98
4oeb_A,4oeb,mainly_beta,134,61,-2,rosetta,,True,-8,-13,10,0,0.0,1.0,8.0,0.8,3,0.8222222222222222,0.02628227859209926,0.11475409836065574,0.11475409836065574,0.8852459016393442,3,-0.0879614409733203,2.0,1.0,10,83.49358208955223,-0.9020895522388201,0.9728973073746314,0.6655557404980355,311.77
4oeb_A,4oeb,mainly_beta,134,61,-2,rosetta,,True,-16,-23,10,0,0.0,9.7,9.0,0.8181818181818182,4,1.0666666666666667,0.037512748852435024,0.14754098360655737,0.13114754098360656,0.8688524590163934,3,-0.08069857222667298,4.0,0.0,10,82.39776119402984,-1.9979104477612069,0.9787070507833322,0.6726638294863327,201.28
4oeb_A,4oeb,mainly_beta,134,61,-2,rosetta,,True,-24,-34,10,0,0.0,20.0,10.0,0.8333333333333334,6,1.5777777777777777,0.053494070101376724,0.16393442622950818,0.14754098360655737,0.8524590163934426,0,,,,10,83.94261194029855,-0.4530597014925135,0.9759112265680245,0.8433158587848535,200.31
4oeb_A,4oeb,mainly_beta,134,61,-2,rosetta,,True,-4,-7,10,8,0.8,0.2,3.0,0.6,4,1.1777777777777778,0.03811716539353144,0.04918032786885246,0.03278688524590164,0.9672131147540983,0,,,,10,84.58634328358207,0.19067164179102036,0.9751868828570297,0.6245587297429714,254.78
4pif_A,4pif,mainly_beta,139,47,0,avnapsa,,,8,11,10,0,0.0,1.0,8.0,0.6666666666666666,2,0.9333333333333333,0.037501740392795434,0.19148936170212766,0.1702127659574468,0.8297872340425532,3,0.06159666918822397,-8.0,1.0,10,89.16104316546765,-0.5450719424460075,0.9914092994342636,0.42464446390473043,70.03
4pif_A,4pif,mainly_beta,139,47,0,avnapsa,,,16,22,10,0,0.0,1.0,14.0,0.6086956521739131,1,0.0,0.0,0.23404255319148937,0.23404255319148937,0.7659574468085106,3,0.17126934615572345,-16.0,1.0,10,89.99467625899281,0.2885611510791506,0.9884952772680251,0.5000059646917536,74.54
4pif_A,4pif,mainly_beta,139,47,0,avnapsa,,,24,33,10,0,0.0,6.0,16.0,0.5925925925925926,1,0.0,0.0,0.23404255319148937,0.23404255319148937,0.7659574468085106,0,,,,10,89.1424460431655,-0.5636690647481544,0.9857367857093009,0.5594605470633693,75.01
4pif_A,4pif,mainly_beta,139,47,0,avnapsa,,,4,6,10,0,0.0,1.0,5.0,0.7142857142857143,1,0.0,0.0,0.10638297872340426,0.10638297872340426,0.8936170212765957,0,,,,10,89.21125899280577,-0.4948561151078863,0.9899533916264246,0.46621795708609826,68.47
4pif_A,4pif,mainly_beta,139,47,0,avnapsa,,,-8,-11,10,8,0.8,0.2,7.0,0.6363636363636364,2,0.35555555555555557,0.015360172231646006,0.1702127659574468,0.14893617021276595,0.851063829787234,3,0.03859472310592977,-3.0,1.0,10,88.9498561151079,-0.7562589928057548,0.9904788041079566,0.4556505994826323,65.81
4pif_A,4pif,mainly_beta,139,47,0,avnapsa,,,-16,-22,10,0,0.0,1.0,14.0,0.6086956521739131,1,0.0,0.0,0.2553191489361702,0.2553191489361702,0.7446808510638298,3,0.18186573273172196,-8.0,1.0,10,87.7110791366907,-1.9950359712229684,0.9890618323854354,0.4814772880616813,61.75
4pif_A,4pif,mainly_beta,139,47,0,avnapsa,,,-24,-33,10,0,0.0,6.0,16.0,0.5925925925925926,1,0.0,0.0,0.2765957446808511,0.2765957446808511,0.723404255319149,0,,,,10,86.22197841726619,-3.4841366906474747,0.9805158538342618,0.7102153720545534,61.59
4pif_A,4pif,mainly_beta,139,47,0,avnapsa,,,-4,-6,10,10,1.0,0.0,4.0,0.6666666666666666,1,0.0,0.0,0.0851063829787234,0.0851063829787234,0.9148936170212766,0,,,,10,89.285035971223,-0.42107913669066477,0.990140178408148,0.46305205734560057,66.34
4pif_A,4pif,mainly_beta,139,47,0,mpnn_halo,halo,False,8,11,10,10,1.0,0.0,10.0,0.9090909090909091,10,4.866666666666666,0.20327505180362762,0.3617021276595745,0.2127659574468085,0.7872340425531915,3,0.006611455591535301,3.0,1.0,10,90.25478417266189,0.5486690647482249,0.990081294616532,0.4671826542830778,12.3
4pif_A,4pif,mainly_beta,139,47,0,mpnn_halo,halo,False,16,22,10,10,1.0,0.0,20.0,0.9090909090909091,10,5.288888888888889,0.23012512934470164,0.5531914893617021,0.425531914893617,0.574468085106383,3,0.058049161155144996,5.0,2.0,10,90.8942086330935,1.1880935251798377,0.9916896543763354,0.42981531723516875,23.56
4pif_A,4pif,mainly_beta,139,47,0,mpnn_halo,halo,False,24,33,10,10,1.0,0.0,29.0,0.8787878787878788,10,14.933333333333334,0.665370199022524,0.8297872340425532,0.6170212765957447,0.3829787234042553,0,,,,10,88.57877697841727,-1.127338129496401,0.9886947721375517,0.4890167182541498,30.16
4pif_A,4pif,mainly_beta,139,47,0,mpnn_halo,halo,False,4,6,10,10,1.0,0.0,5.0,0.8333333333333334,10,4.133333333333334,0.1738623673464995,0.23404255319148937,0.10638297872340426,0.8936170212765957,0,,,,10,89.85323741007198,0.14712230215831568,0.9909017233817433,0.44695932855690695,7.85
4pif_A,4pif,mainly_beta,139,47,0,mpnn_halo,halo,False,-8,-11,10,10,1.0,0.0,9.0,0.8181818181818182,9,3.088888888888889,0.1321858247104518,0.2765957446808511,0.19148936170212766,0.8085106382978723,3,-0.007508052566924035,-1.0,1.0,10,89.21133093525181,-0.49478417266185204,0.9915221807305625,0.42883767884078716,19.51
4pif_A,4pif,mainly_beta,139,47,0,mpnn_halo,halo,False,-16,-22,10,10,1.0,0.0,18.0,0.8181818181818182,10,10.355555555555556,0.45809723066931046,0.6808510638297872,0.3829787234042553,0.6170212765957447,3,0.03057062597188857,2.0,0.0,10,87.20093525179855,-2.505179856115106,0.984968181870661,0.5879799372106239,26.8
4pif_A,4pif,mainly_beta,139,47,0,mpnn_halo,halo,False,-24,-33,10,10,1.0,0.0,28.0,0.8484848484848485,10,19.177777777777777,0.8607602617201009,0.8723404255319149,0.5957446808510638,0.40425531914893614,0,,,,10,85.37111510791368,-4.334999999999972,0.9829064273234784,0.6201697832145125,34.66
4pif_A,4pif,mainly_beta,139,47,0,mpnn_halo,halo,False,-4,-6,10,10,1.0,0.0,5.0,0.8333333333333334,6,2.5555555555555554,0.11226847262933808,0.14893617021276595,0.10638297872340426,0.8936170212765957,0,,,,10,89.63514388489207,-0.07097122302157999,0.9917917312556277,0.4223377912045073,8.1
4pif_A,4pif,mainly_beta,139,47,0,mpnn_hyper,hyper,False,8,11,10,10,1.0,0.0,10.5,0.9545454545454546,10,6.888888888888889,0.3106402634718223,0.3404255319148936,0.22340425531914893,0.7765957446808511,3,-0.04106069020491409,1.0,1.0,10,90.19622302158277,0.49010791366909956,0.9915084896681845,0.4329567539212078,12.56
4pif_A,4pif,mainly_beta,139,47,0,mpnn_hyper,hyper,False,16,22,10,10,1.0,0.0,19.5,0.8863636363636364,10,14.71111111111111,0.6359142302597669,0.6595744680851063,0.4148936170212766,0.5851063829787234,3,0.01537125833995768,1.0,1.0,10,90.88197841726617,1.1758633093525077,0.9907682184417056,0.4583582345760704,24.49
4pif_A,4pif,mainly_beta,139,47,0,mpnn_hyper,hyper,False,24,33,10,10,1.0,0.0,29.0,0.8787878787878788,10,21.066666666666666,0.9275272054556225,0.8297872340425532,0.6170212765957447,0.3829787234042553,0,,,,10,88.74302158273385,-0.963093525179815,0.988332295105439,0.49265059032921954,55.95
4pif_A,4pif,mainly_beta,139,47,0,mpnn_hyper,hyper,False,4,6,10,10,1.0,0.0,6.0,1.0,10,5.022222222222222,0.23482163525838265,0.23404255319148937,0.1276595744680851,0.8723404255319149,0,,,,10,89.8834532374101,0.1773381294964267,0.9897834147651771,0.4741248161221577,9.01
4pif_A,4pif,mainly_beta,139,47,0,mpnn_hyper,hyper,False,-8,-11,10,10,1.0,0.0,9.0,0.8181818181818182,10,4.355555555555555,0.19946989703289295,0.3829787234042553,0.19148936170212766,0.8085106382978723,3,-0.02877357924017552,-2.0,1.0,10,89.16140287769784,-0.5447122302158292,0.989000520876489,0.4914606445289841,16.9
4pif_A,4pif,mainly_beta,139,47,0,mpnn_hyper,hyper,False,-16,-22,10,10,1.0,0.0,18.0,0.8181818181818182,10,12.688888888888888,0.5802935718553494,0.723404255319149,0.3829787234042553,0.6170212765957447,3,0.012041170409063546,-4.0,0.0,10,88.00730215827338,-1.6988129496402848,0.9855459690023498,0.5669792059147125,28.97
4pif_A,4pif,mainly_beta,139,47,0,mpnn_hyper,hyper,False,-24,-33,10,10,1.0,0.0,27.0,0.8181818181818182,10,20.844444444444445,0.9495793926398786,0.8723404255319149,0.574468085106383,0.425531914893617,0,,,,10,84.5535251798561,-5.152589928057566,0.9804532441149343,0.6715927657749237,46.81
4pif_A,4pif,mainly_beta,139,47,0,mpnn_hyper,hyper,False,-4,-6,10,10,1.0,0.0,5.0,0.8333333333333334,6,2.3777777777777778,0.09970449226487443,0.1702127659574468,0.10638297872340426,0.8936170212765957,0,,,,10,89.8047122302158,0.09859712230213802,0.9918430190877461,0.42161864253634895,8.75
4pif_A,4pif,mainly_beta,139,47,0,mpnn_soluble,soluble,False,8,11,10,10,1.0,0.0,11.0,1.0,10,5.044444444444444,0.21333687298065004,0.3829787234042553,0.23404255319148937,0.7659574468085106,3,-0.029612122830380023,-3.0,2.0,10,89.8873381294964,0.1812230215827384,0.9915741561672088,0.42929833337020196,5.88
4pif_A,4pif,mainly_beta,139,47,0,mpnn_soluble,soluble,False,16,22,10,10,1.0,0.0,20.0,0.9090909090909091,10,12.666666666666666,0.5672613477379808,0.6595744680851063,0.425531914893617,0.574468085106383,3,0.03814517510041408,-2.0,1.0,10,88.99640287769782,-0.7097122302158425,0.9890203784968095,0.4877986439837394,9.76
4pif_A,4pif,mainly_beta,139,47,0,mpnn_soluble,soluble,False,24,33,10,10,1.0,0.0,28.0,0.8484848484848485,10,15.933333333333334,0.709087060030966,0.7872340425531915,0.5957446808510638,0.40425531914893614,0,,,,10,88.02938848920863,-1.6767266187050396,0.9903713256497235,0.4435303356963526,17.58
4pif_A,4pif,mainly_beta,139,47,0,mpnn_soluble,soluble,False,4,6,10,10,1.0,0.0,6.0,1.0,10,5.266666666666667,0.23939783058806893,0.2978723404255319,0.1276595744680851,0.8723404255319149,0,,,,10,89.49201438848918,-0.21410071942447928,0.9895407216442308,0.48172393152272797,4.36
4pif_A,4pif,mainly_beta,139,47,0,mpnn_soluble,soluble,False,-8,-11,10,10,1.0,0.0,10.0,0.9090909090909091,10,9.466666666666667,0.40080461402721707,0.425531914893617,0.2127659574468085,0.7872340425531915,3,-0.014159133160451969,-3.0,1.0,10,88.47392086330936,-1.232194244604294,0.9874819639064649,0.5291751311522462,6.56
4pif_A,4pif,mainly_beta,139,47,0,mpnn_soluble,soluble,False,-16,-22,10,10,1.0,0.0,20.0,0.9090909090909091,9,3.7777777777777777,0.17691877417866808,0.48936170212765956,0.425531914893617,0.574468085106383,3,0.008257979539148225,-5.0,2.0,10,87.34007194244604,-2.366043165467616,0.9914338554060962,0.41675189784827216,8.8
4pif_A,4pif,mainly_beta,139,47,0,mpnn_soluble,soluble,False,-24,-33,10,10,1.0,0.0,28.0,0.8484848484848485,10,11.911111111111111,0.531950219197617,0.8085106382978723,0.5957446808510638,0.40425531914893614,0,,,,10,84.48100719424465,-5.225107913669014,0.9810880299911324,0.6636012219581032,16.9
4pif_A,4pif,mainly_beta,139,47,0,mpnn_soluble,soluble,False,-4,-6,10,10,1.0,0.0,6.0,1.0,10,7.644444444444445,0.32707788784357483,0.3829787234042553,0.1276595744680851,0.8723404255319149,0,,,,10,89.43719424460431,-0.2689208633093543,0.9906514512461967,0.4493206882621035,4.81
4pif_A,4pif,mainly_beta,139,47,0,mpnn_vanilla_weights,original,False,8,11,10,10,1.0,0.0,10.0,0.9090909090909091,10,7.444444444444445,0.33678021295708865,0.44680851063829785,0.2127659574468085,0.7872340425531915,3,0.002603929868956934,-1.0,0.0,10,88.94122302158277,-0.7648920863308888,0.99121675932173,0.43895056869524307,7.61
4pif_A,4pif,mainly_beta,139,47,0,mpnn_vanilla_weights,original,False,16,22,10,10,1.0,0.0,19.5,0.8863636363636364,10,12.866666666666667,0.5686999345116794,0.6170212765957447,0.4148936170212766,0.5851063829787234,3,0.03996534920310314,-2.0,0.0,10,89.04309352517988,-0.6630215827337764,0.9906881064707167,0.4547435585857179,18.98
4pif_A,4pif,mainly_beta,139,47,0,mpnn_vanilla_weights,original,False,24,33,10,10,1.0,0.0,28.5,0.8636363636363636,10,15.88888888888889,0.7011764148168014,0.7659574468085106,0.6063829787234043,0.3936170212765957,0,,,,10,88.09442446043164,-1.6116906474820212,0.9894471125125168,0.474309615658993,18.96
4pif_A,4pif,mainly_beta,139,47,0,mpnn_vanilla_weights,original,False,4,6,10,10,1.0,0.0,6.0,1.0,10,5.222222222222222,0.2247242200513887,0.2978723404255319,0.1276595744680851,0.8723404255319149,0,,,,10,90.0736690647482,0.3675539568345343,0.9904108135070702,0.4573125922390727,5.67
4pif_A,4pif,mainly_beta,139,47,0,mpnn_vanilla_weights,original,False,-8,-11,10,10,1.0,0.0,9.0,0.8181818181818182,10,6.111111111111111,0.2621706484694257,0.3617021276595745,0.19148936170212766,0.8085106382978723,3,-0.035129806808103806,-3.0,2.0,10,88.56424460431657,-1.141870503597083,0.9914228697717657,0.43195083400515094,7.55
4pif_A,4pif,mainly_beta,139,47,0,mpnn_vanilla_weights,original,False,-16,-22,10,10,1.0,0.0,19.0,0.8636363636363636,10,10.155555555555555,0.4366778182330984,0.574468085106383,0.40425531914893614,0.5957446808510638,3,0.017700021707289678,-2.0,1.0,10,87.23884892086333,-2.4672661870503276,0.9897041974014937,0.4711357986040885,19.06
4pif_A,4pif,mainly_beta,139,47,0,mpnn_vanilla_weights,original,False,-24,-33,10,10,1.0,0.0,28.0,0.8484848484848485,10,16.333333333333332,0.7091181031803142,0.851063829787234,0.5957446808510638,0.40425531914893614,0,,,,10,86.78949640287763,-2.9166187050360293,0.9877906497742859,0.5102718738079328,32.27
4pif_A,4pif,mainly_beta,139,47,0,mpnn_vanilla_weights,original,False,-4,-6,10,10,1.0,0.0,4.5,0.75,10,4.333333333333333,0.19587127022512657,0.2127659574468085,0.09574468085106383,0.9042553191489362,0,,,,10,89.86625899280577,0.16014388489210774,0.9909575897137686,0.4435073310159896,5.26
4pif_A,4pif,mainly_beta,139,47,0,random_control,,,8,11,10,10,1.0,0.0,10.0,0.9090909090909091,10,15.533333333333333,0.7230117848839474,0.7659574468085106,0.2127659574468085,0.7872340425531915,3,0.10835288000678477,1.0,1.0,10,88.66823741007195,-1.037877697841715,0.9874770322871741,0.5188204757679235,0.0004
4pif_A,4pif,mainly_beta,139,47,0,random_control,,,16,22,10,10,1.0,0.0,19.0,0.8636363636363636,10,24.31111111111111,1.1096537824729213,0.8297872340425532,0.40425531914893614,0.5957446808510638,3,0.17010532923682345,-1.0,2.0,10,86.97971223021584,-2.726402877697822,0.9834160876167517,0.6098442204035271,0.0004
4pif_A,4pif,mainly_beta,139,47,0,random_control,,,24,33,10,10,1.0,0.0,29.0,0.8787878787878788,10,25.6,1.1658680108693926,0.8297872340425532,0.6170212765957447,0.3829787234042553,0,,,,10,86.17971223021586,-3.526402877697805,0.9806653662801335,0.6677838971224046,0.0005
4pif_A,4pif,mainly_beta,139,47,0,random_control,,,4,6,10,10,1.0,0.0,5.5,0.9166666666666667,10,9.733333333333333,0.4698588896354373,0.6170212765957447,0.11702127659574468,0.8829787234042553,0,,,,10,89.02467625899288,-0.6814388489207772,0.9883896712220017,0.5089203337432116,0.0004
4pif_A,4pif,mainly_beta,139,47,0,random_control,,,-8,-11,10,10,1.0,0.0,9.0,0.8181818181818182,10,15.4,0.7281220627854759,0.7872340425531915,0.19148936170212766,0.8085106382978723,3,0.007198474924660482,1.0,2.0,10,87.8406115107914,-1.865503597122263,0.9849462741531045,0.5844626762349092,0.0004
4pif_A,4pif,mainly_beta,139,47,0,random_control,,,-16,-22,10,10,1.0,0.0,19.0,0.8636363636363636,10,24.377777777777776,1.1178380576039046,0.8723404255319149,0.40425531914893614,0.5957446808510638,3,0.17280997748925958,1.0,2.0,10,86.86834532374101,-2.8377697841726572,0.9814153818139393,0.6669404858020178,0.0004
4pif_A,4pif,mainly_beta,139,47,0,random_control,,,-24,-33,10,10,1.0,0.0,27.0,0.8181818181818182,10,27.377777777777776,1.239344811242191,0.8723404255319149,0.574468085106383,0.425531914893617,0,,,,10,84.06568345323743,-5.640431654676242,0.9755243480299974,0.7817414711692419,0.0006
4pif_A,4pif,mainly_beta,139,47,0,random_control,,,-4,-6,10,10,1.0,0.0,5.0,0.8333333333333334,10,9.044444444444444,0.4288787088710801,0.6808510638297872,0.10638297872340426,0.8936170212765957,0,,,,10,88.65910071942447,-1.0470143884891883,0.988346126250704,0.5034406747952257,0.0003
4pif_A,4pif,mainly_beta,139,47,0,rosetta,,True,8,11,10,3,0.3,0.7,9.5,0.8666666666666667,7,3.1777777777777776,0.13064934412093399,0.23404255319148937,0.1702127659574468,0.8297872340425532,3,-0.04137648469086941,2.0,2.0,10,89.78079136690647,0.0746762589928025,0.9918326201120236,0.42319501286225836,362.17
4pif_A,4pif,mainly_beta,139,47,0,rosetta,,True,16,22,10,2,0.2,1.0,19.0,0.9047619047619048,9,2.933333333333333,0.12447434421299648,0.40425531914893614,0.3404255319148936,0.6595744680851063,3,-0.0077462985304694205,4.0,0.0,10,89.06633093525181,-0.639784172661841,0.9850118914335202,0.6107710141977434,226.2
4pif_A,4pif,mainly_beta,139,47,0,rosetta,,True,24,33,10,0,0.0,10.3,20.0,0.9090909090909091,8,2.1555555555555554,0.09062187817985543,0.40425531914893614,0.3617021276595745,0.6382978723404256,0,,,,10,89.09888489208632,-0.607230215827343,0.9826861760788718,0.6744174678128114,182.93
4pif_A,4pif,mainly_beta,139,47,0,rosetta,,True,4,6,10,1,0.1,0.9,6.0,0.8571428571428571,5,1.7555555555555555,0.07066461887818389,0.14893617021276595,0.10638297872340426,0.8936170212765957,0,,,,10,89.6261151079137,-0.07999999999995566,0.9913181642528436,0.4357240886690076,338.23
4pif_A,4pif,mainly_beta,139,47,0,rosetta,,True,-8,-11,10,2,0.2,0.8,10.0,1.0,9,2.6444444444444444,0.10668331439609943,0.23404255319148937,0.19148936170212766,0.8085106382978723,3,-0.13230664608018577,1.0,3.0,10,90.4984532374101,0.7923381294964358,0.9915537706580361,0.4281958768904075,218.25
4pif_A,4pif,mainly_beta,139,47,0,rosetta,,True,-16,-22,10,0,0.0,10.3,11.0,1.0,6,2.022222222222222,0.0873143717412904,0.2553191489361702,0.2127659574468085,0.7872340425531915,3,-0.13721360531283866,1.0,1.0,10,90.49676258992804,0.7906474820143856,0.991836029004521,0.42081757697336913,159.09
4pif_A,4pif,mainly_beta,139,47,0,rosetta,,True,-24,-33,10,0,0.0,21.3,11.0,1.0,8,2.533333333333333,0.10684702282797001,0.2978723404255319,0.2127659574468085,0.7872340425531915,0,,,,10,90.44658273381293,0.7404676258992708,0.9918544704093302,0.42023845642062013,159.65
4pif_A,4pif,mainly_beta,139,47,0,rosetta,,True,-4,-6,10,1,0.1,0.9,5.0,1.0,3,0.5555555555555556,0.025338801882481776,0.10638297872340426,0.0851063829787234,0.9148936170212766,0,,,,10,90.35151079136695,0.6453956834532875,0.9918831166649258,0.4206584718724189,169.15
eGFP,eGFP,,231,96,-7,avnapsa,,,8,11,10,10,1.0,0.0,10.0,0.5555555555555556,1,0.0,0.0,0.10416666666666667,0.10416666666666667,0.8958333333333334,10,0.046424905048027224,0.0,-1.0,10,90.93450216450213,-1.169523809523831,0.9878212041490751,0.8333645550960753,156.48
eGFP,eGFP,,231,96,-7,avnapsa,,,4,2,10,0,0.0,1.0,6.0,0.6,2,1.1111111111111112,0.020833333333333332,0.07291666666666667,0.0625,0.9375,10,0.01641149152648503,3.0,0.0,10,92.37716450216446,0.2731385281384888,0.9977637740939447,0.27037900285548333,154.3
eGFP,eGFP,,231,96,-7,avnapsa,,,16,30,10,0,0.0,1.0,21.0,0.5526315789473685,1,0.0,0.0,0.19791666666666666,0.19791666666666666,0.8020833333333334,10,0.11188601324054737,-5.0,-1.0,10,62.57632034632036,-29.527705627705615,0.7997715178284075,2.446408678396838,161.05
eGFP,eGFP,,231,96,-7,avnapsa,,,24,48,10,10,1.0,0.0,31.0,0.5636363636363636,1,0.0,0.0,0.2708333333333333,0.2708333333333333,0.7291666666666666,10,0.22251300835129662,-13.0,-1.5,10,31.60928571428572,-60.494740259740254,0.3318594329055716,5.7416802949991155,168.18
eGFP,eGFP,,231,96,-7,avnapsa,,,-4,-16,10,0,0.0,1.0,6.0,0.6,1,0.0,0.0,0.0625,0.0625,0.9375,10,0.006669785971168348,-1.0,-1.0,10,92.41803030303032,0.31400432900434083,0.9979597574683637,0.25783439998263175,151.64
eGFP,eGFP,,231,96,-7,avnapsa,,,-8,-25,10,6,0.6,0.4,10.0,0.5555555555555556,2,0.5333333333333333,0.010114068692236132,0.10416666666666667,0.09375,0.90625,10,-0.0020252078161681975,0.0,-1.0,10,92.53958874458874,0.43556277056276826,0.9967500821323972,0.33748013562416523,149.68
eGFP,eGFP,,231,96,-7,avnapsa,,,-16,-44,10,0,0.0,1.0,21.0,0.5526315789473685,1,0.0,0.0,0.19791666666666666,0.19791666666666666,0.8020833333333334,10,0.07454317055181639,-3.5,-2.0,10,66.95445887445888,-25.149567099567086,0.8095366579259865,2.6899830998907293,158.89
eGFP,eGFP,,231,96,-7,avnapsa,,,-24,-62,10,9,0.9,0.1,33.0,0.6,2,0.2,0.004885370766555013,0.3125,0.3020833333333333,0.6979166666666666,10,0.15874671684036223,-9.0,-1.0,10,37.36307359307359,-54.740952380952386,0.27896630402557565,6.230302505903758,176.83
eGFP,eGFP,,231,96,-7,mpnn_halo,halo,False,8,11,10,10,1.0,0.0,14.0,0.7777777777777778,10,6.844444444444444,0.144570834661563,0.23958333333333334,0.14583333333333334,0.8541666666666666,10,0.004086715387447259,13.0,0.5,10,92.09491341991345,-0.009112554112519433,0.9938087692164399,0.5026525545358311,29.9
eGFP,eGFP,,231,96,-7,mpnn_halo,halo,False,4,2,10,10,1.0,0.0,7.0,0.7777777777777778,10,8.244444444444444,0.16850594510811243,0.19791666666666666,0.07291666666666667,0.9270833333333334,10,-0.0040236839848227755,7.5,-1.0,10,92.37577922077921,0.2717532467532351,0.9975615510326947,0.2823422263026081,19.11
eGFP,eGFP,,231,96,-7,mpnn_halo,halo,False,16,30,10,10,1.0,0.0,28.0,0.7567567567567568,10,12.466666666666667,0.2628664430832495,0.4270833333333333,0.2916666666666667,0.7083333333333334,10,0.096438708286476,14.0,-0.5,10,46.236515151515135,-45.86751082251084,0.4742434483409048,4.092173971326151,67.88
eGFP,eGFP,,231,96,-7,mpnn_halo,halo,False,24,48,10,10,1.0,0.0,41.0,0.7454545454545455,10,15.622222222222222,0.3486402092988756,0.5520833333333334,0.4270833333333333,0.5729166666666666,10,0.1921105709756281,13.0,-0.5,10,44.47586580086579,-47.62816017316018,0.44909889329877234,3.81271456005661,84.1
eGFP,eGFP,,231,96,-7,mpnn_halo,halo,False,-4,-16,10,10,1.0,0.0,6.0,0.6666666666666666,10,3.933333333333333,0.08501894910979539,0.10416666666666667,0.0625,0.9375,10,0.037244562717913515,0.5,-1.0,10,91.76261904761904,-0.3414069264069255,0.9912526790764951,0.6488682703828912,15.32
eGFP,eGFP,,231,96,-7,mpnn_halo,halo,False,-8,-25,10,10,1.0,0.0,14.0,0.7777777777777778,10,7.8,0.16997705645409125,0.2708333333333333,0.14583333333333334,0.8541666666666666,10,0.041479122920155514,-3.5,-2.0,10,91.00727272727275,-1.0967532467532166,0.9883538706274184,0.7710052618005105,40.08
eGFP,eGFP,,231,96,-7,mpnn_halo,halo,False,-16,-44,10,10,1.0,0.0,28.0,0.7567567567567568,10,20.68888888888889,0.4548041130344392,0.5416666666666666,0.2916666666666667,0.7083333333333334,10,0.10112977286677899,-7.0,-1.0,10,38.36168831168831,-53.74233766233766,0.40182739802475775,5.3602613840666145,78.28
eGFP,eGFP,,231,96,-7,mpnn_halo,halo,False,-24,-62,10,10,1.0,0.0,41.0,0.7454545454545455,10,31.555555555555557,0.6883741043976329,0.7291666666666666,0.4270833333333333,0.5729166666666666,10,0.22211296386422996,-8.5,-1.5,10,37.24952380952382,-54.85450216450215,0.33051805047726623,5.394315951709163,35.13
eGFP,eGFP,,231,96,-7,mpnn_hyper,hyper,False,8,11,10,10,1.0,0.0,14.5,0.8055555555555556,10,13.2,0.2898055953712619,0.28125,0.15104166666666669,0.8489583333333333,10,-0.009092869160938936,8.0,0.5,10,92.89564935064935,0.7916233766233773,0.9904154377519263,0.7466752448647453,29.03
eGFP,eGFP,,231,96,-7,mpnn_hyper,hyper,False,4,2,10,10,1.0,0.0,7.0,0.7777777777777778,10,9.955555555555556,0.21883470431783444,0.21875,0.07291666666666667,0.9270833333333334,10,-0.003055385962559767,4.5,-1.0,10,91.86757575757576,-0.23645021645021558,0.9915736408030457,0.6744294308979603,19.13
eGFP,eGFP,,231,96,-7,mpnn_hyper,hyper,False,16,30,10,10,1.0,0.0,28.0,0.7567567567567568,10,16.044444444444444,0.3463426480122825,0.40625,0.2916666666666667,0.7083333333333334,10,0.03578768610397971,8.0,-0.5,10,67.43393939393935,-24.67008658008662,0.8158075039642174,1.9869754436733418,65.31
eGFP,eGFP,,231,96,-7,mpnn_hyper,hyper,False,24,48,10,10,1.0,0.0,42.0,0.7636363636363637,10,27.622222222222224,0.5911742609204244,0.6354166666666666,0.4375,0.5625,10,0.141812800016636,5.5,1.0,10,48.13606060606061,-43.96796536796536,0.47902295315779864,3.9098246563303203,73.68
eGFP,eGFP,,231,96,-7,mpnn_hyper,hyper,False,-4,-16,10,10,1.0,0.0,6.0,0.6666666666666666,8,3.2222222222222223,0.06704146893668979,0.11458333333333333,0.0625,0.9375,10,0.02562386352779534,-4.0,-1.0,10,92.49852813852814,0.3945021645021711,0.996502289085145,0.3521180847007049,19.5
eGFP,eGFP,,231,96,-7,mpnn_hyper,hyper,False,-8,-25,10,10,1.0,0.0,14.0,0.7777777777777778,10,10.555555555555555,0.2354142516146295,0.34375,0.14583333333333334,0.8541666666666666,10,0.027447787353634432,-3.0,-1.0,10,91.10519480519483,-0.9988311688311455,0.9909372970869075,0.6594751806106849,30.46
eGFP,eGFP,,231,96,-7,mpnn_hyper,hyper,False,-16,-44,10,10,1.0,0.0,28.5,0.7702702702702703,10,25.88888888888889,0.5790639750547963,0.6875,0.296875,0.703125,10,0.10653999974833975,-5.0,-1.5,10,45.642337662337695,-46.46168831168828,0.541365453496656,4.064917708623716,67.27
eGFP,eGFP,,231,96,-7,mpnn_hyper,hyper,False,-24,-62,10,10,1.0,0.0,43.0,0.7818181818181819,10,38.62222222222222,0.8642316756672366,0.75,0.4479166666666667,0.5520833333333334,10,0.2781953007121003,-6.5,-2.0,10,40.26796536796536,-51.83606060606061,0.39731925816049907,4.801868398398087,73.15
eGFP,eGFP,,231,62,-7,mpnn_soluble_hbond_protected,soluble,True,8,11,10,10,1.0,0.0,16.0,0.8888888888888888,10,10.533333333333333,0.35223780004329325,0.41935483870967744,0.25806451612903225,0.7419354838709677,10,-0.03657976460148288,12.5,0.5,10,91.58047619047628,-0.5235497835496972,0.9931659360582644,0.5710333242391776,14.39
eGFP,eGFP,,231,62,-7,mpnn_soluble_hbond_protected,soluble,True,4,2,10,10,1.0,0.0,8.0,0.8888888888888888,10,9.088888888888889,0.3134172983094172,0.3548387096774194,0.12903225806451613,0.8709677419354839,10,-0.01179252651999509,9.5,0.0,10,91.85796536796535,-0.24606060606062385,0.9956277816558734,0.3905193631865971,9.57
eGFP,eGFP,,231,62,-7,mpnn_soluble_hbond_protected,soluble,True,16,30,10,10,1.0,0.0,29.5,0.7972972972972974,10,17.555555555555557,0.5923598994702041,0.6451612903225806,0.47580645161290325,0.5241935483870968,10,0.02032446558629873,14.5,0.0,10,73.20569264069266,-18.89833333333332,0.8731491688276658,2.011480639265613,30.88
eGFP,eGFP,,231,62,-7,mpnn_soluble_hbond_protected,soluble,True,24,48,10,10,1.0,0.0,44.5,0.8090909090909091,10,24.91111111111111,0.8133389783694552,0.8225806451612904,0.717741935483871,0.282258064516129,10,0.1728403750250999,16.5,0.0,10,47.276493506493516,-44.82753246753246,0.4506750136813347,5.111066472608763,55.73
eGFP,eGFP,,231,62,-7,mpnn_soluble_hbond_protected,soluble,True,-4,-16,10,10,1.0,0.0,8.0,0.8888888888888888,10,9.177777777777777,0.2878813403710507,0.3548387096774194,0.12903225806451613,0.8709677419354839,10,-0.011837989543762847,4.0,-1.0,10,91.86274891774892,-0.24127705627704898,0.9921286012737599,0.6391566298510538,9.47
eGFP,eGFP,,231,62,-7,mpnn_soluble_hbond_protected,soluble,True,-8,-25,10,10,1.0,0.0,15.0,0.8333333333333334,10,8.666666666666666,0.2800962933636936,0.43548387096774194,0.24193548387096775,0.7580645161290323,10,-0.018136959027705547,4.5,-0.5,10,90.69841991341995,-1.4056060606060186,0.9884863120863254,0.7903776985872266,13.81
eGFP,eGFP,,231,62,-7,mpnn_soluble_hbond_protected,soluble,True,-16,-44,10,10,1.0,0.0,30.0,0.8108108108108109,10,15.777777777777779,0.5224596097828866,0.7580645161290323,0.4838709677419355,0.5161290322580645,10,0.038628609057727685,6.0,-1.0,10,42.35132034632036,-49.752705627705616,0.35110799175150686,4.607277979623313,26.63
eGFP,eGFP,,231,62,-7,mpnn_soluble_hbond_protected,soluble,True,-24,-62,10,10,1.0,0.0,45.0,0.8181818181818182,10,19.8,0.6790752462847826,0.8225806451612904,0.7258064516129032,0.27419354838709675,10,0.23334468230179115,4.5,-1.0,10,44.661536796536794,-47.44248917748918,0.308319912936131,4.7936091314869635,43.75
eGFP,eGFP,,231,96,-7,mpnn_soluble,soluble,False,8,11,10,10,1.0,0.0,15.0,0.8333333333333334,10,12.066666666666666,0.2602470996940686,0.3541666666666667,0.15625,0.84375,10,0.0042599549675480484,5.0,0.0,10,91.97240259740258,-0.13162337662339496,0.9967469046498278,0.3270718805064377,14.3
eGFP,eGFP,,231,96,-7,mpnn_soluble,soluble,False,4,2,10,10,1.0,0.0,8.0,0.8888888888888888,10,8.733333333333333,0.19530850200077698,0.23958333333333334,0.08333333333333333,0.9166666666666666,10,0.013034748518863692,5.0,0.0,10,92.02060606060607,-0.08341991341990251,0.9978360192168185,0.2672462929498685,9.53
eGFP,eGFP,,231,96,-7,mpnn_soluble,soluble,False,16,30,10,10,1.0,0.0,29.0,0.7837837837837838,10,18.11111111111111,0.3878439305096679,0.46875,0.3020833333333333,0.6979166666666666,10,0.015605084395807418,6.5,0.5,10,83.96560606060612,-8.138419913419845,0.9532687291816012,1.5041496197806412,30.84
eGFP,eGFP,,231,96,-7,mpnn_soluble,soluble,False,24,48,10,10,1.0,0.0,42.0,0.7636363636363637,10,28.333333333333332,0.6152224212163425,0.625,0.4375,0.5625,10,0.11689410720587723,5.5,-0.5,10,43.86244588744587,-48.2415800865801,0.4680290718222083,4.761557897736369,35.92
eGFP,eGFP,,231,96,-7,mpnn_soluble,soluble,False,-4,-16,10,10,1.0,0.0,7.0,0.7777777777777778,10,9.88888888888889,0.2033394093171522,0.2604166666666667,0.07291666666666667,0.9270833333333334,10,0.011146362808904874,1.5,-1.5,10,91.40149350649355,-0.7025324675324214,0.9936702086003284,0.5209143786023631,9.08
eGFP,eGFP,,231,96,-7,mpnn_soluble,soluble,False,-8,-25,10,10,1.0,0.0,14.0,0.7777777777777778,10,12.022222222222222,0.246362588635614,0.3020833333333333,0.14583333333333334,0.8541666666666666,10,0.027034123230407166,0.0,-1.0,10,89.59772727272727,-2.5062987012987037,0.9865324659262007,0.8439514437225812,13.67
eGFP,eGFP,,231,96,-7,mpnn_soluble,soluble,False,-16,-44,10,10,1.0,0.0,27.0,0.7297297297297297,10,10.155555555555555,0.21782099974281807,0.40625,0.28125,0.71875,10,0.023856928857209872,-5.0,-2.0,10,40.30034632034631,-51.803679653679666,0.33912480928988953,5.12101297319219,22.15
eGFP,eGFP,,231,96,-7,mpnn_soluble,soluble,False,-24,-62,10,10,1.0,0.0,40.0,0.7272727272727273,10,17.08888888888889,0.3797355574005566,0.6666666666666666,0.4166666666666667,0.5833333333333334,10,0.12444415422550874,-8.0,-1.0,10,43.00080086580086,-49.10322510822511,0.3012401720826544,5.239304071989634,33.2
eGFP,eGFP,,231,96,-7,mpnn_vanilla_weights,original,False,8,11,10,10,1.0,0.0,14.0,0.7777777777777778,10,13.222222222222221,0.2982233009568143,0.3645833333333333,0.14583333333333334,0.8541666666666666,10,-0.01775473642944532,6.0,0.5,10,92.51346320346317,0.4094372294372093,0.9944262363622525,0.5194746190551156,18.38
eGFP,eGFP,,231,96,-7,mpnn_vanilla_weights,original,False,4,2,10,10,1.0,0.0,7.5,0.8333333333333333,10,9.577777777777778,0.20996398404131109,0.22916666666666666,0.078125,0.921875,10,-0.02384110059079221,5.5,-1.0,10,92.34621212121212,0.24218614718613907,0.9980532175862251,0.2515962302443608,12.07
eGFP,eGFP,,231,96,-7,mpnn_vanilla_weights,original,False,16,30,10,10,1.0,0.0,28.5,0.7702702702702703,10,18.711111111111112,0.4045573868648473,0.4791666666666667,0.296875,0.703125,10,0.02097947982381046,7.5,1.0,10,69.63664502164501,-22.467380952380964,0.8553016509518145,1.9048637344647195,29.03
eGFP,eGFP,,231,96,-7,mpnn_vanilla_weights,original,False,24,48,10,10,1.0,0.0,42.0,0.7636363636363637,10,26.31111111111111,0.5711986826634966,0.625,0.4375,0.5625,10,0.1147759638554271,5.5,1.0,10,42.573181818181816,-49.53084415584416,0.4157472006663485,4.925431226626881,64.61
eGFP,eGFP,,231,96,-7,mpnn_vanilla_weights,original,False,-4,-16,10,10,1.0,0.0,6.0,0.6666666666666666,10,6.511111111111111,0.14121290534748415,0.17708333333333334,0.0625,0.9375,10,0.021503491009816394,1.5,-1.5,10,92.28854978354977,0.18452380952378888,0.9955782570478319,0.38672030294839715,10.69
eGFP,eGFP,,231,96,-7,mpnn_vanilla_weights,original,False,-8,-25,10,10,1.0,0.0,13.0,0.7222222222222222,10,8.2,0.18390749741369639,0.23958333333333334,0.13541666666666666,0.8645833333333334,10,0.04124435179439488,-3.0,0.0,10,91.09270562770564,-1.011320346320332,0.9917223590681334,0.6035076464140413,18.73
eGFP,eGFP,,231,96,-7,mpnn_vanilla_weights,original,False,-16,-44,10,10,1.0,0.0,27.0,0.7297297297297297,10,18.377777777777776,0.4109449445849415,0.46875,0.28125,0.71875,10,0.06920265726287778,0.0,-2.0,10,46.78510822510822,-45.318917748917755,0.5673740261758207,4.490537158093012,30.06
eGFP,eGFP,,231,96,-7,mpnn_vanilla_weights,original,False,-24,-62,10,10,1.0,0.0,40.5,0.7363636363636363,10,24.57777777777778,0.523445906909688,0.625,0.421875,0.578125,10,0.1766836121035377,-5.0,-1.0,10,43.529999999999994,-48.57402597402598,0.2591310741481313,5.63255738550522,53.45
eGFP,eGFP,,231,96,-7,random_control,,,8,11,10,10,1.0,0.0,13.0,0.7222222222222222,10,22.666666666666668,0.5287574956804947,0.6666666666666666,0.13541666666666666,0.8645833333333334,10,0.06600027614944509,3.0,1.0,10,90.55322510822515,-1.5508008658008308,0.9868200833164991,0.8102885954666424,0.0006
eGFP,eGFP,,231,96,-7,random_control,,,4,2,10,10,1.0,0.0,7.0,0.7777777777777778,10,12.533333333333333,0.2946883909776369,0.4375,0.07291666666666667,0.9270833333333334,10,0.027247874599631853,6.0,-1.0,10,91.9645670995671,-0.1394588744588674,0.9963906663931705,0.34586166432927345,0.0005
eGFP,eGFP,,231,96,-7,random_control,,,16,30,10,10,1.0,0.0,28.0,0.7567567567567568,10,40.37777777777778,0.9173119633123066,0.78125,0.2916666666666667,0.7083333333333334,10,0.11194192431835773,4.5,1.0,10,55.133290043290025,-36.97073593073595,0.651674028956392,3.1523970539334445,0.0006
eGFP,eGFP,,231,96,-7,random_control,,,24,48,10,10,1.0,0.0,42.5,0.7727272727272727,10,49.48888888888889,1.1092383295317254,0.78125,0.44270833333333337,0.5572916666666667,10,0.21655789612695292,5.0,0.5,10,44.36426406926406,-47.73976190476191,0.5199301480018755,4.376368919977844,0.0007
eGFP,eGFP,,231,96,-7,random_control,,,-4,-16,10,10,1.0,0.0,7.0,0.7777777777777778,10,12.577777777777778,0.29937067864212374,0.46875,0.07291666666666667,0.9270833333333334,10,0.045548234595952725,2.0,-0.5,10,91.32883116883117,-0.7751948051948006,0.9907105419242571,0.6868074644127912,0.0005
eGFP,eGFP,,231,96,-7,random_control,,,-8,-25,10,10,1.0,0.0,14.0,0.7777777777777778,10,24.4,0.5643467326630788,0.6979166666666666,0.14583333333333334,0.8541666666666666,10,0.09887573336324235,1.5,-1.0,10,82.60545454545456,-9.49857142857141,0.9472215497738803,1.7256486952446175,0.0005
eGFP,eGFP,,231,96,-7,random_control,,,-16,-44,10,10,1.0,0.0,29.0,0.7837837837837838,10,40.37777777777778,0.9094105089837056,0.7604166666666666,0.3020833333333333,0.6979166666666666,10,0.21919706775619496,0.5,-1.0,10,38.884069264069254,-53.21995670995672,0.40070038193291113,5.043173913439899,0.0006
eGFP,eGFP,,231,96,-7,random_control,,,-24,-62,10,10,1.0,0.0,43.5,0.790909090909091,10,48.044444444444444,1.0740274323040901,0.7604166666666666,0.453125,0.546875,10,0.3097083874990757,0.5,-0.5,10,43.48755411255411,-48.616471861471865,0.39722884414428483,4.838087443571842,0.0008
eGFP,eGFP,,231,96,-7,rosetta_hbond_off,,False,8,11,10,6,0.6,0.4,13.0,0.7222222222222222,8,3.2444444444444445,0.0637359784622745,0.14583333333333334,0.125,0.875,10,-0.055525420939551616,8.0,1.5,10,92.51549783549784,0.4114718614718669,0.9980160917491196,0.2546697237177945,651.19
eGFP,eGFP,,231,96,-7,rosetta_hbond_off,,False,4,2,10,1,0.1,0.9,7.0,0.7,5,1.5777777777777777,0.03399102371024979,0.08333333333333333,0.0625,0.9375,10,-0.05258499672201569,2.5,-1.0,10,92.45844155844159,0.3544155844156194,0.9982156409178613,0.24108001095568055,635.39
eGFP,eGFP,,231,96,-7,rosetta_hbond_off,,False,16,30,10,6,0.6,0.4,26.0,0.7027027027027027,10,6.4,0.13211745239260325,0.3020833333333333,0.2604166666666667,0.7395833333333334,10,-0.034781813397973795,8.0,0.5,10,91.31489177489178,-0.7891341991341889,0.9964193742569514,0.355852350021642,576.9
eGFP,eGFP,,231,96,-7,rosetta_hbond_off,,False,24,48,10,6,0.6,0.4,38.0,0.6909090909090909,10,4.8,0.1003263004186226,0.4166666666666667,0.375,0.625,10,0.029220339172181434,3.5,0.0,10,35.41779220779218,-56.68623376623379,0.27812366675848954,5.054888097296202,481.03
eGFP,eGFP,,231,96,-7,rosetta_hbond_off,,False,-4,-16,10,1,0.1,0.9,6.0,0.75,3,0.7333333333333333,0.014999439458791142,0.07291666666666667,0.0625,0.9375,10,-0.04039920227651646,2.0,0.0,10,91.49941558441557,-0.6046103896103929,0.9897011830999887,0.7765691146037024,371.75
eGFP,eGFP,,231,96,-7,rosetta_hbond_off,,False,-8,-25,10,4,0.4,0.6,13.0,0.7222222222222222,5,1.5777777777777777,0.032002235288618085,0.15625,0.13541666666666666,0.8645833333333334,10,-0.06483573928262923,-2.5,0.0,10,92.46593073593073,0.3619047619047464,0.9879854645913185,0.7663178585159758,361.59
eGFP,eGFP,,231,96,-7,rosetta_hbond_off,,False,-16,-44,10,0,0.0,11.6,18.0,0.72,9,3.688888888888889,0.0741185392694723,0.22916666666666666,0.1875,0.8125,10,-0.06205509453083903,-2.0,-0.5,10,90.6680735930736,-1.4359523809523722,0.9866354986855468,0.875911559459347,410.46
eGFP,eGFP,,231,96,-7,rosetta_hbond_off,,False,-24,-62,10,0,0.0,30.2,18.5,0.7453703703703703,10,3.311111111111111,0.06617497886883288,0.22916666666666666,0.1875,0.8125,10,-0.07245879079081566,0.0,0.0,10,91.28612554112554,-0.81790043290043,0.9905221421224406,0.6554743401147829,411.4
eGFP,eGFP,,231,96,-7,rosetta,,True,8,11,10,1,0.1,1.1,13.5,0.7368421052631579,9,4.044444444444444,0.07964983516958395,0.16666666666666666,0.13020833333333331,0.8697916666666667,10,-0.057894212442129105,6.5,0.0,10,92.15790043290045,0.053874458874467734,0.9975297649266639,0.28507258706735206,979.22
eGFP,eGFP,,231,96,-7,rosetta,,True,4,2,10,3,0.3,0.7,7.0,0.7777777777777778,7,2.6,0.053843956111432244,0.09375,0.0625,0.9375,10,-0.05434111542993086,5.0,0.0,10,92.42967532467534,0.3256493506493783,0.9982190187349514,0.2405666033657469,707.13
eGFP,eGFP,,231,96,-7,rosetta,,True,16,30,10,2,0.2,0.8,26.0,0.7066145092460883,10,5.266666666666667,0.10847905137413966,0.2916666666666667,0.25,0.75,10,-0.03931186619649464,12.0,0.0,10,90.8169047619048,-1.2871212121211784,0.9939956242898147,0.5289228648932689,484.84
eGFP,eGFP,,231,96,-7,rosetta,,True,24,48,10,0,0.0,13.9,30.0,0.725,10,6.5777777777777775,0.13691981594495214,0.3333333333333333,0.28125,0.71875,10,-0.029240955085317162,10.0,0.0,10,88.9553896103896,-3.1486363636363706,0.9821733857172712,0.992035519046203,436.09
eGFP,eGFP,,231,96,-7,rosetta,,True,-4,-16,10,0,0.0,1.0,6.0,0.75,2,0.2,0.004885370766555013,0.0625,0.0625,0.9375,10,-0.04370369301701254,2.0,-1.0,10,91.75928571428572,-0.3447402597402487,0.9887613674651976,0.7715152320860267,488.02
eGFP,eGFP,,231,96,-7,rosetta,,True,-8,-25,10,1,0.1,0.9,12.5,0.7140522875816994,5,2.1555555555555554,0.04075887274337506,0.15625,0.13020833333333331,0.8697916666666667,10,-0.04699810906818001,0.5,-2.0,10,91.71387445887447,-0.39015151515149427,0.9866587624157499,0.8906162978538301,495.05
eGFP,eGFP,,231,96,-7,rosetta,,True,-16,-44,10,0,0.0,14.5,16.0,0.7171428571428571,8,2.3777777777777778,0.04992441832762401,0.19791666666666666,0.16666666666666666,0.8333333333333334,10,-0.04376477793884328,2.0,-1.0,10,92.12246753246754,0.01844155844156603,0.9845598730896263,0.8116353001848327,392.45
eGFP,eGFP,,231,96,-7,rosetta,,True,-24,-62,10,0,0.0,31.7,16.5,0.72,8,2.0444444444444443,0.04118234882227114,0.1875,0.171875,0.828125,10,-0.0501550745758929,2.5,-0.5,10,91.5780086580086,-0.5260173160173736,0.9894985625906236,0.6915178252508629,386.9
